{"type": "FeatureCollection", "name": "hauteur_eau_classes_quintfonsegrives_TEST", "features": [{"type": "Feature", "properties": {"classe": 1, "classeLabel": "0 - 0.5 m", "classeColor": "#c6dbef"}, "geometry": {"type": "MultiPolygon", "coordinates": [[[[1.511716995204171, 43.576104012309855], [1.512758710125802, 43.57602829265814], [1.512462676165105, 43.57598824174464], [1.512909057843886, 43.575958358880875], [1.512811933716897, 43.57588503618699], [1.512888039644809, 43.57581408572231], [1.513133646644991, 43.57588944140248], [1.51331479850196, 43.575585952705495], [1.513413786586123, 43.57558730779934], [1.513460484989887, 43.57569593601773], [1.51356320053679, 43.575553356703374], [1.513662188570611, 43.575554711570746], [1.513832156878093, 43.575683024870415], [1.513409592982522, 43.57574923385835], [1.513329293938069, 43.575982110767455], [1.513403535513332, 43.57598312708665], [1.51345675745344, 43.57583987030402], [1.513651473333249, 43.57596852266156], [1.514097388496568, 43.575956626703096], [1.514074038563983, 43.57590231272244], [1.514198705796617, 43.57586802213015], [1.514494274729834, 43.575926060100564], [1.514639964340536, 43.57603604185669], [1.514739884317434, 43.57600141215433], [1.514761838312419, 43.57610970138152], [1.514787982151945, 43.57605606444758], [1.515182541685634, 43.57611545430419], [1.515225055336586, 43.57638600800281], [1.515693859805058, 43.57644641103923], [1.516103402889993, 43.57688396375491], [1.516444754100861, 43.57708660724982], [1.517332417807731, 43.577224716923766], [1.517165225858994, 43.57698845805868], [1.516401769154569, 43.57683404570847], [1.51596747676612, 43.57639615595533], [1.5154248956822, 43.576316747413564], [1.515327767735602, 43.576243426951216], [1.51528478833478, 43.575990865115934], [1.514939723909582, 43.57593215247631], [1.514941585824068, 43.57586018530133], [1.515140493850978, 43.57582690884601], [1.515092861302783, 43.575754264924875], [1.5148962809582, 43.575697582333135], [1.514916838675948, 43.57585984688437], [1.514717464856727, 43.5759111147237], [1.514672626146897, 43.57573051986564], [1.51464508563681, 43.575838132133924], [1.51437566107849, 43.57572645775505], [1.514453627380769, 43.575583539049724], [1.514577362515088, 43.57558523160547], [1.514603040706651, 43.575549586523344], [1.514131450336032, 43.575597129531474], [1.514110429197197, 43.57545285664575], [1.514035256777637, 43.575487824379195], [1.513715875326637, 43.575393462921745], [1.513645361552284, 43.57524851256867], [1.513541249015562, 43.5754450672758], [1.513421707772824, 43.57528144751493], [1.513188733277584, 43.57567421762585], [1.513194325567103, 43.57545831624048], [1.513046775921211, 43.575420299706266], [1.512945923734067, 43.5754909113968], [1.512868886055712, 43.575597845447895], [1.513014571719528, 43.57570782935916], [1.512988426381674, 43.57576146585324], [1.512965077577668, 43.57570715164154], [1.512815196729506, 43.57575909370111], [1.512692859818325, 43.575703423791516], [1.512786720417047, 43.57590268906926], [1.512617220001702, 43.57575638233181], [1.512538782661486, 43.5759172915196], [1.512068586698794, 43.575910850230926], [1.511918238081282, 43.57598078284241], [1.511822981005087, 43.575835492141145], [1.511794968638039, 43.57596109547558], [1.511646485604116, 43.57595906058737], [1.511619405832705, 43.57604868032386], [1.51136960075308, 43.57613524723479], [1.511667034229794, 43.57612132578315], [1.511467656600397, 43.576172587666164], [1.511690848473542, 43.57615764850634], [1.511760425472283, 43.57633858379085], [1.511716995204171, 43.576104012309855]], [[1.516868254107006, 43.576984402759884], [1.516893931501945, 43.57694875710145], [1.51691774939609, 43.5769850786994], [1.516868254107006, 43.576984402759884]], [[1.512663450843661, 43.5758830026892], [1.512613490347069, 43.575900316595195], [1.512613956554921, 43.5758823248115], [1.512663450843661, 43.5758830026892]], [[1.513804148981361, 43.57580862870969], [1.513852711582847, 43.57584528962143], [1.513802751477756, 43.57586260407403], [1.513804148981361, 43.57580862870969]], [[1.513705160506361, 43.57580727397145], [1.513654734508799, 43.57584258014315], [1.513655666270613, 43.575806596568476], [1.513705160506361, 43.57580727397145]], [[1.514473252558731, 43.57578178725204], [1.514423292696063, 43.57579910198934], [1.514423758335895, 43.575781110199145], [1.514473252558731, 43.57578178725204]], [[1.514276672731693, 43.57572510353778], [1.514226247157793, 43.57576040997281], [1.514227178560047, 43.57572442639529], [1.514276672731693, 43.57572510353778]], [[1.514325701234539, 43.57574377244678], [1.51430048846222, 43.57576142567874], [1.514300954140233, 43.57574343388953], [1.514325701234539, 43.57574377244678]], [[1.513857369759994, 43.575665371748144], [1.514006783651498, 43.57563142004009], [1.514006317882199, 43.57564941182663], [1.513857369759994, 43.575665371748144]], [[1.514106237568383, 43.57561478271652], [1.514031530695783, 43.57563175866436], [1.514031996457036, 43.57561376687792], [1.514106237568383, 43.57561478271652]], [[1.513513706521632, 43.57555267923583], [1.513489425445144, 43.575534348710505], [1.513514638367139, 43.57551669566963], [1.513513706521632, 43.57555267923583]], [[1.513516036133208, 43.57546272032201], [1.513490357305572, 43.575498365144966], [1.513491289164832, 43.575462381580316], [1.513516036133208, 43.57546272032201]]], [[[1.510968977605788, 43.576309736671384], [1.510742984167468, 43.57643262504002], [1.511112794706043, 43.57649169032286], [1.510941429875199, 43.57641734804376], [1.510968977605788, 43.576309736671384]]], [[[1.513160771199031, 43.576753725034855], [1.513145810686159, 43.57637555852972], [1.513096782027445, 43.57635688907987], [1.513100976557766, 43.57619496296447], [1.51305194806787, 43.57617629349673], [1.513126655938767, 43.576159318216284], [1.51312852013352, 43.576087351061034], [1.513028132955199, 43.57613997107152], [1.513030929429899, 43.576032020343966], [1.512882446168736, 43.57602998714538], [1.512778795761478, 43.576208549439535], [1.512927279480819, 43.576210582780085], [1.512924948916295, 43.576300541728116], [1.513001987433203, 43.576193607584976], [1.513075763210678, 43.57621261591766], [1.513046355172946, 43.57639219498263], [1.513118267004537, 43.57648317045909], [1.513086062564675, 43.576770700345804], [1.512939441842532, 43.57669670003901], [1.512912363741648, 43.57678632014381], [1.513454013883221, 43.57690172486261], [1.513160771199031, 43.576753725034855]]], [[[1.511805255495625, 43.57651917992747], [1.511680585419306, 43.57655346778798], [1.51153443361462, 43.57646147380875], [1.511261745735153, 43.57647573415612], [1.511309374033953, 43.576548379793834], [1.511728680803817, 43.57660812145698], [1.511805255495625, 43.57651917992747]]], [[[1.513961136872569, 43.57739461618169], [1.51317946023396, 43.57698795723141], [1.51302957623576, 43.57703989963307], [1.512709721616579, 43.57696352691386], [1.512860071843714, 43.57689359315891], [1.512266596297225, 43.57686746641279], [1.511011004826675, 43.57659828384105], [1.510687420820091, 43.57666583947466], [1.510232627192349, 43.577019565362875], [1.510381579835756, 43.57700361039733], [1.510559014890565, 43.5768440603428], [1.510682285805921, 43.57686374912449], [1.510659405563314, 43.576791442588714], [1.510810224617255, 43.57670351989415], [1.511007737808224, 43.57672422634619], [1.511083380384839, 43.57667126889115], [1.511674987330071, 43.576769369259864], [1.511894916388495, 43.57688037221327], [1.512192353598421, 43.576866449315794], [1.512363255094942, 43.57695878144031], [1.512832061229469, 43.57701919685328], [1.513935457457134, 43.57743026115781], [1.514154461941632, 43.57757724320729], [1.513961136872569, 43.57739461618169]], [[1.510983923761663, 43.576687903458925], [1.51095964301281, 43.576669572353566], [1.51098439048663, 43.576669911672354], [1.510983923761663, 43.576687903458925]]], [[[1.50978717007518, 43.57701345367708], [1.509438367433504, 43.577098657803674], [1.509484125145306, 43.577243271419334], [1.509809582211245, 43.57710375219446], [1.50978717007518, 43.57701345367708]], [[1.509511208813704, 43.57715365214084], [1.509462647878063, 43.57711698925458], [1.509512143194048, 43.57711766856895], [1.509511208813704, 43.57715365214084]]], [[[1.514553221802637, 43.57747470911263], [1.513748189802837, 43.57701374030815], [1.513454013883221, 43.57690172486261], [1.514305743397427, 43.57747132380067], [1.514553221802637, 43.57747470911263]], [[1.51420861492677, 43.57739800227865], [1.514233828446126, 43.57738034904794], [1.514233362733796, 43.577398340857336], [1.51420861492677, 43.57739800227865]], [[1.514356636099448, 43.57741802547633], [1.51433142260131, 43.577435678736016], [1.514307140467263, 43.5774173483695], [1.514356636099448, 43.57741802547633]]], [[[1.509601790593655, 43.57747886289789], [1.509772689746611, 43.57757119913791], [1.509751211721896, 43.57744491700144], [1.509875884886543, 43.57741063133433], [1.509853005441679, 43.57733832460121], [1.509601790593655, 43.57747886289789]]], [[[1.517093884370527, 43.577833397864175], [1.515214897964857, 43.577735732067524], [1.514627465329891, 43.57747572459624], [1.514553221802637, 43.57747470911263], [1.515238249722602, 43.57779004587215], [1.517018245807574, 43.57788635954787], [1.517267120458732, 43.577835763195345], [1.517245161077736, 43.57772747434462], [1.517093884370527, 43.577833397864175]], [[1.517194270783254, 43.577780774033876], [1.517218553992906, 43.57779910375957], [1.517193805995521, 43.57779876586098], [1.517194270783254, 43.577780774033876]]], [[[1.517308250944891, 43.57816029189713], [1.520625897310089, 43.578151541037776], [1.520974226135307, 43.578084292768416], [1.521567254801247, 43.57812836380634], [1.521965078659791, 43.57806178615907], [1.522930719280755, 43.57805692577429], [1.523151600881752, 43.57813192232006], [1.523152989650356, 43.57807794675064], [1.523080596974308, 43.578004969672826], [1.523078745193854, 43.578076937094295], [1.522857400885144, 43.57801993225727], [1.52228819406716, 43.578012188712904], [1.51971160724205, 43.57808508823151], [1.519689643154459, 43.5779767998563], [1.519565902714747, 43.57797511312197], [1.5195126940407, 43.57811837311053], [1.518448988314124, 43.57808586901694], [1.517308250944891, 43.57816029189713]]], [[[1.515752374532539, 43.57801305178397], [1.516369681508003, 43.57807548124962], [1.516444855894078, 43.57804051183754], [1.515752374532539, 43.57801305178397]]], [[[1.507279189951947, 43.57825688315213], [1.508504004373515, 43.5778057576365], [1.508482529051911, 43.57767947522857], [1.508454976002998, 43.577787086072746], [1.508056670733448, 43.57787160601145], [1.507880160965407, 43.577995168512096], [1.507756888581624, 43.577975476534625], [1.507279189951947, 43.57825688315213]]], [[[1.508163108713651, 43.578539002219735], [1.508290123123784, 43.57841475936324], [1.5081915978995, 43.578395407800876], [1.50804030272756, 43.57850131875912], [1.508163108713651, 43.578539002219735]], [[1.50814069860715, 43.57844870327253], [1.508189727440516, 43.57846737498674], [1.508140230976456, 43.57846669506911], [1.50814069860715, 43.57844870327253]]], [[[1.510289125133654, 43.579612082534325], [1.510598253271043, 43.58010227450087], [1.51046423395579, 43.579542491439454], [1.510655220868947, 43.57981508408078], [1.510638408641257, 43.57950888370616], [1.511157664624558, 43.579534001590744], [1.511184280076274, 43.57946237357438], [1.511331838878283, 43.57950039274566], [1.511531694763063, 43.57943113916993], [1.511555043725546, 43.57948545383036], [1.511852028040362, 43.57948952366375], [1.511947757700619, 43.57961682288104], [1.511952422154384, 43.579436904617786], [1.511803930124268, 43.57943486993992], [1.511831011204992, 43.5793452499465], [1.511585391129015, 43.579269891139546], [1.511614338664261, 43.579108303930504], [1.510994692050536, 43.57913580647711], [1.511368253262836, 43.57905093646374], [1.511319689536168, 43.57901427435945], [1.511468647053262, 43.57899831788097], [1.511470513418827, 43.57892635061216], [1.511297274278771, 43.57892397603379], [1.511195480429028, 43.57903056990508], [1.510872816488035, 43.57906214257023], [1.510771488416981, 43.579150744237275], [1.510425475774807, 43.579128000758736], [1.510185929401397, 43.57881874523735], [1.509953858613217, 43.57822162040267], [1.509901092801487, 43.57834688390301], [1.509588709866646, 43.57798263312286], [1.509561625928131, 43.578072252472325], [1.509896889087813, 43.57850881013695], [1.510152307947398, 43.57916025016221], [1.509725509950085, 43.579388371319325], [1.509515373461211, 43.57985344155434], [1.509694688346899, 43.57962192532586], [1.509944511125253, 43.57953536205742], [1.509896414986885, 43.5794807074872], [1.510022026584279, 43.579410437971276], [1.510289125133654, 43.579612082534325]], [[1.510588911250183, 43.57950820490392], [1.510591712476018, 43.57940025398647], [1.510642143482632, 43.57936494914956], [1.510665024729246, 43.5794372558183], [1.510588911250183, 43.57950820490392]], [[1.509845049209822, 43.579551995615425], [1.509796486032089, 43.57951533281734], [1.509845983419938, 43.57951601198068], [1.509845049209822, 43.579551995615425]], [[1.510459564829095, 43.57972240965195], [1.510507661706151, 43.57977706398201], [1.510482912895619, 43.579776724553845], [1.510459564829095, 43.57972240965195]], [[1.510459564829095, 43.57972240965195], [1.510435282964152, 43.579704078390726], [1.510460031743082, 43.57970441782971], [1.510459564829095, 43.57972240965195]], [[1.510387653153239, 43.57963143221037], [1.510362437462371, 43.57964908457582], [1.510362904406203, 43.57963109275491], [1.510387653153239, 43.57963143221037]], [[1.510466101598273, 43.57947052416072], [1.51041567039064, 43.57950582891845], [1.510416604242312, 43.57946984527995], [1.510466101598273, 43.57947052416072]], [[1.510937726825098, 43.579422996939726], [1.510912511394942, 43.57944064943035], [1.510912978164673, 43.57942265760965], [1.510937726825098, 43.579422996939726]], [[1.510471237590955, 43.5792726141625], [1.510418005017625, 43.57941586982389], [1.510221416750361, 43.57935917862662], [1.510274649761715, 43.57921592306722], [1.510398859531305, 43.57919962857251], [1.510471237590955, 43.5792726141625]], [[1.509998212047066, 43.57937411480004], [1.510047242274997, 43.57939278568778], [1.509997744991021, 43.579392106616204], [1.509998212047066, 43.57937411480004]], [[1.510023427729152, 43.57935646252252], [1.509999146158277, 43.579338131168434], [1.510023894776857, 43.57933847070672], [1.510023427729152, 43.57935646252252]], [[1.510692107589159, 43.57934763610867], [1.510666892116576, 43.57936528854135], [1.510667358962676, 43.57934729672264], [1.510692107589159, 43.57934763610867]], [[1.511410284497622, 43.57933948402871], [1.511359853985804, 43.579374789221625], [1.511360787243488, 43.579338805578296], [1.511410284497622, 43.57933948402871]], [[1.510000080268318, 43.57930214753771], [1.509974864602911, 43.57931979980914], [1.509975331665539, 43.57930180799402], [1.510000080268318, 43.57930214753771]], [[1.510717789876242, 43.57931199185193], [1.510692574427213, 43.57932964429012], [1.510693041264974, 43.57931165247178], [1.510717789876242, 43.57931199185193]], [[1.511240777442467, 43.579193174793595], [1.511190813635858, 43.57921048808502], [1.511191280316492, 43.579192496266025], [1.511240777442467, 43.579193174793595]], [[1.511068470944604, 43.579154816212146], [1.511043255672454, 43.5791724687298], [1.511043722399026, 43.57915447691193], [1.511068470944604, 43.579154816212146]], [[1.511440165765591, 43.57914191321941], [1.511563908481036, 43.57914360921249], [1.51156344191759, 43.57916160103246], [1.51151347823578, 43.57917891447193], [1.511440165765591, 43.57914191321941]], [[1.510251769095039, 43.57914361632736], [1.510277451564264, 43.579107972179806], [1.510301266167758, 43.57914429528307], [1.510251769095039, 43.57914361632736]]], [[[1.509988403808642, 43.579751942985766], [1.51001969133697, 43.57950039705698], [1.50994544527275, 43.57949937842225], [1.509969726894682, 43.579517709790395], [1.509988403808642, 43.579751942985766]]], [[[1.511299157146163, 43.579805914532415], [1.511522829771336, 43.57977298385344], [1.511474731931161, 43.57971832997307], [1.511276274953841, 43.57973360797876], [1.511303356999281, 43.5796439880983], [1.511427567403093, 43.57962769242238], [1.511304290296756, 43.57960800444874], [1.511201095202094, 43.57976857385462], [1.510654287161236, 43.579851067729955], [1.510824261466306, 43.579979386119945], [1.511124981946292, 43.57983952333222], [1.511272075017773, 43.579895534421915], [1.511299157146163, 43.579805914532415]]], [[[1.512363357011744, 43.57982049685398], [1.512562280255871, 43.579787225028824], [1.51224101188325, 43.579764826278264], [1.512138751905833, 43.57988941292782], [1.512014541137604, 43.57990570941998], [1.51199259087349, 43.57979741935181], [1.511916012098878, 43.57988636121603], [1.511794133760572, 43.579812698304536], [1.511797865723853, 43.579668763677866], [1.511598009332882, 43.57973801775478], [1.511743703069106, 43.57984800368729], [1.511716621614893, 43.579937623690235], [1.51186371551503, 43.579993633982546], [1.512161168863896, 43.579979711140375], [1.512363357011744, 43.57982049685398]]], [[[1.506543174330911, 43.57990260181578], [1.506595480774397, 43.579795331618], [1.506521702538486, 43.5797763188362], [1.506469395974456, 43.57988358899705], [1.506543174330911, 43.57990260181578]]], [[[1.510037434356097, 43.57977061388281], [1.509760993316529, 43.57992880507285], [1.509588685599418, 43.579890444124324], [1.509562535155492, 43.579944079949584], [1.509734375872584, 43.58000043276365], [1.509934235425485, 43.5799311821032], [1.509881000901306, 43.58007443756695], [1.51002949451766, 43.58007647487458], [1.510157442311487, 43.579916246055454], [1.510037434356097, 43.57977061388281]], [[1.510056578671355, 43.57998685528366], [1.51003229682324, 43.57996852392896], [1.510057045713799, 43.57996886345984], [1.510056578671355, 43.57998685528366]], [[1.509907151107053, 43.580020801660154], [1.50995571478309, 43.58005746442164], [1.509906684017206, 43.58003879348399], [1.509907151107053, 43.580020801660154]], [[1.510008949105075, 43.57991420892297], [1.5099846673029, 43.57989587755854], [1.510009416161856, 43.57989621710027], [1.510008949105075, 43.57991420892297]]], [[[1.515182399537172, 43.5799490657233], [1.515131039905655, 43.580020356374376], [1.515129178093751, 43.58009232376069], [1.51520482130629, 43.580039363311386], [1.515182399537172, 43.5799490657233]]], [[[1.513469599578129, 43.580123615674154], [1.514064972486596, 43.58007776853498], [1.513943090984302, 43.58000410802501], [1.513521893279397, 43.580016342124814], [1.513570925201924, 43.58003501143023], [1.513520495407956, 43.580070317643376], [1.513473327360543, 43.57997968095886], [1.513202953532524, 43.57990398702415], [1.513297754825619, 43.58006726876472], [1.513469599578129, 43.580123615674154]], [[1.513448112465603, 43.57999733404493], [1.513398148624825, 43.58001464836138], [1.513398614620159, 43.57999665652285], [1.513448112465603, 43.57999733404493]]], [[[1.507666563876801, 43.58240180342225], [1.507998134790374, 43.58202839519749], [1.507851507198052, 43.58195438775213], [1.508254049705686, 43.581707941777964], [1.508193830030595, 43.58116716691459], [1.508365205482649, 43.58124151377408], [1.508320850189554, 43.58104292379537], [1.508399306357086, 43.58088201708079], [1.508546866963771, 43.58092004007297], [1.508773350221694, 43.580779164062335], [1.508945660061622, 43.58081752632797], [1.508901303088021, 43.58061893664476], [1.509623700806176, 43.580448869938735], [1.509500422555028, 43.580429179906545], [1.509480345737242, 43.580248921990275], [1.509333720779367, 43.58017491663716], [1.509155337367381, 43.580370448708486], [1.509353797110837, 43.58035517457125], [1.509327646235729, 43.58040881035727], [1.509102567837911, 43.58049571200786], [1.509030189976306, 43.580422725443874], [1.508550607141381, 43.5807761054473], [1.508477294541217, 43.58073910215395], [1.508528663079125, 43.58066781461378], [1.508404449601807, 43.58068410698638], [1.508203650322787, 43.5807893385197], [1.508150410683898, 43.58093259322059], [1.508003785694323, 43.58085858603705], [1.507778235764279, 43.5809634767977], [1.507773090335495, 43.581161386900845], [1.507972020886649, 43.581128123451414], [1.507993964074757, 43.58123641443201], [1.507797371966721, 43.581179718775765], [1.507495700645966, 43.58135555614019], [1.507498507779035, 43.58124760516412], [1.507231879359111, 43.581027961684924], [1.507114216362356, 43.58079236705813], [1.506941439796739, 43.58077199370808], [1.506993746288179, 43.58066472325374], [1.506797625195054, 43.58059003399216], [1.506848527633077, 43.58053673907063], [1.506674815717488, 43.58055234893399], [1.506445987304398, 43.58078317963563], [1.50639695706027, 43.58076450710428], [1.506727590596747, 43.580427086809195], [1.506706586297561, 43.58028281200675], [1.50663187116183, 43.58029978291976], [1.506610399025713, 43.580173499922886], [1.506535215855886, 43.58020846257986], [1.506511871349077, 43.58015414681318], [1.506459096250021, 43.58027940880942], [1.506234014017114, 43.58036630450799], [1.506515148426593, 43.58002820414327], [1.506347992835157, 43.579791928168646], [1.506096290385201, 43.579950450404255], [1.506276555813604, 43.579682956196706], [1.506180370365773, 43.57957364377755], [1.506081843863702, 43.579554290285834], [1.506006192874101, 43.579607244363565], [1.505982380796341, 43.57957092030694], [1.506234081896721, 43.579412398377094], [1.506262108115372, 43.57928679617586], [1.506509125722969, 43.579308191619766], [1.506562367951174, 43.579164937884975], [1.506913059498414, 43.57900777567771], [1.507015329246486, 43.57888319402455], [1.506815001770998, 43.57897043106084], [1.506766441020499, 43.578933766922844], [1.507018605146894, 43.57875725145064], [1.507217995725948, 43.57870599764273], [1.507494437884548, 43.57854781305929], [1.508067389243551, 43.57841169976231], [1.509117562677553, 43.578012162643404], [1.509344967559322, 43.577835302138965], [1.50834476277434, 43.578217529460034], [1.508143036756219, 43.57835874429299], [1.507670482404394, 43.57844224293227], [1.506969576446877, 43.578738579204035], [1.505611150404298, 43.5795658128268], [1.505508407926983, 43.57970838501765], [1.505580780410051, 43.5797813738921], [1.50532954441149, 43.579921902545784], [1.505352419188215, 43.57999421036147], [1.505527535160506, 43.57992462720708], [1.505373419978313, 43.580138485396844], [1.50554947327708, 43.58003291859095], [1.505497164662432, 43.58014018830271], [1.505665723031843, 43.58032249021513], [1.505587259966605, 43.58048339489265], [1.505710068582661, 43.58052108117865], [1.505659633527047, 43.58055638375385], [1.507303737677693, 43.58207284856563], [1.507500332357001, 43.582129545150465], [1.507473243201313, 43.58221916423724], [1.507666563876801, 43.58240180342225]], [[1.507826289706836, 43.58197203955726], [1.507825354190655, 43.58200802323597], [1.507800136667833, 43.58202567503571], [1.507826289706836, 43.58197203955726]], [[1.507800136667833, 43.58202567503571], [1.507774919129502, 43.58204332682978], [1.507775386903835, 43.582025334990085], [1.507800136667833, 43.58202567503571]], [[1.508501108682313, 43.58077542569305], [1.50847589190878, 43.58079307763457], [1.508476359453219, 43.580775085807474], [1.508501108682313, 43.58077542569305]], [[1.50847589190878, 43.58079307763457], [1.508450675119738, 43.580810729570416], [1.508451142672224, 43.58079273774321], [1.50847589190878, 43.58079307763457]], [[1.508477294541217, 43.58073910215395], [1.508452077776317, 43.58075675408948], [1.508452545327924, 43.58073876226294], [1.508477294541217, 43.58073910215395]], [[1.508452077776317, 43.58075675408948], [1.508426860995909, 43.58077440601937], [1.508427328555563, 43.58075641419273], [1.508452077776317, 43.58075675408948]], [[1.508426860995909, 43.58077440601937], [1.508376894964315, 43.58079171803537], [1.508377362539772, 43.58077372620873], [1.508426860995909, 43.58077440601937]], [[1.506941439796739, 43.58077199370808], [1.506916222545106, 43.58078964528745], [1.506916690578364, 43.580771653467124], [1.506941439796739, 43.58077199370808]], [[1.506916222545106, 43.58078964528745], [1.506891005277964, 43.580807296861195], [1.50689147331927, 43.58078930504074], [1.506916222545106, 43.58078964528745]], [[1.506535215855886, 43.58020846257986], [1.5064847815824, 43.58024376553054], [1.506510466882883, 43.58020812224647], [1.506535215855886, 43.58020846257986]], [[1.506071541526039, 43.57995010997093], [1.506120102692477, 43.579986774445494], [1.506045387768674, 43.58000374495156], [1.506071541526039, 43.57995010997093]], [[1.506130872971654, 43.57957296294372], [1.506105655997501, 43.57959061432023], [1.506106124275034, 43.57957262251837], [1.506130872971654, 43.57957296294372]], [[1.505981444163441, 43.57960690390977], [1.505956227128431, 43.579624555251996], [1.505956695453075, 43.57960656345034], [1.505981444163441, 43.57960690390977]], [[1.505907666373083, 43.579587890713384], [1.505931010077913, 43.57964220658856], [1.505755427067813, 43.579729782181914], [1.505907666373083, 43.579587890713384]], [[1.506587584597897, 43.57914728640768], [1.506538555704956, 43.579128613961466], [1.506588052720767, 43.57912929460928], [1.506587584597897, 43.57914728640768]], [[1.506765504889476, 43.57896975051651], [1.506740288375449, 43.578987402032936], [1.506740756449155, 43.57896941023588], [1.506765504889476, 43.57896975051651]], [[1.50669079148018, 43.57898672145456], [1.506714603763869, 43.57902304534113], [1.50666510683817, 43.57902236475101], [1.50669079148018, 43.57898672145456]], [[1.505527535160506, 43.57992462720708], [1.505552752459155, 43.579906975960704], [1.505552284005454, 43.57992496776434], [1.505527535160506, 43.57992462720708]], [[1.505546194080617, 43.580158861232114], [1.505571411476428, 43.58014120997854], [1.505570943026663, 43.58015920178521], [1.505546194080617, 43.580158861232114]], [[1.50578103718394, 43.58064804540027], [1.505806254722438, 43.580630394086185], [1.505805786342288, 43.58064838589997], [1.50578103718394, 43.58064804540027]], [[1.507500332357001, 43.582129545150465], [1.507525550017649, 43.58211189341907], [1.507525082164302, 43.58212988525876], [1.507500332357001, 43.582129545150465]], [[1.507497993047095, 43.582219504351734], [1.507523210747982, 43.58220185261978], [1.507522742893169, 43.58221984446058], [1.507497993047095, 43.582219504351734]], [[1.507570371226051, 43.58229249202772], [1.507596056769175, 43.58225684843625], [1.507595121104024, 43.58229283212008], [1.507570371226051, 43.58229249202772]], [[1.507879063378601, 43.58184677674957], [1.507854781439113, 43.58182844488443], [1.507879531118689, 43.581828784911906], [1.507879063378601, 43.58184677674957]], [[1.508054181939591, 43.5817771894322], [1.508030835357511, 43.58172287393283], [1.508055584992611, 43.58172321392017], [1.508054181939591, 43.5817771894322]], [[1.506993223015141, 43.58163662204575], [1.506968941447455, 43.581618289985244], [1.506993691031171, 43.58161863021451], [1.506993223015141, 43.58163662204575]], [[1.50706793978408, 43.58161965086844], [1.507043658199711, 43.58160131882486], [1.507068407776553, 43.581601659037084], [1.50706793978408, 43.58161965086844]], [[1.50784219330246, 43.58136031715541], [1.507817911580526, 43.581341985288205], [1.507842661050141, 43.58134232532396], [1.50784219330246, 43.58136031715541]], [[1.508015439652259, 43.581362697248544], [1.507991157873991, 43.58134436542005], [1.508015907345659, 43.58134470541631], [1.508015439652259, 43.581362697248544]], [[1.507770283723022, 43.58126933787752], [1.507746002062537, 43.58125100599542], [1.5077707514925, 43.58125134604752], [1.507770283723022, 43.58126933787752]], [[1.50797295629655, 43.58109213979342], [1.507948674646296, 43.581073807958866], [1.50797342400106, 43.581074147964756], [1.50797295629655, 43.58109213979342]], [[1.508273689553085, 43.58095228479186], [1.508224658569998, 43.58093361308335], [1.508274157162197, 43.580934292963676], [1.508273689553085, 43.58095228479186]], [[1.508299374059801, 43.580916641067255], [1.508300309261051, 43.580880657411726], [1.508325993719188, 43.58084501368258], [1.508299374059801, 43.580916641067255]], [[1.508325993719188, 43.58084501368258], [1.508351210561631, 43.580827361775235], [1.508350742977541, 43.58084535360243], [1.508325993719188, 43.58084501368258]], [[1.508326461311032, 43.58082702185548], [1.508302179660032, 43.580808690103325], [1.508326928902583, 43.580809030028604], [1.508326461311032, 43.58082702185548]], [[1.508351210561631, 43.580827361775235], [1.508376427388566, 43.58080970986226], [1.508375959812523, 43.580827701689344], [1.508351210561631, 43.580827361775235]], [[1.508324590941896, 43.58089898916521], [1.50834887263825, 43.580917320913514], [1.508324123348879, 43.580916980993194], [1.508324590941896, 43.58089898916521]], [[1.506890069194472, 43.58084328050275], [1.506865787995313, 43.58082494842928], [1.506890537236365, 43.58082528868185], [1.506890069194472, 43.58084328050275]], [[1.506323645863239, 43.58072750235761], [1.506299364893946, 43.580709170159004], [1.506324114081722, 43.580709510540615], [1.506323645863239, 43.58072750235761]], [[1.506647726017283, 43.58064196771678], [1.506672007069402, 43.58066029983665], [1.50664725790078, 43.58065995953434], [1.506647726017283, 43.58064196771678]], [[1.50667247517815, 43.580642308019], [1.50669769244001, 43.58062465649801], [1.50669722433931, 43.58064264831556], [1.50667247517815, 43.580642308019]], [[1.506525852835511, 43.58056829885532], [1.506476822748942, 43.5805496263628], [1.506526320989318, 43.58055030703945], [1.506525852835511, 43.58056829885532]], [[1.506130335099184, 43.58054486099483], [1.506106054268882, 43.58052652875533], [1.506130803376766, 43.58052686918092], [1.506130335099184, 43.58054486099483]], [[1.50618264289938, 43.580437590948016], [1.506206455463376, 43.580473914982576], [1.506181706377875, 43.5804735745742], [1.50618264289938, 43.580437590948016]], [[1.506207391969373, 43.580437931356144], [1.506233545773191, 43.5803842963203], [1.50623214103966, 43.58043827175864], [1.506207391969373, 43.580437931356144]], [[1.505865588614148, 43.58025324702573], [1.505817027384847, 43.580216582430594], [1.505866525330218, 43.58021726340774], [1.505865588614148, 43.58025324702573]], [[1.50559662885673, 43.58012355871935], [1.505572348375075, 43.5801052263659], [1.505597097298153, 43.58010556691302], [1.50559662885673, 43.58012355871935]], [[1.5063400333355, 43.58009778889494], [1.506315752627334, 43.580079456708006], [1.50634050154371, 43.58007979708572], [1.5063400333355, 43.58009778889494]], [[1.505994016741154, 43.58007503128444], [1.505969736153117, 43.58005669902044], [1.505994485057629, 43.580057039477005], [1.505994016741154, 43.58007503128444]], [[1.506069200065847, 43.5800400690053], [1.506044919468588, 43.58002173675857], [1.506069668358473, 43.580022077197995], [1.506069200065847, 43.5800400690053]], [[1.505550410187713, 43.57999693498118], [1.505574690616557, 43.58001526733816], [1.505549941732543, 43.58001492678597], [1.505550410187713, 43.57999693498118]], [[1.505575159063972, 43.57999727553329], [1.505600376379891, 43.57997962427496], [1.505599907940524, 43.57999761607973], [1.505575159063972, 43.57999727553329]], [[1.505676028234601, 43.579926670466186], [1.50565221623326, 43.57989034632913], [1.505676965064168, 43.579890686857986], [1.505676028234601, 43.579926670466186]], [[1.505928200075596, 43.57975015740378], [1.505952480520709, 43.57976848967314], [1.505927731740849, 43.57976814920709], [1.505928200075596, 43.57975015740378]], [[1.505952948847701, 43.57975049786971], [1.505978165939045, 43.57973284652673], [1.5059776976201, 43.57975083833004], [1.505952948847701, 43.57975049786971]], [[1.505935225061571, 43.57948028038082], [1.505959505394776, 43.57949861264518], [1.505934756731228, 43.579498272180786], [1.505935225061571, 43.57948028038082]], [[1.505959973717365, 43.5794806208451], [1.505985190687995, 43.57946296950378], [1.505984722373453, 43.57948096130375], [1.505959973717365, 43.5794806208451]], [[1.506763632623909, 43.57904171770651], [1.506739352227158, 43.57902338562772], [1.506764100690741, 43.57902372590868], [1.506763632623909, 43.57904171770651]], [[1.508568430905231, 43.578184604901296], [1.508544150294663, 43.57816627323689], [1.508568898399422, 43.57816661310639], [1.508568430905231, 43.578184604901296]]], [[[1.521706391347165, 43.58041602572624], [1.521929133728088, 43.58041905736221], [1.521932376995306, 43.58029311420639], [1.521684886005205, 43.58028974570145], [1.521706391347165, 43.58041602572624]]], [[[1.509627905432546, 43.58028694349714], [1.509754453401163, 43.58018069060184], [1.509532647007559, 43.580141650352346], [1.509579341771736, 43.58025028058325], [1.509627905432546, 43.58028694349714]]], [[[1.515419650725647, 43.580348269722], [1.515073629024031, 43.58032554103196], [1.515002174774521, 43.58021657475907], [1.514681834236253, 43.58015819952624], [1.515170298109919, 43.580416853780726], [1.515342145746993, 43.580473197741284], [1.515442538382051, 43.580420575433536], [1.515419650725647, 43.580348269722]]], [[[1.515717570320473, 43.58031634528592], [1.51579228279114, 43.58029936812309], [1.515570006516493, 43.5802783320513], [1.515419650725647, 43.580348269722], [1.515568145246561, 43.58035029945803], [1.515567679928348, 43.580368291310286], [1.515765672701269, 43.580370997310084], [1.515717570320473, 43.58031634528592]]], [[[1.51596459588085, 43.58033771924121], [1.516111694950884, 43.58039372379623], [1.516458647553466, 43.58038046546733], [1.516459112592523, 43.580362473611125], [1.51596459588085, 43.58033771924121]]], [[[1.510175186107587, 43.58018646293686], [1.510122418972726, 43.5803117267157], [1.510024823984939, 43.58025639313512], [1.51012008384608, 43.58040168585987], [1.510297063161929, 43.58026012768405], [1.510175186107587, 43.58018646293686]], [[1.510121951947982, 43.58032971854408], [1.510096735868669, 43.58034737085641], [1.51009720290146, 43.5803293790279], [1.510121951947982, 43.58032971854408]]], [[[1.518732316245813, 43.5805374870697], [1.518954130424149, 43.58057650854324], [1.519001307615789, 43.58066714288502], [1.5191044825064, 43.58050656596889], [1.518732316245813, 43.5805374870697]]], [[[1.520215412538461, 43.58062969750946], [1.520192054916274, 43.58057538466788], [1.520018810439788, 43.5805730239974], [1.520335448110562, 43.58077531852247], [1.520462904907983, 43.58063306936344], [1.520611864083173, 43.58061710032797], [1.520215412538461, 43.58062969750946]]], [[[1.518052010236417, 43.58099615969007], [1.518205615989494, 43.58080027525533], [1.518082798574052, 43.580762603090456], [1.517659272856025, 43.58086481258436], [1.517834841175049, 43.58077721768009], [1.517840881094408, 43.58054332342571], [1.51781287959782, 43.580668928722886], [1.517562599056508, 43.580773502022396], [1.517343573651177, 43.58062652651868], [1.517243182398667, 43.58067915059101], [1.517248759926385, 43.580463248246105], [1.516458647553466, 43.58038046546733], [1.517223081179693, 43.58049889407546], [1.517123154872249, 43.58053352617057], [1.517211461074506, 43.58094869067193], [1.517509382788905, 43.58091676130797], [1.517679840234695, 43.581027077195216], [1.517757340873541, 43.580902147459895], [1.517955335590968, 43.58090484946932], [1.518052010236417, 43.58099615969007]], [[1.517632200157857, 43.580954434125246], [1.517607915481315, 43.58093610445187], [1.517632664833735, 43.58093644225686], [1.517632200157857, 43.580954434125246]], [[1.517560275570999, 43.58086346135496], [1.517437458443892, 43.58082578845872], [1.517585954271387, 43.580827815436855], [1.517560275570999, 43.58086346135496]], [[1.517487421772257, 43.58080847227446], [1.517463137203694, 43.580790142570585], [1.517487886492331, 43.5807904804085], [1.517487421772257, 43.58080847227446]], [[1.517439317385641, 43.58075382099622], [1.517415032855559, 43.580735491282255], [1.517439782120349, 43.580735829131136], [1.517439317385641, 43.58075382099622]]], [[[1.507310806469055, 43.58084906393561], [1.507288396801441, 43.580758764667664], [1.507213681218227, 43.58077573598648], [1.507310806469055, 43.58084906393561]]], [[[1.507430341887557, 43.58101269105512], [1.507456962675865, 43.58094106387865], [1.507435956355428, 43.580796789165774], [1.507338363132624, 43.580741453152775], [1.507430341887557, 43.58101269105512]], [[1.507408867728179, 43.580886408153596], [1.507433149126772, 43.58090474010641], [1.507408399848249, 43.580904399977484], [1.507408867728179, 43.580886408153596]]], [[[1.50749991134161, 43.58119362967909], [1.507673157174138, 43.58119601031789], [1.507673624973461, 43.58117801848922], [1.507574627384133, 43.58117665815847], [1.507527467816081, 43.58108601882258], [1.507452284009652, 43.58112098213648], [1.50749991134161, 43.58119362967909]]], [[[1.521273223056567, 43.58377579395566], [1.521055103943765, 43.583592841795635], [1.521246618194775, 43.58384742465801], [1.521471691347006, 43.58376049764154], [1.521273223056567, 43.58377579395566]]], [[[1.520919296014123, 43.58405894648925], [1.520968333795718, 43.58407761250762], [1.52099493911148, 43.58400598186199], [1.520872576690981, 43.58395032084741], [1.520919296014123, 43.58405894648925]], [[1.520969261106334, 43.58404162866457], [1.520944974058047, 43.58402329969803], [1.520969724761205, 43.584023636743375], [1.520969261106334, 43.58404162866457]], [[1.520944974058047, 43.58402329969803], [1.520920687025271, 43.58400497072632], [1.520945437720383, 43.58400530777719], [1.520944974058047, 43.58402329969803]]], [[[1.52082075684521, 43.58403960630733], [1.520793687585884, 43.58412922883353], [1.520892690579415, 43.584130577119005], [1.520869330891764, 43.58407626429114], [1.52082075684521, 43.58403960630733]]], [[[1.516651121818253, 43.58538660495316], [1.516324704172572, 43.58556212932065], [1.516200017154749, 43.58559642258403], [1.516176661310991, 43.585542108691946], [1.516050578620574, 43.5856303775442], [1.516712820613823, 43.58587340092808], [1.516887010851245, 43.5858397830272], [1.517214822891307, 43.58561028116076], [1.517245152277347, 43.58539471597321], [1.517522063759094, 43.58521851321476], [1.517453852129292, 43.584983604751095], [1.517279664822136, 43.585017223540966], [1.517305810366004, 43.58496358566925], [1.518234142824427, 43.584490301487115], [1.517981058811221, 43.58470282753122], [1.518731946811624, 43.584389102177404], [1.519528151075074, 43.58423797370209], [1.519704190911952, 43.5841323836549], [1.520148776502817, 43.58417443853592], [1.520226276017555, 43.58404950676624], [1.520350493420698, 43.584033200836664], [1.520761517304803, 43.5844167625212], [1.520512617199898, 43.58446736711177], [1.520258613958322, 43.584715882313894], [1.520160537798044, 43.58467854959791], [1.519584303899834, 43.58494067075835], [1.519582447511908, 43.585012638466544], [1.519606734543718, 43.58503096775029], [1.519730954246847, 43.585014662518084], [1.519946754617731, 43.58528757717693], [1.519822998409791, 43.585285890726944], [1.5195819834142, 43.58503063039416], [1.519358294925739, 43.58506357778909], [1.519742247993079, 43.58553676585349], [1.519716104464948, 43.58559040433291], [1.519569916771648, 43.58549842059001], [1.51944569597584, 43.585514725643506], [1.519368656953412, 43.58562166504883], [1.519246292665668, 43.58556600213998], [1.519389695033259, 43.585765937935115], [1.519561562826971, 43.585822275428995], [1.519639065844747, 43.58569734393563], [1.519886116023421, 43.585718709052124], [1.519867860788957, 43.58546648465647], [1.520235419433916, 43.58561547892604], [1.52026666525101, 43.585363929024446], [1.520537537913751, 43.58542161372552], [1.520714970759002, 43.585262046148564], [1.520910198554392, 43.58537269439682], [1.520747141747008, 43.584974512306204], [1.520505660143312, 43.584737246006846], [1.52058084073428, 43.58470227357051], [1.520968047115123, 43.585049513652585], [1.520779312412701, 43.584686978511634], [1.520681235963147, 43.58464964626653], [1.520732592843294, 43.584578352762264], [1.520659267534309, 43.584541357594], [1.520886662718278, 43.58436447212501], [1.520863766631396, 43.58429216736294], [1.52040556080861, 43.58381797218325], [1.52008519467702, 43.583759612740494], [1.519883942061875, 43.583882858005474], [1.519785403544113, 43.58386351688671], [1.519861511430567, 43.583792561142644], [1.51951361077119, 43.583841814197186], [1.518787949289579, 43.584137890464625], [1.518659551796889, 43.584316121833325], [1.518535333301152, 43.58433242583245], [1.518637122922393, 43.58422582469055], [1.518512904615698, 43.58424212866299], [1.51706015906088, 43.58488823894914], [1.516954645967302, 43.585138773997784], [1.516653446911755, 43.58529664535782], [1.516778133007465, 43.58526235158112], [1.516651121818253, 43.58538660495316]], [[1.518283644601914, 43.5844909768077], [1.518308859983651, 43.58447332254409], [1.518308395491095, 43.584491314459534], [1.518283644601914, 43.5844909768077]], [[1.518308859983651, 43.58447332254409], [1.518334075349877, 43.58445566827486], [1.518333610865367, 43.58447366019017], [1.518308859983651, 43.58447332254409]], [[1.520585478540792, 43.58452235430271], [1.520536904298018, 43.58448569618061], [1.520586406098605, 43.58448637045181], [1.520585478540792, 43.58452235430271]], [[1.520305796611987, 43.584806516349325], [1.520332866952508, 43.58471689390263], [1.520549596654235, 43.584953823447115], [1.520305796611987, 43.584806516349325]], [[1.520258613958322, 43.584715882313894], [1.520282901080486, 43.58473421144269], [1.520258150074959, 43.584733874240676], [1.520258613958322, 43.584715882313894]], [[1.519607198633671, 43.58501297582257], [1.519632413837631, 43.58499532124536], [1.519631949755724, 43.58501331317296], [1.519607198633671, 43.58501297582257]], [[1.519921539382068, 43.58530523183068], [1.519970577903938, 43.58532389831563], [1.519921075388284, 43.585323223763396], [1.519921539382068, 43.58530523183068]], [[1.52043992419797, 43.585366289307444], [1.520415636758212, 43.58534796020572], [1.520440388029465, 43.58534829737199], [1.52043992419797, 43.585366289307444]], [[1.520689755770843, 43.585279700980344], [1.520665468287945, 43.585261371935594], [1.520690219523328, 43.585261709044886], [1.520689755770843, 43.585279700980344]], [[1.520531338747561, 43.58470159929665], [1.520507051559863, 43.58468327022382], [1.520531802545031, 43.5846836073691], [1.520531338747561, 43.58470159929665]], [[1.520849855797343, 43.58483192518255], [1.520824641039622, 43.584849580040355], [1.520825104746351, 43.5848315881097], [1.520849855797343, 43.58483192518255]], [[1.520839015813069, 43.5842918302934], [1.520813801289269, 43.5843094851421], [1.520814264995033, 43.58429149321822], [1.520839015813069, 43.5842918302934]], [[1.516952321352257, 43.58522873358974], [1.516928964946243, 43.58517441987323], [1.516978932213327, 43.58515710387065], [1.516952321352257, 43.58522873358974]], [[1.516878532702444, 43.585209727771336], [1.516853316557277, 43.58522738171191], [1.516853781511892, 43.58520938979352], [1.516878532702444, 43.585209727771336]], [[1.516853316557277, 43.58522738171191], [1.516828100396599, 43.58524503564685], [1.516828565359261, 43.58522704372836], [1.516853316557277, 43.58522738171191]], [[1.516778133007465, 43.58526235158112], [1.516803349191119, 43.58524469765755], [1.51680288422041, 43.585262689576176], [1.516778133007465, 43.58526235158112]], [[1.517190536378204, 43.58559195133488], [1.517166249880613, 43.58557362150382], [1.517191001230068, 43.58557395941051], [1.517190536378204, 43.58559195133488]], [[1.517166714739941, 43.58555562957976], [1.517142428265325, 43.58553729974382], [1.517167179598978, 43.58553763765594], [1.517166714739941, 43.58555562957976]], [[1.517046212314403, 43.58542799650401], [1.517071428488374, 43.58541034251618], [1.517070963600355, 43.58542833443801], [1.517046212314403, 43.58542799650401]], [[1.517046677210178, 43.58541000458228], [1.517022855738461, 43.5853736828002], [1.517047607000854, 43.585374020739515], [1.517046677210178, 43.58541000458228]], [[1.516875278068311, 43.585335671205506], [1.516851456735904, 43.585299349387704], [1.516876207965235, 43.58529968736605], [1.516875278068311, 43.585335671205506]], [[1.519994401220294, 43.58536021945002], [1.519970113925374, 43.58534189024877], [1.519994865191393, 43.58534222751655], [1.519994401220294, 43.58536021945002]], [[1.51707886665705, 43.58512247179713], [1.517054580393766, 43.585104141947056], [1.517079331540116, 43.58510447987909], [1.51707886665705, 43.58512247179713]], [[1.51712883383369, 43.58510515572623], [1.517104547561775, 43.585086825887544], [1.517129298700952, 43.585087163808176], [1.51712883383369, 43.58510515572623]], [[1.520620603559583, 43.58508077836112], [1.520645818481626, 43.58506312354783], [1.520645354716828, 43.58508111548061], [1.520620603559583, 43.58508077836112]], [[1.520571565034031, 43.58506211217279], [1.520498703021305, 43.58500712495194], [1.520549132860158, 43.584971815378125], [1.520622458648055, 43.58500881063178], [1.520571565034031, 43.58506211217279]], [[1.520226440668045, 43.58500341596], [1.520202153450003, 43.58498508681517], [1.520226904563526, 43.584985424029995], [1.520226440668045, 43.58500341596]], [[1.520128364037391, 43.58496608320755], [1.520155434730208, 43.58487646079516], [1.520177866247472, 43.584966757665136], [1.520128364037391, 43.58496608320755]], [[1.520106396530488, 43.584857794399454], [1.520082109412396, 43.58483946522962], [1.52010686046242, 43.584839802471755], [1.520106396530488, 43.584857794399454]], [[1.518410185815566, 43.58438471351857], [1.518434472207347, 43.58440304305642], [1.518409721355488, 43.584402705433334], [1.518410185815566, 43.58438471351857]], [[1.51843493665967, 43.58438505114154], [1.518460151948341, 43.584367396844094], [1.518459687504065, 43.58438538875888], [1.51843493665967, 43.58438505114154]], [[1.518460151948341, 43.584367396844094], [1.518485367221501, 43.58434974254106], [1.518484902785271, 43.58436773445569], [1.518460151948341, 43.584367396844094]]], [[[1.519232218179339, 43.58515185030487], [1.519156107712607, 43.58522280567487], [1.51920514591513, 43.58524147250428], [1.519232218179339, 43.58515185030487]]], [[[1.518857235910504, 43.585290723506105], [1.518779731740075, 43.58541565440646], [1.518980527811981, 43.58531040298486], [1.518857235910504, 43.585290723506105]]], [[[1.518979599234107, 43.58534638684258], [1.519101498543569, 43.58542004197379], [1.519103819798, 43.585330082323985], [1.518979599234107, 43.58534638684258]]], [[[1.516377462598411, 43.58543686207291], [1.516226163971359, 43.585542784950654], [1.516426965170377, 43.585437538240065], [1.516377462598411, 43.58543686207291]]], [[[1.518337593255291, 43.586237544267604], [1.518264731890627, 43.58618255550357], [1.518164796316732, 43.58621718869345], [1.518291806067089, 43.586092933480096], [1.518411383709551, 43.58625654910844], [1.518679936765199, 43.5864041981736], [1.518733619572608, 43.586242945830094], [1.519179149268672, 43.58624902086215], [1.519251083169994, 43.58633999290021], [1.519503241436595, 43.5861634475386], [1.519007744859748, 43.586174690806935], [1.518812053656472, 43.586082031015515], [1.518404746653051, 43.58555452607106], [1.51813015905295, 43.58564077147225], [1.51805311741036, 43.58574770995394], [1.518198374231594, 43.58587567961821], [1.518075081384071, 43.58585599924398], [1.517922390908231, 43.58601590031463], [1.517749594784183, 43.58599554408317], [1.517678128396013, 43.58588657914219], [1.517954111694292, 43.58574635907891], [1.517553441482019, 43.58592087396677], [1.517382504952234, 43.58582854943493], [1.517355894283507, 43.58590017928618], [1.517261071812322, 43.58573690042714], [1.516836113031624, 43.585893082848706], [1.517080838564275, 43.5860044139858], [1.517279780504991, 43.5859711333783], [1.517278386022362, 43.5860251091681], [1.517478722215004, 43.58593785240721], [1.517525436732982, 43.58604647965827], [1.517449322970046, 43.586117433876375], [1.518086824811008, 43.58636011111774], [1.518235334979543, 43.58636213721588], [1.518337593255291, 43.586237544267604]], [[1.518907345429019, 43.58622731661981], [1.518883522440656, 43.586190995225216], [1.518908274066442, 43.58619133274076], [1.518907345429019, 43.58622731661981]], [[1.518572433076004, 43.58577279249996], [1.518547217204471, 43.58579044684064], [1.518547681632679, 43.58577245490799], [1.518572433076004, 43.58577279249996]], [[1.518128765378021, 43.585694747260604], [1.518153052234236, 43.58571307687803], [1.518128300819128, 43.58571273919051], [1.518128765378021, 43.585694747260604]], [[1.518153516785372, 43.58569508494803], [1.518178732736104, 43.585677430699896], [1.518178268193015, 43.585695422629776], [1.518153516785372, 43.58569508494803]], [[1.518252057897577, 43.58571442757173], [1.518250199814211, 43.58578639529573], [1.518175480928362, 43.58580337421384], [1.518153052234236, 43.58571307687803], [1.518252057897577, 43.58571442757173]], [[1.517553441482019, 43.58592087396677], [1.517577728250189, 43.585939203715704], [1.517552976740956, 43.58593886589701], [1.517553441482019, 43.58592087396677]], [[1.517552976740956, 43.58593886589701], [1.517503008966497, 43.58595618217305], [1.517503473723363, 43.58593819024281], [1.517552976740956, 43.58593886589701]], [[1.517940637768388, 43.58626812513317], [1.517866847455115, 43.58624911997242], [1.517867776745202, 43.58621313610172], [1.517940637768388, 43.58626812513317]], [[1.518014892729764, 43.58626913830748], [1.517991999500736, 43.58619683284472], [1.518041967337169, 43.58617951634089], [1.518089612269438, 43.58625215949435], [1.518014892729764, 43.58626913830748]], [[1.518884451092427, 43.58615501134725], [1.518859235148948, 43.586172665765034], [1.518859699482444, 43.586154673826286], [1.518884451092427, 43.58615501134725]], [[1.517746806698724, 43.58610349567864], [1.517574939844227, 43.586047155302566], [1.517724378561705, 43.586013198235555], [1.517746806698724, 43.58610349567864]], [[1.518118080449812, 43.58610856170451], [1.518092864291021, 43.58612621594383], [1.518093328864367, 43.586108224008925], [1.518118080449812, 43.58610856170451]], [[1.518142832035548, 43.586108899394446], [1.518242767434154, 43.58607426622736], [1.518242302907925, 43.58609225816248], [1.518142832035548, 43.586108899394446]], [[1.518320738163275, 43.58593134371944], [1.518295522144672, 43.58594899800364], [1.51829598665306, 43.58593100607008], [1.518320738163275, 43.58593134371944]], [[1.518224519307974, 43.58582204149346], [1.518297844683697, 43.58585903833807], [1.518296451161156, 43.585913014136736], [1.518224519307974, 43.58582204149346]]], [[[1.517266190927749, 43.577871746851734], [1.517438033002949, 43.57792808739671], [1.519146577805816, 43.57791540165877], [1.521252481457146, 43.57785410586144], [1.521848751267016, 43.57777223244031], [1.522937664127002, 43.57778704797544], [1.523182366935385, 43.577898364740136], [1.523282285000074, 43.577863727134236], [1.523186533129629, 43.57773643806299], [1.523310273161118, 43.577738120672166], [1.523314438982943, 43.57757619400816], [1.523585277961344, 43.577633870797605], [1.523688897327448, 43.5774552980152], [1.523935913543053, 43.577476653799145], [1.524081625176775, 43.57758662300809], [1.524182929942443, 43.57749800902162], [1.524453306913851, 43.57757367549751], [1.524706797964929, 43.57734314357291], [1.524973938472577, 43.577544751731686], [1.525442300456895, 43.57762310459677], [1.525980749442076, 43.57786438994729], [1.525608604016098, 43.5778953345517], [1.525756630445925, 43.57791534221986], [1.525606293255817, 43.57798529387605], [1.525603520333921, 43.57809324507263], [1.52596735032134, 43.578386154140844], [1.526011764607598, 43.578584736542176], [1.525810080764509, 43.57872598421988], [1.525957185308646, 43.57878197537832], [1.527076868945648, 43.578563190943704], [1.526805560293723, 43.578523514700855], [1.52691240347235, 43.57821899561316], [1.527061354588731, 43.57820301775979], [1.527088872957497, 43.578095402167435], [1.527436732290302, 43.57804612504793], [1.527912023195125, 43.57785458919117], [1.528285089738926, 43.577787652946306], [1.528725481910579, 43.57799159942178], [1.529071033876774, 43.57803227646518], [1.529247498140371, 43.57790867952834], [1.529468387422663, 43.57798366322016], [1.529819009027831, 43.577826427191546], [1.530214978395396, 43.577831786865374], [1.530319038168418, 43.57763521585298], [1.53046107739765, 43.57788911158199], [1.530490431724143, 43.57770952761916], [1.530690718812082, 43.577622246997215], [1.530642604526407, 43.57756760168804], [1.530793395008532, 43.57747965120009], [1.53146619259827, 43.57730876998597], [1.532085809661841, 43.57728115068732], [1.532113318169675, 43.57717353389117], [1.53087132281656, 43.57733672053801], [1.530518404038206, 43.57758391931369], [1.530495498524452, 43.57751161692268], [1.530321802200735, 43.57752726457057], [1.530225113881939, 43.57743596549141], [1.528808949337316, 43.57763276768092], [1.528562391860857, 43.5775934311041], [1.528486302948095, 43.57766439263858], [1.528238361582044, 43.577679030945816], [1.528190249583222, 43.57762438454816], [1.527890505161826, 43.57772831062015], [1.527694366919299, 43.577653659244355], [1.527667311402398, 43.57774328308578], [1.52694915678639, 43.57775154264843], [1.526873065669891, 43.577822503060546], [1.526352432549129, 43.57785143593528], [1.526158143798667, 43.57770481431674], [1.526209025702798, 43.57765151043068], [1.525495493874098, 43.57747984175312], [1.52532549417874, 43.57735154654695], [1.524954738780561, 43.5773285133309], [1.524541425240219, 43.57703492864324], [1.524339743224304, 43.577176173438566], [1.523994199764487, 43.57713548136706], [1.52389335803075, 43.57720610330667], [1.523622983528627, 43.57713043545621], [1.523419910420596, 43.57732565409806], [1.523171506315528, 43.577358272683476], [1.523170117581745, 43.57741224822613], [1.523022556308524, 43.57737424519301], [1.522893261092047, 43.577588464427336], [1.52249868345876, 43.57752910252153], [1.522396912882695, 43.57763570678624], [1.521924848527368, 43.577701275550666], [1.521133376771926, 43.577672502472026], [1.52064073604318, 43.57757580207098], [1.519674639313419, 43.57759863393017], [1.519182465838143, 43.57748393508582], [1.518934522880832, 43.57749855215251], [1.518541343047597, 43.57738520038458], [1.518244369146019, 43.57738114884731], [1.517903009831208, 43.57717851096681], [1.517581289313559, 43.57717411987461], [1.517461732955555, 43.577010504363855], [1.517405731627148, 43.5772617141498], [1.517529935143798, 43.57724541152248], [1.517551430205388, 43.5773716921026], [1.517473469186905, 43.57751461320934], [1.517350659281425, 43.577476940302596], [1.517403872756377, 43.57733368143714], [1.517331953067797, 43.57724270874448], [1.517247484930124, 43.57763751521477], [1.517347406121498, 43.577602883074974], [1.517342758725411, 43.5777828013402], [1.517266190927749, 43.577871746851734]], [[1.530616474812707, 43.57762124249368], [1.530641683383897, 43.577603585451676], [1.53064122281221, 43.57762157733384], [1.530616474812707, 43.57762124249368]], [[1.526352432549129, 43.57785143593528], [1.526401466794597, 43.577870099420466], [1.526351970631133, 43.57786942780233], [1.526352432549129, 43.57785143593528]], [[1.522621959938715, 43.577548777761265], [1.522596748925003, 43.57756643294118], [1.522597212017499, 43.57754844109392], [1.522621959938715, 43.577548777761265]], [[1.517448721310664, 43.5775142753689], [1.517423508721135, 43.57753192934754], [1.517423973434715, 43.5775139375228], [1.517448721310664, 43.5775142753689]], [[1.517347406121498, 43.577602883074974], [1.517372618765594, 43.57758522911313], [1.51737215403534, 43.577603220938535], [1.517347406121498, 43.577602883074974]], [[1.51737215403534, 43.577603220938535], [1.517396437226684, 43.577621550622176], [1.517371689304797, 43.57762121276416], [1.51737215403534, 43.577603220938535]], [[1.517445933071334, 43.57762222632129], [1.517467428089231, 43.57774850695112], [1.517366112515544, 43.57783711468909], [1.517367971449956, 43.57776514737719], [1.517445933071334, 43.57762222632129]], [[1.517470680994095, 43.57762256416238], [1.517496358300409, 43.577586918345716], [1.517495428917149, 43.57762290199785], [1.517470680994095, 43.57762256416238]], [[1.517569672688055, 43.57762391547042], [1.518483488548628, 43.57770837811714], [1.518634298027492, 43.577620444502394], [1.518880848814993, 43.57765980361684], [1.518952307244336, 43.57776876714446], [1.519225927655411, 43.57771850380563], [1.519347811083418, 43.5777921582705], [1.517490781983366, 43.57780282027192], [1.517569672688055, 43.57762391547042]], [[1.526203020182884, 43.57788540467917], [1.526253902205412, 43.577832100765384], [1.526227768270487, 43.577885740525], [1.526203020182884, 43.57788540467917]], [[1.526500920996472, 43.577853450721406], [1.526475711041964, 43.57787110680539], [1.526476172921191, 43.57785311493781], [1.526500920996472, 43.577853450721406]], [[1.526699367418296, 43.57783814491876], [1.526674157531545, 43.577855801048635], [1.526674619348452, 43.57783780918037], [1.526699367418296, 43.57783814491876]], [[1.526081589764197, 43.577793766037345], [1.526056379706928, 43.57781142202329], [1.526056841717099, 43.57779343015823], [1.526081589764197, 43.577793766037345]], [[1.526997729425583, 43.57778819773168], [1.526947771595013, 43.577805518254074], [1.526948233325761, 43.57778752638531], [1.526997729425583, 43.57778819773168]], [[1.517398760837724, 43.57753159149571], [1.517373548225225, 43.577549245462976], [1.517374012954604, 43.577531253638234], [1.517398760837724, 43.57753159149571]], [[1.530369455490536, 43.57759990190107], [1.530443238824271, 43.57761889845473], [1.53044231755597, 43.57765488221797], [1.530392821530858, 43.57765421244136], [1.530369455490536, 43.57759990190107]]], [[[1.523777246278272, 43.577870456289425], [1.523824891571752, 43.57794309650837], [1.52385149048001, 43.577871465468164], [1.523777246278272, 43.577870456289425]]], [[[1.523223993808162, 43.57820489935697], [1.523344494806395, 43.57833252493955], [1.523466847649017, 43.578388182952544], [1.523372483059884, 43.57820691842053], [1.523299627065235, 43.57815193334006], [1.523223993808162, 43.57820489935697]]], [[[1.529707112443057, 43.5783288598003], [1.529804723122746, 43.57838417562029], [1.529978882965656, 43.57835053690131], [1.529707112443057, 43.5783288598003]]], [[[1.529483916822532, 43.578343836005175], [1.529631023970561, 43.57839982217298], [1.529608119248914, 43.57832751955384], [1.529483916822532, 43.578343836005175]]], [[[1.52764700490774, 43.578534925632965], [1.528663072161323, 43.578494701549374], [1.528887651967524, 43.57842575137406], [1.528935304188476, 43.578498389379114], [1.529009088202442, 43.57851738691891], [1.529011393651641, 43.578427427488975], [1.528591133175916, 43.57840373623968], [1.527151114101267, 43.578564197867436], [1.527347716360651, 43.57862085839063], [1.52764700490774, 43.578534925632965]]], [[[1.529797810488367, 43.57865405396922], [1.529305607741379, 43.57853940091401], [1.529526960455564, 43.57859639263066], [1.52940183548791, 43.57864869277149], [1.529797810488367, 43.57865405396922]]], [[[1.529052590955522, 43.57875195187325], [1.529127758500429, 43.57871697366705], [1.528907327964821, 43.57862399735674], [1.528461856421356, 43.5786179622557], [1.528658460158586, 43.57867462040845], [1.528558543926634, 43.57870926297953], [1.528582369931487, 43.57874558206356], [1.528706112296116, 43.578747258526626], [1.528782663535276, 43.578658304897296], [1.529052590955522, 43.57875195187325]], [[1.528608040840024, 43.57870993359251], [1.528632328086956, 43.57872826077802], [1.528607579622074, 43.578727925479875], [1.528608040840024, 43.57870993359251]]], [[[1.529872055809186, 43.57865505903309], [1.530240518217757, 43.57876803495656], [1.530612206213848, 43.57875506635928], [1.529872055809186, 43.57865505903309]]], [[[1.526971872926379, 43.57879574273875], [1.527641005154408, 43.57876882010452], [1.527737691608232, 43.57886012156861], [1.527739076082324, 43.57880614591333], [1.528310598066035, 43.57872390146231], [1.528362401463707, 43.578634612759174], [1.527814244498542, 43.57877116861483], [1.527617641263894, 43.5787145089302], [1.526971872926379, 43.57879574273875]]], [[[1.524049703194235, 43.578828061461664], [1.523758737041917, 43.57859013071602], [1.523829743172868, 43.57871708297157], [1.524049703194235, 43.578828061461664]]], [[[1.5255107884716, 43.578811911927296], [1.52573444906747, 43.57877895200604], [1.525735373304897, 43.578742968254694], [1.525438391872591, 43.5787389363838], [1.5255107884716, 43.578811911927296]]], [[[1.524742660782762, 43.57883747675762], [1.5252623791233, 43.57884453532834], [1.525413181202411, 43.578756592232025], [1.524346222435524, 43.57885008900063], [1.524370045833726, 43.57888640901218], [1.524123948639275, 43.57882907045486], [1.524122560765457, 43.57888304606486], [1.524418617786293, 43.57892306527773], [1.524742660782762, 43.57883747675762]]], [[[1.523258214838319, 43.578799303844356], [1.523676624950896, 43.57889498320714], [1.523750870475933, 43.57889599245538], [1.523629904612901, 43.57878635914061], [1.523258214838319, 43.578799303844356]]], [[[1.52662216128681, 43.57891698591892], [1.526524090895786, 43.578879659098774], [1.526971872926379, 43.57879574273875], [1.526526400253784, 43.578789699698994], [1.526350389350305, 43.578895300410394], [1.526470436858204, 43.57904091446775], [1.52662216128681, 43.57891698591892]], [[1.526398962574944, 43.57893195579055], [1.526424173018942, 43.57891429971135], [1.526423711114879, 43.578932291592], [1.526398962574944, 43.57893195579055]]], [[[1.533000395193111, 43.57927330128634], [1.532849603380854, 43.579361254947905], [1.532700650870596, 43.57937724075193], [1.532848683593017, 43.57939723877509], [1.533000395193111, 43.57927330128634]]], [[[1.522874486489399, 43.57928003582045], [1.523046801250153, 43.57931837567602], [1.523048653110702, 43.57924640819303], [1.522899698170275, 43.57926238055506], [1.522876338564741, 43.579208068342304], [1.522874486489399, 43.57928003582045]]], [[[1.531835364571108, 43.579329550583005], [1.531954966725336, 43.57949315053279], [1.532250112185769, 43.57956913223984], [1.532418293797947, 43.57976938446971], [1.532461811430623, 43.58000394826238], [1.532442122684826, 43.57980570273377], [1.5325677073895, 43.57973540713156], [1.53361635550422, 43.57938960852622], [1.533346877378126, 43.5792779809361], [1.53301824631767, 43.579543514304106], [1.532768458308755, 43.57963013063967], [1.532546178409535, 43.579609129318094], [1.532444882829072, 43.579697751234555], [1.532204755365653, 43.57940653607626], [1.531956807423382, 43.57942118288964], [1.532083312148576, 43.57931490404778], [1.531836745203599, 43.57927557485796], [1.531053534981409, 43.57892301973506], [1.530360575327142, 43.57891364470132], [1.529670842103102, 43.57877832199284], [1.529077339433361, 43.57875228706998], [1.529296848730942, 43.57888124682774], [1.529496680781833, 43.57881196022788], [1.529545255944953, 43.578848614198876], [1.52942105237325, 43.57886493058423], [1.529793202029338, 43.57883397289636], [1.53033536609419, 43.57893130169414], [1.530333984058283, 43.578985277387176], [1.530705673439875, 43.57897230846809], [1.531835364571108, 43.579329550583005]], [[1.529273022217743, 43.57884492789701], [1.529298231739525, 43.578827271151795], [1.529297770736953, 43.578845263043554], [1.529273022217743, 43.57884492789701]], [[1.531344993418909, 43.57914293908853], [1.531321165501271, 43.57910662060051], [1.531394490738756, 43.57914360843191], [1.531344993418909, 43.57914293908853]]], [[[1.5233884086279, 43.58047490388195], [1.523337521601963, 43.580528206551186], [1.523217941851669, 43.58036459699577], [1.523279475561982, 43.57989748110296], [1.523257966953742, 43.57977120143512], [1.523160823157671, 43.57969788780201], [1.523167767120643, 43.579428009680726], [1.52334008252146, 43.579466349074956], [1.523713627627898, 43.57938143658396], [1.523918557775262, 43.57911424962284], [1.524758623191164, 43.579179658554494], [1.524810894935887, 43.57907237964153], [1.525007496625753, 43.57912904442068], [1.52515922444555, 43.57900511790786], [1.526150091221714, 43.57898257310572], [1.526376985548384, 43.57882366870433], [1.52625139525781, 43.57889395710402], [1.52481274457688, 43.579000412140765], [1.524513449360315, 43.57908633711638], [1.523775618984858, 43.57889632886018], [1.523870448685874, 43.5790596012572], [1.523640769815815, 43.579326451687436], [1.523517951987053, 43.57928878570681], [1.523540386610054, 43.579379081532274], [1.523169155905402, 43.57937403406249], [1.523117806707422, 43.5794453284612], [1.522995914932242, 43.57937167814237], [1.522993600018131, 43.579461637503385], [1.523116880817868, 43.579481312207804], [1.523135611365834, 43.579715543133354], [1.523232755159583, 43.57978885678994], [1.523126815432827, 43.58005738882778], [1.523165665953238, 43.58047187523838], [1.523359493547346, 43.58063649438053], [1.523458953424362, 43.58061984843491], [1.523386094284396, 43.580564863320255], [1.523535052469282, 43.580548890276745], [1.5233884086279, 43.58047490388195]], [[1.52394469442723, 43.579060610373055], [1.523920408536316, 43.57904228213518], [1.523945157109305, 43.57904261850138], [1.52394469442723, 43.579060610373055]]], [[[1.531816955889802, 43.58004922710864], [1.531772060152831, 43.579868638794714], [1.531742248485538, 43.58006621529065], [1.531816955889802, 43.58004922710864]]], [[[1.531919072190937, 43.58089652028706], [1.531994700970975, 43.58084354811663], [1.532018069869328, 43.580897858429665], [1.532020370698575, 43.58080789878718], [1.531895703386794, 43.58084220995279], [1.531919072190937, 43.58089652028706]]], [[[1.530483606373133, 43.580877107079964], [1.530481763781403, 43.580949074770906], [1.530605971561099, 43.58093275714901], [1.530608735212591, 43.580824805612], [1.530483606373133, 43.580877107079964]], [[1.530556933332513, 43.58091409552228], [1.530532644546281, 43.58089576873932], [1.530557393957038, 43.58089610359934], [1.530556933332513, 43.58091409552228]]], [[[1.531680678173737, 43.581505234804624], [1.531821352296488, 43.581813105253296], [1.531791079542358, 43.58202867397158], [1.531915289285908, 43.58201235484024], [1.531994600999076, 43.58181544710101], [1.532336497705089, 43.582000049397976], [1.532465767616082, 43.58178581826735], [1.532760005657448, 43.58189778259626], [1.53273801549552, 43.58178949657445], [1.532838854398914, 43.58171886619857], [1.533109262660067, 43.58179451134811], [1.53345897812729, 43.58167324703944], [1.533414995421296, 43.581456675316275], [1.53284353914279, 43.58056704798333], [1.532981917881736, 43.58096487639256], [1.532788981433514, 43.580764290523284], [1.532768831368425, 43.580584036877525], [1.532519498462942, 43.58065266077388], [1.532733503463624, 43.58099751692908], [1.532929659684663, 43.581072159378266], [1.532829741857322, 43.581106805936074], [1.5329007711625, 43.58123375248258], [1.532793034283561, 43.581574261978844], [1.53214402016719, 43.58178147029742], [1.532050082761655, 43.581582220940234], [1.531801665142066, 43.58161485935961], [1.531880516481934, 43.58143594369276], [1.531706348392258, 43.581469585533], [1.531910788587602, 43.581220375038214], [1.531561993235077, 43.58130565045935], [1.531389666822348, 43.58126732406003], [1.531413956039416, 43.58128565065607], [1.531387825354057, 43.58133929178582], [1.531340167671308, 43.58126665471346], [1.531093132392831, 43.58124531571269], [1.531095895143215, 43.58113736413986], [1.530848399977021, 43.581134016512394], [1.530923569546899, 43.58109903700555], [1.53070312695533, 43.58100606418597], [1.530554169579303, 43.581022047064664], [1.530601365452178, 43.581112676395165], [1.530478078584081, 43.58109301016347], [1.530528959479964, 43.581039704128294], [1.530331885100396, 43.58100104119133], [1.530287453999387, 43.58080246022359], [1.530039499538383, 43.580817102674395], [1.529847034713569, 43.58059851968316], [1.529723288324916, 43.580596844517736], [1.529774169481923, 43.58054353885448], [1.529650423213921, 43.58054186360612], [1.529649040495191, 43.58059583935082], [1.529791544950884, 43.58083174455932], [1.529716375041216, 43.58086672327626], [1.529762647715704, 43.58099333680193], [1.529861184667375, 43.581012668831264], [1.52981030317534, 43.58106597455264], [1.529612307346325, 43.5810632941525], [1.529200787288705, 43.580697758767165], [1.529101790021149, 43.58069641805703], [1.529049063720391, 43.58082169107124], [1.52914206732653, 43.581056926755686], [1.528944532691108, 43.581036253219615], [1.528873051227223, 43.58092729601957], [1.528578825742289, 43.58081532123709], [1.528455078923292, 43.58081364462661], [1.528352390954691, 43.58095623854343], [1.528134259994078, 43.580773300957034], [1.527945494093384, 43.580410779343936], [1.527846958820088, 43.580391445584816], [1.527607313323716, 43.58008222822152], [1.527261288404124, 43.58005953836169], [1.527332304098777, 43.580186488456945], [1.527504624557634, 43.58022482126449], [1.527532143064614, 43.58011720540866], [1.527554584325685, 43.58020750045685], [1.527628831616417, 43.58020850705519], [1.527985763936438, 43.580771288399816], [1.528324873583249, 43.58106385466973], [1.528423871466341, 43.5810651960883], [1.528349161735725, 43.58108218194852], [1.528397276783985, 43.58113682840705], [1.528768519347724, 43.58114185801428], [1.528523791880352, 43.581030553584434], [1.528549925101503, 43.58097691315521], [1.528722709946657, 43.580997252135624], [1.528623250942354, 43.581013902905475], [1.528646616720213, 43.58106821395022], [1.528771747649963, 43.581015914591525], [1.528867517375708, 43.58114319902859], [1.529262587469408, 43.58118454602497], [1.529283187762568, 43.58134680847299], [1.52950731702583, 43.58129584880214], [1.529509160850391, 43.581223881110425], [1.529779101520135, 43.58131752644773], [1.529735132970374, 43.58110095328824], [1.529832287537157, 43.5811742611127], [1.530326817427979, 43.581198952359955], [1.530571088485914, 43.58132824466862], [1.53056740348823, 43.58147218010211], [1.530243354304227, 43.58155778615603], [1.530860715149383, 43.58162013341487], [1.531060094375297, 43.58156883573928], [1.530857951933478, 43.58172808501787], [1.531080239420306, 43.58174908982522], [1.531248423338301, 43.58194934416953], [1.53118061985719, 43.58169645292572], [1.531482680742307, 43.581502557813046], [1.531235644395623, 43.58148121913289], [1.531484522096912, 43.581430590077474], [1.531506970088608, 43.58152088439129], [1.531680678173737, 43.581505234804624]], [[1.533109722491661, 43.581776519403334], [1.533085432525488, 43.58175819318026], [1.533110182322966, 43.581758527458796], [1.533109722491661, 43.581776519403334]], [[1.531387825354057, 43.58133929178582], [1.531362615371824, 43.58135694904681], [1.531363075747373, 43.58133895711492], [1.531387825354057, 43.58133929178582]], [[1.528523791880352, 43.581030553584434], [1.528498581152741, 43.58104821017692], [1.528499042423498, 43.58103021826102], [1.528523791880352, 43.581030553584434]], [[1.528549925101503, 43.58097691315521], [1.528501348772944, 43.58094025868491], [1.528526098191025, 43.58094059400779], [1.528549925101503, 43.58097691315521]], [[1.529016014426355, 43.58114521038087], [1.529115934622286, 43.581110567330356], [1.529189260998597, 43.58114755670193], [1.529016014426355, 43.58114521038087]], [[1.530566482235922, 43.581508163962695], [1.530591692529459, 43.581490506884634], [1.530615981586197, 43.581508833661964], [1.530566482235922, 43.581508163962695]], [[1.531336024221573, 43.58142858209956], [1.531311734968907, 43.58141025548427], [1.531336484606032, 43.58141059016688], [1.531336024221573, 43.58142858209956]], [[1.530794295426939, 43.58131326619862], [1.530895596406499, 43.58122464572211], [1.531068843295258, 43.58122698904541], [1.531137566623832, 43.5814438964119], [1.531140329300211, 43.58133594482305], [1.531338786523994, 43.58132063050681], [1.531337405374082, 43.58137460630219], [1.531111435608157, 43.581497537481056], [1.530838728676726, 43.58151184702945], [1.53081720283404, 43.58138556871757], [1.530715901449463, 43.581474189130894], [1.530619205855656, 43.58138289015224], [1.530646258479122, 43.58129326534896], [1.530794295426939, 43.58131326619862]], [[1.533293545934937, 43.58136504451052], [1.533066200867594, 43.581541955581606], [1.532969961294144, 43.581432666751105], [1.533070799285299, 43.5813620361774], [1.533293545934937, 43.58136504451052]], [[1.530596298699016, 43.58131058759167], [1.530572009732447, 43.581292260812475], [1.530596759314383, 43.5812925956636], [1.530596298699016, 43.58131058759167]], [[1.533221136222027, 43.58129207402552], [1.533196846425279, 43.581273747833485], [1.533221596014531, 43.58127408208654], [1.533221136222027, 43.58129207402552]], [[1.530995055116764, 43.58120799286913], [1.530946477031339, 43.58117133948646], [1.530995976095596, 43.58117200901241], [1.530995055116764, 43.58120799286913]], [[1.529411545626718, 43.58116856491573], [1.529387257098499, 43.58115023787339], [1.529412006612287, 43.581150572994446], [1.529411545626718, 43.58116856491573]], [[1.530600444226929, 43.58114866024705], [1.530476696630322, 43.58114698593937], [1.53082365046199, 43.58113368171864], [1.530600444226929, 43.58114866024705]], [[1.530179241683032, 43.58116095895009], [1.530204451943197, 43.581143301966144], [1.530203991206065, 43.58116129389068], [1.530179241683032, 43.58116095895009]], [[1.530179702427919, 43.581142967025656], [1.530131124918154, 43.581106313279996], [1.530205373416595, 43.58110731811774], [1.530179702427919, 43.581142967025656]], [[1.529314391606899, 43.58109525671522], [1.529316235666895, 43.58102328903681], [1.529464271455025, 43.58104329169538], [1.529437678081128, 43.581114924267766], [1.529314391606899, 43.58109525671522]], [[1.530254872417, 43.58110798798136], [1.530230583645164, 43.58108966112838], [1.530255333137756, 43.58108999605729], [1.530254872417, 43.58110798798136]], [[1.530107296953531, 43.58106999447617], [1.530083008244887, 43.581051667590664], [1.530107757720237, 43.581052002553164], [1.530107296953531, 43.58106999447617]], [[1.528449543510657, 43.58102954759729], [1.528425716641844, 43.58099322842651], [1.528450466082321, 43.58099356376661], [1.528449543510657, 43.58102954759729]], [[1.529985853565406, 43.580978359996706], [1.530061484237248, 43.58092538916936], [1.530060101895801, 43.58097936493366], [1.529985853565406, 43.580978359996706]], [[1.530037656391788, 43.5808890703548], [1.530013367781933, 43.580870743456046], [1.53003811717887, 43.58087107843438], [1.530037656391788, 43.5808890703548]], [[1.527967474686454, 43.58051906623213], [1.527943186894103, 43.58050073887518], [1.527967936119424, 43.58050107432511], [1.527967474686454, 43.58051906623213]], [[1.527605005607664, 43.580172187725054], [1.527580718077805, 43.58015386029145], [1.527605467151453, 43.580154195823894], [1.527605005607664, 43.580172187725054]]], [[[1.52420675058773, 43.581385936122146], [1.523844761490702, 43.5810210529609], [1.523791097924809, 43.581182307246024], [1.523934505170615, 43.58138223643337], [1.524476220833576, 43.581497586551635], [1.524798428543313, 43.5814839653277], [1.524938140915377, 43.58182782850458], [1.525070674498565, 43.58148766285141], [1.525468979798199, 43.58140308030909], [1.525591341245593, 43.58145873604754], [1.525617939578595, 43.581387104399845], [1.525320944474616, 43.581383072200424], [1.525471753133001, 43.58129512886776], [1.525941532622165, 43.58131950406364], [1.525989183517237, 43.58139214350717], [1.52569172620771, 43.581406104231256], [1.526037758624024, 43.58142879911246], [1.526036372486916, 43.58148277484433], [1.527026358215972, 43.58149620583151], [1.52702820515745, 43.58142423817194], [1.52641177443764, 43.581325885317455], [1.526467740317628, 43.581074670180286], [1.526614851522184, 43.58113066053935], [1.52659241137842, 43.58104036523916], [1.526667121574428, 43.58102338058775], [1.526470511758298, 43.580966718738104], [1.526280831803897, 43.58064017798751], [1.526382600493597, 43.58053356986117], [1.526744602648143, 43.58089844444109], [1.526740446261356, 43.58106037161022], [1.527135514252761, 43.581101726340755], [1.526918771912475, 43.58086481057016], [1.526831780998145, 43.5803956782847], [1.527385317164411, 43.581015122871015], [1.527459103900341, 43.58103412149692], [1.527412374663703, 43.58092549889613], [1.527514603335211, 43.58080089777965], [1.527467412592169, 43.580710267127614], [1.52736841534355, 43.58070892483764], [1.527299245494962, 43.580510007101445], [1.52761498538348, 43.580748264209966], [1.527563178915751, 43.5808375526877], [1.527706598437962, 43.58103747684681], [1.527758866364987, 43.58093019637679], [1.527901825341611, 43.58114811220497], [1.527976996725454, 43.581113134736974], [1.527354745072588, 43.58027678355075], [1.527159522186695, 43.580166147276216], [1.527059140738765, 43.58021878040372], [1.527126462620814, 43.580489665863574], [1.526908799103299, 43.580288733974676], [1.526660384158696, 43.58032136060652], [1.526532019646374, 43.580499600807755], [1.526311586469878, 43.58040661911442], [1.526161705430221, 43.58045857976101], [1.526298189762883, 43.580928384270216], [1.52644530042716, 43.580984374853216], [1.526393953857694, 43.58105567088042], [1.52599842466327, 43.58103230535909], [1.525895268113087, 43.581192888881645], [1.525751392379667, 43.58101095421313], [1.525502049231626, 43.58107956202111], [1.52545439921247, 43.58100692237963], [1.525156943769082, 43.58102088163547], [1.525152782894795, 43.581182808757546], [1.524906212675839, 43.58114346378408], [1.524834276324451, 43.58105249581886], [1.524929112598662, 43.58121576753605], [1.524876839123063, 43.5813230466656], [1.524753091317793, 43.58132136583695], [1.52480628988218, 43.581178102962795], [1.524656867942063, 43.58121206965823], [1.524460722001399, 43.58113741226239], [1.524409835383883, 43.5811907154585], [1.524288400835797, 43.581099074601525], [1.524245840976676, 43.580828523566296], [1.524101508738418, 43.58066457865144], [1.523757332709308, 43.58056991005275], [1.524074446192842, 43.58075420178526], [1.524216928131696, 43.58099011433275], [1.524138516156776, 43.581151032481316], [1.524310837378251, 43.58118937038135], [1.524380922818124, 43.581352306309256], [1.52420675058773, 43.581385936122146]], [[1.527299245494962, 43.580510007101445], [1.527274957919792, 43.58049167959518], [1.527299707137302, 43.58049201519738], [1.527299245494962, 43.580510007101445]], [[1.527274957919792, 43.58049167959518], [1.527251132017402, 43.5804553601803], [1.527275881219113, 43.580455695787904], [1.527274957919792, 43.58049167959518]], [[1.524380460254017, 43.58137029821166], [1.524455634074451, 43.58133532317528], [1.524529882769571, 43.58133633189272], [1.524504208153863, 43.58137197946489], [1.524380460254017, 43.58137029821166]], [[1.524948313494336, 43.58143200652531], [1.524973525482522, 43.58141435075215], [1.524973063103658, 43.58143234265784], [1.524948313494336, 43.58143200652531]], [[1.524973525482522, 43.58141435075215], [1.525048236644272, 43.58139736720984], [1.525047774288961, 43.58141535911565], [1.524973525482522, 43.58141435075215]], [[1.524900663883338, 43.58135936662315], [1.524875451896892, 43.581377022378696], [1.524875914305906, 43.58135903047412], [1.524900663883338, 43.58135936662315]], [[1.524974912617377, 43.58136037503638], [1.524924951067557, 43.58137769467133], [1.524925413461062, 43.58135970276653], [1.524974912617377, 43.58136037503638]], [[1.52448084617171, 43.58131766751767], [1.524506058253459, 43.581300011854445], [1.524505595728995, 43.58131800375672], [1.52448084617171, 43.58131766751767]], [[1.524555094844435, 43.58131867621788], [1.524483621360673, 43.58120971610799], [1.52455833240103, 43.581192732905045], [1.524555094844435, 43.58131867621788]], [[1.525348005370498, 43.58129344871692], [1.525322793550596, 43.58131110457552], [1.525323255818867, 43.58129311266983], [1.525348005370498, 43.58129344871692]], [[1.525274218999964, 43.5812744486535], [1.52522425761524, 43.581291768425075], [1.525224719914239, 43.581273776520064], [1.525274218999964, 43.5812744486535]], [[1.524953862114638, 43.58121610367293], [1.525027648304137, 43.58123510395319], [1.524952474963476, 43.58127007938302], [1.524953862114638, 43.58121610367293]], [[1.526239913384003, 43.581269558837555], [1.526214701848929, 43.581287214902865], [1.526215163837452, 43.5812692229937], [1.526239913384003, 43.581269558837555]], [[1.525378764181946, 43.581059890002045], [1.525423178500765, 43.58125847301278], [1.525375990683634, 43.58116784142335], [1.52520274420625, 43.581165489020165], [1.525229805184105, 43.58107586557964], [1.525378764181946, 43.581059890002045]], [[1.523864883685982, 43.58120130831572], [1.523891021338389, 43.58114766900113], [1.523913919984162, 43.58121997296734], [1.523864883685982, 43.58120130831572]], [[1.525226106809499, 43.581219800806366], [1.52520089498445, 43.58123745663576], [1.525201357290335, 43.58121946473153], [1.525226106809499, 43.581219800806366]], [[1.525646386513316, 43.58124350512213], [1.525547850584997, 43.581224169266186], [1.525549699371378, 43.581152201645345], [1.525673908992383, 43.581135889661034], [1.525646386513316, 43.58124350512213]], [[1.527711213613982, 43.58085755773291], [1.527686002712409, 43.58087521413467], [1.527686464236464, 43.58085722222439], [1.527711213613982, 43.58085755773291]], [[1.527340896245957, 43.580816540696176], [1.527389471728813, 43.58085319568231], [1.527364722355056, 43.580852860100485], [1.527340896245957, 43.580816540696176]], [[1.527391318194356, 43.580781228048686], [1.527317070167008, 43.58078022128759], [1.527268956445994, 43.58072557436408], [1.527391318194356, 43.580781228048686]], [[1.527567794525219, 43.580657633604865], [1.527542583667337, 43.58067528997089], [1.527543045234736, 43.58065729806372], [1.527567794525219, 43.580657633604865]]], [[[1.523525333130511, 43.58092671998755], [1.523620628274006, 43.581072000937645], [1.523767736694565, 43.58112799515259], [1.523723790970173, 43.58091141958887], [1.523525333130511, 43.58092671998755]]], [[[1.527383932304402, 43.581069098604594], [1.527680464401186, 43.58109111707539], [1.527680925928713, 43.581073125162426], [1.527383932304402, 43.581069098604594]]], [[[1.523306044794966, 43.58175165541964], [1.523160787023135, 43.58162369295148], [1.523300737099129, 43.58099565919494], [1.523129343039936, 43.58092133591399], [1.522962579469018, 43.58066709347838], [1.522839296175542, 43.580647418582615], [1.522806930568768, 43.57998104568457], [1.522772920459842, 43.58034054667025], [1.522623962603532, 43.58035651866628], [1.522469446802182, 43.58058839305738], [1.522197668521688, 43.58056669713301], [1.522095428726374, 43.580691293224824], [1.521898824560668, 43.580634623113234], [1.521797974101996, 43.58070524327904], [1.521527122428155, 43.58064756190971], [1.521455655527615, 43.58053859985822], [1.521477623926931, 43.58064688806898], [1.521377236428824, 43.5806995159629], [1.521105458035055, 43.58067781730397], [1.521153102277657, 43.580750458836576], [1.522041297261358, 43.58087053849494], [1.521982532325693, 43.58122970265462], [1.522328562211799, 43.58125240934941], [1.52243636056021, 43.58091191031153], [1.522535821182118, 43.580895265208014], [1.522463888898224, 43.58080429568866], [1.522593192960418, 43.58059007648685], [1.522537673734169, 43.580823297654945], [1.522636671066893, 43.580824644347835], [1.522727333000111, 43.581149844983265], [1.522715292805844, 43.581617634269136], [1.52300951096436, 43.58172962499664], [1.522908659948319, 43.58180024624736], [1.52297272302045, 43.582197077919126], [1.523131870723131, 43.58178528351829], [1.523306044794966, 43.58175165541964]], [[1.52303703862001, 43.581622010167436], [1.52296371560228, 43.58158501663057], [1.523038890567117, 43.5815500425695], [1.52303703862001, 43.581622010167436]], [[1.5230402795244, 43.58149606687338], [1.523015992891864, 43.581477738402256], [1.523040742509581, 43.581478074975124], [1.5230402795244, 43.58149606687338]], [[1.523090241745885, 43.58147874810388], [1.5230425944474, 43.58140610738431], [1.523092093621667, 43.581406780512204], [1.523090241745885, 43.58147874810388]], [[1.522946374186485, 43.58129680968391], [1.522922087668237, 43.581278481194346], [1.522946837199491, 43.58127881778852], [1.522946374186485, 43.58129680968391]], [[1.523196647200947, 43.58119222394136], [1.52317282358822, 43.58115590361427], [1.523197573068094, 43.5811562401513], [1.523196647200947, 43.58119222394136]], [[1.523152240636018, 43.58099364002939], [1.522980383775676, 43.58093730840524], [1.5231531665278, 43.5809576562447], [1.523152240636018, 43.58099364002939]], [[1.522954245368122, 43.580990947492865], [1.522929958976768, 43.58097261900894], [1.522954708376195, 43.580972955601275], [1.522954245368122, 43.580990947492865]], [[1.522731963791807, 43.58096992606726], [1.52270767748032, 43.5809515975339], [1.522732426869379, 43.580951934176895], [1.522731963791807, 43.58096992606726]], [[1.522761806940949, 43.58077235192162], [1.522787019311914, 43.58075469666407], [1.522811305565429, 43.58077302517719], [1.522761806940949, 43.58077235192162]], [[1.522243461141557, 43.58071130571983], [1.52231956181023, 43.58064034840876], [1.522417169301114, 43.5806956709564], [1.522416706126796, 43.580713662842264], [1.522243461141557, 43.58071130571983]], [[1.522644543833982, 43.58051878227947], [1.522620720850077, 43.580482461848284], [1.522645470036358, 43.58048279851095], [1.522644543833982, 43.58051878227947]]], [[[1.529502707444198, 43.58147576804707], [1.528932082047957, 43.58152203507995], [1.529252444683783, 43.58158036833975], [1.5300453567586, 43.58155510654434], [1.529502707444198, 43.58147576804707]]], [[[1.522616294103663, 43.58161628764715], [1.522572352349775, 43.581399711544215], [1.522591544428843, 43.58161595097756], [1.522616294103663, 43.58161628764715]]], [[[1.528601111494877, 43.58187751513499], [1.528717942479287, 43.5821490705155], [1.528766981165032, 43.58216773298845], [1.528601111494877, 43.58187751513499]]], [[[1.527207553942693, 43.58311849993131], [1.526349607183678, 43.582782894993095], [1.526812010202823, 43.583095137339164], [1.526809701119223, 43.583185097013896], [1.526885337629624, 43.58313212831701], [1.527177724876216, 43.58331607561975], [1.527207553942693, 43.58311849993131]], [[1.526836298731762, 43.583113464982056], [1.526861972678103, 43.58307781681562], [1.52688579942279, 43.583114136381965], [1.526836298731762, 43.583113464982056]]], [[[1.533323197982031, 43.58311126647399], [1.53307431461549, 43.58316189980132], [1.533197147001348, 43.58319955507709], [1.533323197982031, 43.58311126647399]]], [[[1.526299448406263, 43.583772115573446], [1.526475474357663, 43.58366651458714], [1.526326970873378, 43.58366449975811], [1.526299448406263, 43.583772115573446]]], [[[1.531567655673927, 43.58398745473917], [1.531689107953748, 43.584079087641314], [1.53176566168083, 43.58399013158046], [1.531642828542285, 43.58395247466532], [1.531567655673927, 43.58398745473917]]], [[[1.525967986486322, 43.584145580105165], [1.526223348505504, 43.583843075827005], [1.525777836740106, 43.58383702969602], [1.525870369706682, 43.58409026061599], [1.525967986486322, 43.584145580105165]], [[1.525848391702343, 43.58398197303512], [1.525923105947227, 43.58396498886082], [1.525922643845461, 43.583982980802396], [1.525848391702343, 43.58398197303512]], [[1.525922643845461, 43.583982980802396], [1.525946932466113, 43.58400130865543], [1.525922181743405, 43.58400097274419], [1.525922643845461, 43.583982980802396]]], [[[1.531083576955414, 43.584520854803756], [1.531337532464167, 43.58427231432541], [1.531613474628602, 43.58413205971785], [1.531469113040801, 43.58396812421801], [1.531120300335141, 43.58405339838337], [1.530839751720439, 43.58437357139371], [1.53091032012426, 43.58451851149859], [1.531083576955414, 43.584520854803756]]], [[[1.530358427294916, 43.58479901652898], [1.529935354509187, 43.58488328220267], [1.529933050248786, 43.58497324205523], [1.530082018051617, 43.58495725998453], [1.530358427294916, 43.58479901652898]]], [[[1.529364234555477, 43.58494754358589], [1.529509514568173, 43.5850754980528], [1.529560399893811, 43.58502219232407], [1.529364234555477, 43.58494754358589]]], [[[1.528082546072828, 43.58568610725375], [1.52803073587563, 43.58577539626023], [1.528104528944649, 43.58579439451042], [1.528081623195084, 43.585722091198406], [1.528231516241005, 43.58567012771286], [1.528082546072828, 43.58568610725375]]], [[[1.528672429956709, 43.585856083544186], [1.528654597327738, 43.585585868629245], [1.528529456328517, 43.585638168018754], [1.528621081795571, 43.58592738086504], [1.528565120608592, 43.58617859795695], [1.528610933747903, 43.586323204421596], [1.528733308730661, 43.58637885681044], [1.528614623963249, 43.586179268570405], [1.528672429956709, 43.585856083544186]]], [[[1.529153627658445, 43.58640254764058], [1.528829548530461, 43.586488149769345], [1.528952846422203, 43.58650781794573], [1.529153627658445, 43.58640254764058]]], [[[1.53158117700812, 43.590233022743945], [1.531550438520987, 43.59046658469883], [1.531698499444952, 43.59048658444327], [1.53158117700812, 43.590233022743945]]], [[[1.532849037237716, 43.59100608193886], [1.531989558822645, 43.59072449587981], [1.532430523543404, 43.59091043710767], [1.532849037237716, 43.59100608193886]]], [[[1.541880755556507, 43.57469539850714], [1.542029236382809, 43.57469739205974], [1.541906873413316, 43.574641755101304], [1.541880755556507, 43.57469539850714]]], [[[1.541882583657801, 43.57462343093643], [1.541783596570043, 43.574622101790304], [1.54173273181279, 43.57467541285915], [1.541779025998096, 43.574802020719446], [1.541882583657801, 43.57462343093643]]], [[[1.541135608023636, 43.574793379042504], [1.541060910216979, 43.574810373571665], [1.541037992532507, 43.57473807354409], [1.541185558951658, 43.5747760520309], [1.541162641123906, 43.574703752031354], [1.540989413510153, 43.57470142481803], [1.541010501921786, 43.5748456924176], [1.541135608023636, 43.574793379042504]]], [[[1.540934889362701, 43.574898670644245], [1.540862478093519, 43.57482570558146], [1.540786865424158, 43.57487868370431], [1.540934889362701, 43.574898670644245]]], [[[1.541177785755223, 43.575081914213705], [1.541006843513969, 43.57498962755547], [1.541102630312646, 43.57511690067029], [1.541251569428548, 43.575100903391615], [1.541204818925513, 43.57499228717406], [1.541177785755223, 43.575081914213705]]], [[[1.540705306465112, 43.57516555638045], [1.540658099530995, 43.57507493181547], [1.540606775898753, 43.57514623426732], [1.540705306465112, 43.57516555638045]]], [[[1.537883691854475, 43.57611749678819], [1.537910730655279, 43.57602787050393], [1.538083045693162, 43.57606618641796], [1.539207208864231, 43.57566735844656], [1.539778225472109, 43.57560304572782], [1.539680609911924, 43.57554773897825], [1.539258534700666, 43.575596056630246], [1.538060131257748, 43.5759938856989], [1.537863527423665, 43.57593724467], [1.537785618924534, 43.57608018020919], [1.537536769976606, 43.57613082351363], [1.537385076475071, 43.57625476706768], [1.537458401976726, 43.57629175073201], [1.537883691854475, 43.57611749678819]]], [[[1.534670612153319, 43.57688410360809], [1.534228369597811, 43.57675214894014], [1.533928181127113, 43.57687408349914], [1.533681623401808, 43.57683475856401], [1.532981791047827, 43.57709527856981], [1.532858971864483, 43.57705762321014], [1.532187561616204, 43.5771745373712], [1.532135305385039, 43.57728181969223], [1.533328260085677, 43.57709995827185], [1.533729280367935, 43.576907394385394], [1.53397629795902, 43.57692872732645], [1.534052838606704, 43.576839770095404], [1.534448801563355, 43.57684511433046], [1.534693063378519, 43.57697439697816], [1.53486675683764, 43.57695874234574], [1.534893341511714, 43.576887108651164], [1.535039991014263, 43.5769610793282], [1.535016161664632, 43.576924761705875], [1.535043664508328, 43.576817144194294], [1.535114693401638, 43.5769440889147], [1.535410748082765, 43.57698407811175], [1.536556943123877, 43.57669356240668], [1.536833753351617, 43.57651731148899], [1.537357578290103, 43.57636238513003], [1.537385076475071, 43.57625476706768], [1.536358962060943, 43.576690894312655], [1.535290223090966, 43.57685646603699], [1.535191232305741, 43.576855130880425], [1.535145410146993, 43.57671052814166], [1.535045960432764, 43.576727184742865], [1.535001975529253, 43.576510614406544], [1.534804913685488, 43.57647195970695], [1.53489885229034, 43.5766712059742], [1.534973095135861, 43.57667220754983], [1.534920385343673, 43.57679748306346], [1.534670612153319, 43.57688410360809]], [[1.535018916829975, 43.576816810357435], [1.53499462835288, 43.57679848462443], [1.535019376023191, 43.576798818466806], [1.535018916829975, 43.576816810357435]], [[1.534920385343673, 43.57679748306346], [1.534944214579879, 43.57683380070357], [1.534919466894924, 43.576833466844064], [1.534920385343673, 43.57679748306346]]], [[[1.541439150240527, 43.57746116767632], [1.541487274713859, 43.57751580819822], [1.541687544404294, 43.577428507310344], [1.541564718798248, 43.57739086178665], [1.541439150240527, 43.57746116767632]]], [[[1.541930910936984, 43.57759375758924], [1.541781051382021, 43.577645739686076], [1.541778765975271, 43.577735699337], [1.541830547532182, 43.57764640427296], [1.542203139540081, 43.577597412162284], [1.542303959433471, 43.57752677320562], [1.541930910936984, 43.57759375758924]], [[1.542029446149902, 43.57761307853399], [1.542005155098028, 43.57759475435865], [1.542029903152282, 43.57759508660385], [1.542029446149902, 43.57761307853399]]], [[[1.541161435052194, 43.577673414301096], [1.541062900027862, 43.57765409256808], [1.540836965735369, 43.57777704366084], [1.540935958241395, 43.57777837367261], [1.540908923339327, 43.57786800081903], [1.541161435052194, 43.577673414301096]], [[1.540986826487983, 43.57772506286186], [1.541010659947076, 43.57776137919433], [1.540961163707277, 43.57776071423377], [1.540986826487983, 43.57772506286186]]], [[[1.541631191555657, 43.57769772157801], [1.54128106033331, 43.57783700379219], [1.541154575894173, 43.57794329323667], [1.541428177686289, 43.57789297396172], [1.54145338305107, 43.577875314407194], [1.541430006456792, 43.57782100623854], [1.541926340590145, 43.57777367689649], [1.541678859296576, 43.577770353954456], [1.541631191555657, 43.57769772157801]], [[1.541428634879345, 43.577874982030586], [1.541404343908429, 43.57785665771752], [1.541429092072114, 43.577856990099676], [1.541428634879345, 43.577874982030586]]], [[[1.540583995008416, 43.57798962136718], [1.54073339913373, 43.57795563283858], [1.540755860314116, 43.57804592502243], [1.540807643741995, 43.5779566304268], [1.540685275009248, 43.577900991965926], [1.540583995008416, 43.57798962136718]]], [[[1.541300778928277, 43.57803524744617], [1.541400229093406, 43.57801858510269], [1.541303522328684, 43.57792729585532], [1.541300778928277, 43.57803524744617]]], [[[1.540506547981661, 43.578114567131486], [1.540508377914644, 43.57804259941276], [1.540558331859265, 43.578025272650464], [1.540433675694317, 43.578059593548915], [1.540506547981661, 43.578114567131486]]], [[[1.540878686791303, 43.57808357147793], [1.540704076725139, 43.5781352195989], [1.540628002104059, 43.57820618966509], [1.54077740676696, 43.578172201070814], [1.540878686791303, 43.57808357147793]]], [[[1.540431388159629, 43.57814955319737], [1.540308104288612, 43.57812989816366], [1.540207738458203, 43.57818254336744], [1.540381434068544, 43.57816687990278], [1.540404809811668, 43.578221188310174], [1.540431388159629, 43.57814955319737]]], [[[1.540628002104059, 43.57820618966509], [1.540527636433635, 43.57825883516726], [1.540426813068745, 43.578329472510994], [1.540628002104059, 43.57820618966509]]], [[[1.539452928682566, 43.57865834319491], [1.539175200358788, 43.57887058491758], [1.539773743743184, 43.57869865337394], [1.540426813068745, 43.578329472510994], [1.539774659178911, 43.57866266950569], [1.539652289942327, 43.578607029853714], [1.539452928682566, 43.57865834319491]], [[1.53970041367545, 43.578661671210874], [1.539675207426134, 43.57867933036821], [1.53967566517487, 43.57866133843465], [1.53970041367545, 43.578661671210874]], [[1.539575755615629, 43.57869599113987], [1.53955146488877, 43.57867766640197], [1.539576213395669, 43.5786779992065], [1.539575755615629, 43.57869599113987]]], [[[1.535840110007414, 43.57859169802875], [1.536112342954455, 43.57859536787027], [1.536112801819196, 43.5785773759528], [1.535866694223107, 43.57852006401464], [1.535840110007414, 43.57859169802875]]], [[[1.539081243312216, 43.57867134204461], [1.539129824475884, 43.57870799172535], [1.539156862551268, 43.578618364969465], [1.539306269157928, 43.57858437838908], [1.539404347354633, 43.57862169365993], [1.539431384960758, 43.5785320668411], [1.539529920942956, 43.57855139006604], [1.539680242646452, 43.57848141911117], [1.539656867482841, 43.578427110538044], [1.539256772228271, 43.57858371265141], [1.538859422821074, 43.57863236172609], [1.538733390190224, 43.57872065647889], [1.538931836345993, 43.57870532831752], [1.539028540649757, 43.57879661972588], [1.539081243312216, 43.57867134204461]], [[1.539380514554566, 43.57858537695328], [1.539405720853282, 43.578567717865454], [1.539405263020686, 43.57858570979673], [1.539380514554566, 43.57858537695328]], [[1.539530378736208, 43.578533398134674], [1.539506088092633, 43.5785150733887], [1.539530836529172, 43.57851540620352], [1.539530378736208, 43.578533398134674]], [[1.538858964816741, 43.578650353655895], [1.538883255310983, 43.57866867854828], [1.538858506812121, 43.578668345585875], [1.538858964816741, 43.578650353655895]], [[1.539031288359557, 43.57868866813535], [1.538957958782897, 43.578651685471286], [1.539032204260527, 43.57865268427362], [1.539031288359557, 43.57868866813535]]], [[[1.539229298955817, 43.5796632288963], [1.539428206071662, 43.57962990787417], [1.53947358352846, 43.579792501045915], [1.539576699576303, 43.57963190478656], [1.539901639337246, 43.579510287113024], [1.54062301629077, 43.579375998268254], [1.54172156376244, 43.579012794671875], [1.541826500424668, 43.57878022858767], [1.541948415100109, 43.57885385774212], [1.54189663263737, 43.57894315293728], [1.541996084202433, 43.578926490037695], [1.541974077756367, 43.578818206109865], [1.542124397179289, 43.578748231759384], [1.54225956342951, 43.57830009422913], [1.542752703554596, 43.57837870467516], [1.542921831775948, 43.578542956583796], [1.543095071060338, 43.57854528072118], [1.543024479235603, 43.57840034913463], [1.54314685129997, 43.57845598497935], [1.543200457944526, 43.57829472144174], [1.543375522835391, 43.57822507735821], [1.543478625151639, 43.57806447756965], [1.543954319075403, 43.57785487957442], [1.543961621457346, 43.57756700854085], [1.543888290137354, 43.57753002923431], [1.5438360554499, 43.5776373172102], [1.54390756121578, 43.57774626431228], [1.543106487869764, 43.578095482130756], [1.543053794520474, 43.578220761714874], [1.542929596148549, 43.578237093540054], [1.542926855791196, 43.578345045195206], [1.542806311234228, 43.57821744134074], [1.542461205297511, 43.57815881605193], [1.542389701762726, 43.57804986796639], [1.541993272741456, 43.578062544612315], [1.541940576992965, 43.57818782365349], [1.541815464227017, 43.578240138079316], [1.541814093001985, 43.578294113891914], [1.542004310577861, 43.57860263503595], [1.541754997320452, 43.57867128003725], [1.541729334593816, 43.57870693161409], [1.541750426336472, 43.57885119947183], [1.540899826968881, 43.57919973665926], [1.539655066197666, 43.579470975666155], [1.539501995011934, 43.57964889830071], [1.539533610952182, 43.579379351964086], [1.538946967337175, 43.57908349186306], [1.53904184049669, 43.5792467510326], [1.539060635947608, 43.57948097916901], [1.539183464383572, 43.579518627579105], [1.539229298955817, 43.5796632288963]], [[1.541826500424668, 43.57878022858767], [1.541777917478226, 43.578743580111286], [1.541802666026439, 43.57874391240853], [1.541826500424668, 43.57878022858767]], [[1.541777917478226, 43.578743580111286], [1.541753626028266, 43.578725255865294], [1.54177837456844, 43.57872558816806], [1.541777917478226, 43.578743580111286]], [[1.542234358126224, 43.578317753975924], [1.542183947473129, 43.57835307345263], [1.542185318351811, 43.57829909763313], [1.542234358126224, 43.578317753975924]], [[1.543049684332086, 43.57838268920347], [1.543000644237226, 43.57836403322795], [1.543050597709287, 43.578346705315546], [1.543049684332086, 43.57838268920347]], [[1.543427758918374, 43.57811778955999], [1.543378718926943, 43.578099133758606], [1.543428215486515, 43.57809979761764], [1.543427758918374, 43.57811778955999]], [[1.541865417949009, 43.57822281071349], [1.541937834778099, 43.57829577527996], [1.541839298424178, 43.57827645424295], [1.541865417949009, 43.57822281071349]], [[1.541853534323722, 43.57869060115606], [1.541877368731997, 43.578726917322726], [1.541852620190678, 43.57872658504251], [1.541853534323722, 43.57869060115606]], [[1.53906246773689, 43.579409011406334], [1.53908675861712, 43.57942733626288], [1.53906200979, 43.57942700334666], [1.53906246773689, 43.579409011406334]], [[1.542508417614158, 43.578249440027506], [1.542483212409669, 43.57826709983143], [1.542483669275036, 43.57824910789119], [1.542508417614158, 43.578249440027506]], [[1.542310887828561, 43.57822879083987], [1.542285682572372, 43.57824645059771], [1.542286139499485, 43.578228458658565], [1.542310887828561, 43.57822879083987]]], [[[1.537000535868454, 43.57871532502329], [1.536112342954455, 43.57859536787027], [1.536085759010427, 43.57866700194827], [1.537121985665922, 43.57880695151553], [1.537000535868454, 43.57871532502329]], [[1.536185211783524, 43.578650344372534], [1.536160922158326, 43.578632018876974], [1.536185670625866, 43.57863235245403], [1.536185211783524, 43.578650344372534]]], [[[1.537346098052876, 43.578755975760146], [1.537222355417863, 43.578754309140315], [1.53717148276329, 43.57880761822612], [1.537270018457722, 43.57882694350492], [1.537246645433647, 43.57877263440007], [1.537346098052876, 43.578755975760146]]], [[[1.538186631729207, 43.578803288893646], [1.53729568400745, 43.578791292978785], [1.537319057085516, 43.578845602073784], [1.537664620279725, 43.578886251800945], [1.538308999963544, 43.57885893020444], [1.538186631729207, 43.578803288893646]], [[1.538136676391714, 43.57882061457452], [1.538061972456853, 43.57883760708865], [1.538062430712475, 43.578819615159915], [1.538136676391714, 43.57882061457452]]], [[[1.538876843324718, 43.5789205655931], [1.538952005103657, 43.57888558058422], [1.539150451771186, 43.578870252021645], [1.538927714495687, 43.57886725570442], [1.538876843324718, 43.5789205655931]]], [[[1.538777390864574, 43.57893722563655], [1.538652731654541, 43.57897154451279], [1.538799849352408, 43.57902751828646], [1.538777390864574, 43.57893722563655]]], [[[1.533898702524606, 43.57899746179751], [1.534023824155268, 43.57894515646372], [1.533774959469251, 43.57899579124993], [1.533898702524606, 43.57899746179751]]], [[[1.537884149379601, 43.57901519421528], [1.537983602234055, 43.57899853498883], [1.537661869990398, 43.578994203371714], [1.537611455930029, 43.57902952074278], [1.537957478728811, 43.57905217761363], [1.537884149379601, 43.57901519421528]], [[1.537784696467423, 43.57903185335086], [1.537710908888441, 43.57901286176583], [1.5377851548115, 43.579013861420854], [1.537784696467423, 43.57903185335086]]], [[[1.537089441592058, 43.57911248089879], [1.537116941597072, 43.57900486269861], [1.537191646029329, 43.578987870832464], [1.537017947064606, 43.57900352920496], [1.537089441592058, 43.57911248089879]]], [[[1.538253546262201, 43.579092159120414], [1.538553279041036, 43.5789882043516], [1.538381413074631, 43.578931897174286], [1.538379580446741, 43.57900386490161], [1.538081680278566, 43.57903585146475], [1.538100471742672, 43.57927007973301], [1.538152718635419, 43.57916279439402], [1.538299378151473, 43.57923676078717], [1.538253546262201, 43.579092159120414]]], [[[1.533855111314833, 43.57973479632621], [1.53450823049077, 43.57936565078531], [1.53443811873184, 43.579202721617996], [1.534242885847577, 43.579092098157574], [1.534392296596275, 43.57905811832553], [1.534465164365446, 43.579113095999375], [1.534417964036522, 43.57902246847366], [1.534692036189415, 43.578954174214644], [1.534669584191532, 43.578863880720085], [1.535116895010826, 43.578797922696474], [1.535164096258552, 43.57888854990431], [1.535263090549647, 43.578889885087484], [1.535364380353737, 43.578801260592584], [1.536008301279186, 43.578791944563726], [1.536059175000053, 43.578738636023324], [1.535542210563314, 43.578623677617756], [1.535195272996154, 43.57863699688727], [1.534621924411359, 43.57879124521254], [1.534169099362996, 43.57907310416567], [1.533523336264538, 43.57915437694555], [1.533967893418786, 43.57919637512145], [1.533990803978351, 43.57926867686475], [1.534236453452335, 43.57934398500214], [1.534258445504059, 43.57945227053671], [1.533857868798466, 43.57962684479643], [1.533855111314833, 43.57973479632621]], [[1.535317637976473, 43.57869264156171], [1.535293807732399, 43.57865632395659], [1.535318556205377, 43.57865665773125], [1.535317637976473, 43.57869264156171]], [[1.535416631933296, 43.578693976604775], [1.535367594053397, 43.57867531717896], [1.535417091016876, 43.57867598468899], [1.535416631933296, 43.578693976604775]]], [[[1.536462467017803, 43.57942799962061], [1.536165940145421, 43.579406005150226], [1.535667292094319, 43.57954326785747], [1.535914321748064, 43.57956459642997], [1.535990403996865, 43.5794936295984], [1.536462467017803, 43.57942799962061]]], [[[1.536604537854807, 43.57968188763105], [1.536355213453482, 43.57975052028914], [1.536354295856913, 43.579786504155706], [1.5361805942472, 43.5798021611978], [1.536179676540345, 43.57983814506419], [1.536353378259193, 43.579822488023176], [1.53640012351628, 43.57993110669355], [1.536501872154932, 43.579824489139526], [1.536698029267375, 43.57989912472252], [1.536872648303121, 43.57984748297854], [1.536826360870263, 43.57972087258301], [1.536727823790734, 43.5797015468897], [1.536803446558785, 43.57964857141515], [1.536660457525537, 43.579430667531014], [1.53660958374975, 43.57948397637867], [1.536537630932552, 43.579393016270124], [1.536512882135026, 43.579392682773076], [1.536511964643011, 43.57942866663204], [1.536462467017803, 43.57942799962061], [1.536462008255856, 43.5794459915502], [1.536604537854807, 43.57968188763105]], [[1.536634332587199, 43.5794843098537], [1.536658622724159, 43.57950263525422], [1.536633873878669, 43.57950230178473], [1.536634332587199, 43.5794843098537]], [[1.536511964643011, 43.57942866663204], [1.536536254717362, 43.57944699205923], [1.536511505896572, 43.57944665856186], [1.536511964643011, 43.57942866663204]], [[1.536577495293465, 43.57977151381774], [1.536553663804449, 43.57973519646181], [1.536578412749882, 43.579735529949645], [1.536577495293465, 43.57977151381774]], [[1.536702157481362, 43.579737197304205], [1.536727365109771, 43.579719538823845], [1.53672690642852, 43.5797375307582], [1.536702157481362, 43.579737197304205]], [[1.536702616170367, 43.57971920536995], [1.536678325927722, 43.57970087997651], [1.536703074859084, 43.57970121343592], [1.536702616170367, 43.57971920536995]]], [[[1.538336504964496, 43.57972320928952], [1.538358504895733, 43.579831494022315], [1.538160971159287, 43.57981083726485], [1.538230636015494, 43.57999175604159], [1.538083974659097, 43.5799177895169], [1.538057392563058, 43.579989424143214], [1.537885524085435, 43.579933116142094], [1.537907064932473, 43.58005939292538], [1.537809901941139, 43.57998609238049], [1.537831900979756, 43.58009437723969], [1.537706780314165, 43.580146687001964], [1.537636200124527, 43.58000175175253], [1.537534911709614, 43.5800903784399], [1.537067888824219, 43.57995810177003], [1.536992724492706, 43.5799930855012], [1.537407498425531, 43.58023264757479], [1.537679739254833, 43.580236313492], [1.537529410517378, 43.58030628176346], [1.538501501373158, 43.580049395731656], [1.538361712084003, 43.57970555043003], [1.538461624133209, 43.579670898817234], [1.538364461091319, 43.57959759878822], [1.538592698317419, 43.57938469299071], [1.53898959518925, 43.579354036805476], [1.539037718917811, 43.579408678484576], [1.538897011985325, 43.579100817897], [1.538650441292566, 43.5790615041807], [1.538598195422222, 43.579168789751506], [1.538425412582999, 43.579148466506325], [1.538419456682363, 43.5793823616708], [1.538319545109902, 43.579417013237844], [1.538048682918872, 43.579359373119374], [1.538121554572193, 43.5794143483517], [1.538043183729041, 43.57957527635934], [1.538336504964496, 43.57972320928952]], [[1.538119721603117, 43.57948631609876], [1.538144928685288, 43.57946865729251], [1.538144470450342, 43.57948664922971], [1.538119721603117, 43.57948631609876]], [[1.537754903486136, 43.5802013292795], [1.537780110994511, 43.580183670549125], [1.537779652639513, 43.58020166249373], [1.537754903486136, 43.5802013292795]], [[1.537780110994511, 43.580183670549125], [1.537805318487378, 43.580166011813134], [1.537804860140422, 43.580184003757616], [1.537780110994511, 43.580183670549125]], [[1.537954729922345, 43.58013202705535], [1.537929522490364, 43.5801496858256], [1.537929980797974, 43.58013169388101], [1.537954729922345, 43.58013202705535]], [[1.537979479047003, 43.58013236022402], [1.538079392069812, 43.58009770895256], [1.538078933809303, 43.58011570089735], [1.537979479047003, 43.58013236022402]], [[1.538278759556236, 43.58004639808117], [1.538228803164737, 43.58006372381937], [1.538229261377857, 43.580045731874584], [1.538278759556236, 43.58004639808117]], [[1.538291130783172, 43.57956061565059], [1.538342461238484, 43.57948931407422], [1.538315879663425, 43.57956094874251], [1.538291130783172, 43.57956061565059]], [[1.538392417095796, 43.57947198829066], [1.538367210088295, 43.57948964715441], [1.538367668253452, 43.579471655216224], [1.538392417095796, 43.57947198829066]], [[1.538817269676875, 43.57931572224215], [1.538792978929903, 43.57929739732675], [1.538818185722008, 43.57927973836657], [1.538817269676875, 43.57931572224215]]], [[[1.53499494004613, 43.57969618343337], [1.535265800759918, 43.579753831180554], [1.535517880837618, 43.57957724945482], [1.535318053390786, 43.57964654716915], [1.534872573239427, 43.5796405383566], [1.534543028426385, 43.57994206026274], [1.534641105846263, 43.57997937986987], [1.534742398533049, 43.57989075588792], [1.534719486778552, 43.579818454271944], [1.53499494004613, 43.57969618343337]], [[1.534692900529969, 43.57989008806986], [1.534668610856598, 43.57987176222482], [1.534693359849952, 43.57987209614221], [1.534692900529969, 43.57989008806986]], [[1.534895025860369, 43.579730831857916], [1.534870736189859, 43.57971250606006], [1.534895485115727, 43.57971283993136], [1.534895025860369, 43.579730831857916]]], [[[1.535879935025255, 43.57994209334419], [1.535954182118277, 43.579943094251455], [1.536030723720128, 43.57985413544023], [1.535882229764127, 43.57985213367973], [1.535879935025255, 43.57994209334419]]], [[[1.537761320538525, 43.57994944207684], [1.537733821289057, 43.58005706051078], [1.537808068563083, 43.580058060150876], [1.537759945460611, 43.580003417902304], [1.537761320538525, 43.57994944207684]]], [[[1.538354466135236, 43.59068434008398], [1.538477318084528, 43.59072198958496], [1.538478234524855, 43.59068600542777], [1.538354466135236, 43.59068434008398]]], [[[1.538306333602638, 43.59062969767517], [1.537985911254437, 43.59057139075344], [1.537934570444762, 43.590642692708904], [1.538033126715208, 43.59066201745395], [1.537858934234645, 43.59069566937458], [1.537835555819838, 43.590641359949686], [1.537734707389134, 43.59071199540068], [1.537660446333821, 43.590710995703056], [1.537687950825568, 43.590603376493206], [1.537638443549309, 43.59060271001251], [1.537610938965049, 43.59071032920979], [1.53756326562501, 43.59063769439654], [1.537536677914048, 43.59070932942757], [1.537439038820881, 43.590654020083875], [1.537436746090316, 43.5907439804546], [1.537336814145916, 43.590778631390506], [1.537313894776567, 43.59070632977631], [1.537237340690746, 43.59079529016074], [1.537115865340581, 43.59070366303614], [1.537113572101478, 43.590793623403115], [1.536915083662862, 43.590808948370814], [1.536713842473681, 43.59093222541591], [1.536591450044257, 43.59087658184238], [1.536539648399494, 43.59096587522744], [1.536615286183459, 43.590912899470375], [1.536613450958361, 43.59098486776548], [1.536861447669006, 43.59097021020454], [1.536838528822001, 43.59089790848049], [1.537160327732998, 43.590902242572064], [1.537088359728047, 43.59081128210862], [1.537212128354664, 43.59081294889498], [1.537284096557861, 43.590903909276555], [1.537182788358837, 43.590992536305066], [1.53728180357445, 43.59099386965954], [1.537383111622927, 43.59090524253864], [1.537335438409314, 43.590832607615624], [1.537584809780662, 43.59076397218038], [1.537758544183415, 43.5907483127737], [1.537879562245319, 43.59085793126037], [1.537858475820405, 43.59071366145056], [1.538003330995505, 43.59085959714541], [1.538205027466188, 43.59071832564012], [1.538132141380358, 43.59066335003312], [1.538306333602638, 43.59062969767517]], [[1.537286389534084, 43.590813948899125], [1.537261177204896, 43.590831607645], [1.537261635807323, 43.590813615570056], [1.537286389534084, 43.590813948899125]]], [[[1.532849037237716, 43.59100608193886], [1.533144243087593, 43.591082061822505], [1.533416535108004, 43.5910857384527], [1.533121328878742, 43.591009759308754], [1.532849037237716, 43.59100608193886]]], [[[1.533591191131785, 43.591034101583965], [1.533442668334759, 43.59103209647278], [1.533441288929771, 43.59108607265796], [1.533515090617835, 43.59110506730242], [1.533591191131785, 43.591034101583965]]], [[[1.534949435284646, 43.59117841679012], [1.535590740370046, 43.591277055578104], [1.535716346319324, 43.59120675577671], [1.536111949585483, 43.59123008607521], [1.536212341989726, 43.59117744418015], [1.536115162340611, 43.59110414155462], [1.536438338941511, 43.5910545015655], [1.53643925666554, 43.59101851741725], [1.535918967689715, 43.591029504339474], [1.535593036015422, 43.59118709521325], [1.534949435284646, 43.59117841679012]], [[1.536114703376456, 43.591122133628325], [1.536089490551382, 43.59113979210603], [1.536089949523582, 43.591121800032205], [1.536114703376456, 43.591122133628325]], [[1.535841033860485, 43.59117243997965], [1.535816739045611, 43.59115411424809], [1.535841492910834, 43.591154447906455], [1.535841033860485, 43.59117243997965]]], [[[1.553863236420947, 43.569744208394056], [1.553987413309558, 43.56972786416335], [1.554038715479983, 43.569656555658646], [1.553914085545206, 43.569690891827925], [1.553863236420947, 43.569744208394056]]], [[[1.552273221524998, 43.56997499227613], [1.552145413439757, 43.57013526957448], [1.552516133272552, 43.570158209857794], [1.55246981915471, 43.57003160698495], [1.552273221524998, 43.56997499227613]]], [[[1.552340196643006, 43.57026385204494], [1.552192634444089, 43.5702258888337], [1.552117945853645, 43.570242890913285], [1.552091839538752, 43.57029653660981], [1.552340196643006, 43.57026385204494]]], [[[1.550962421272603, 43.5709113990354], [1.551136546044206, 43.57087772656726], [1.551160837168396, 43.57089604861458], [1.551137454233508, 43.57084174279948], [1.551063218647182, 43.570840752277235], [1.550988528922398, 43.57085775358739], [1.550962421272603, 43.5709113990354]]], [[[1.550492262051184, 43.57090512411283], [1.550590788665171, 43.570924437200595], [1.550641641873681, 43.57087112212286], [1.550519278713769, 43.57081549501613], [1.550492262051184, 43.57090512411283]]], [[[1.552281421841901, 43.57161291387962], [1.551804212969219, 43.57090463087686], [1.551754722516173, 43.57090397083815], [1.551966537522309, 43.571338746210806], [1.552281421841901, 43.57161291387962]]], [[[1.551865286514204, 43.571427385725826], [1.551843718205527, 43.57130111247101], [1.55176948201304, 43.57130012243123], [1.551865286514204, 43.571427385725826]]], [[[1.550109723368646, 43.57134996586218], [1.550282486872329, 43.57137027041002], [1.550259104575128, 43.571315964387836], [1.550109723368646, 43.57134996586218]]], [[[1.549983269566737, 43.57145626510736], [1.549856360795024, 43.57158055610058], [1.550057051492489, 43.57147524825518], [1.549983269566737, 43.57145626510736]]], [[[1.549658851312212, 43.571559920372], [1.549680414912636, 43.57168619408346], [1.549781215225051, 43.57161554847706], [1.549658851312212, 43.571559920372]]], [[[1.552281421841901, 43.57161291387962], [1.552352482409744, 43.57173984686417], [1.552448288937017, 43.571867109683446], [1.552306167376872, 43.57161324378194], [1.552281421841901, 43.57161291387962]]], [[[1.549480632029133, 43.57175551747151], [1.549577795990647, 43.57182880715603], [1.549679505796752, 43.57172217786022], [1.549604359933617, 43.57175717011776], [1.549480632029133, 43.57175551747151]]], [[[1.549180502083558, 43.57187749375911], [1.549251556122888, 43.57200442879597], [1.549200700619632, 43.5720577432649], [1.549224082217783, 43.572112049543], [1.549349629542073, 43.57204173491527], [1.549276756495862, 43.571986767498416], [1.549355085491187, 43.571825832236655], [1.549180502083558, 43.57187749375911]], [[1.54927902992499, 43.57189680805005], [1.549254738977933, 43.57187848556903], [1.549279484609961, 43.571878816161046], [1.54927902992499, 43.57189680805005]]], [[[1.552392899429449, 43.57210034467984], [1.552337055741611, 43.57235157159336], [1.552386547449236, 43.57235223136736], [1.552464868225741, 43.57219129382188], [1.552392899429449, 43.57210034467984]]], [[[1.551799236925881, 43.57306431899738], [1.552176782330484, 43.572817381792504], [1.551876198682754, 43.5729573575344], [1.551799236925881, 43.57306431899738]]], [[[1.548694869634196, 43.57248293538515], [1.548899658886876, 43.57221570258717], [1.549047224022547, 43.572253670325445], [1.54909898932976, 43.57216437213724], [1.548850622158957, 43.57219704933304], [1.548877641992382, 43.57210742056407], [1.548704421900633, 43.5721051056602], [1.548625635807538, 43.57228403237505], [1.548551398399631, 43.57228304013485], [1.54865402068316, 43.57214042798698], [1.548611352645243, 43.5718698881973], [1.54903794018898, 43.57164161546446], [1.549383922966233, 43.57166423581705], [1.549211158895753, 43.571643929835616], [1.549311505039009, 43.57159127655213], [1.549340797180963, 43.571411688287114], [1.54924045137846, 43.57146434159107], [1.548919670098191, 43.571424059576756], [1.548718067777445, 43.57156534908134], [1.548813411127709, 43.57171060697591], [1.548620450471013, 43.5715100505225], [1.548271738938534, 43.57159537902272], [1.547942765784779, 43.57187894800643], [1.54793912494576, 43.57202288307991], [1.548110524549275, 43.572097166749415], [1.548009721335461, 43.57216781082886], [1.547912103686939, 43.572112511610094], [1.547934573871315, 43.57220280194189], [1.547738428449171, 43.572128187051646], [1.547485963418411, 43.572322788108536], [1.546461818320706, 43.57268704203491], [1.54628814094895, 43.57270271516347], [1.546341277786909, 43.572559442606156], [1.546142854854043, 43.572574784239336], [1.546015023866919, 43.572735054612934], [1.545689223769143, 43.572892673774454], [1.54559069542641, 43.572873356213385], [1.545538012291148, 43.572998636547396], [1.544228858284697, 43.573862996409375], [1.543634486898493, 43.573873024904366], [1.543558421547968, 43.57394399681258], [1.543337529408951, 43.57386904198758], [1.542989709041348, 43.5739183698883], [1.542745898294115, 43.57377111428947], [1.542250513246539, 43.573782463478025], [1.542147872121038, 43.57392506973767], [1.542125410363605, 43.57383477810053], [1.541977845742179, 43.57379680091561], [1.541900864418651, 43.573903755425924], [1.541654771080173, 43.57384645678917], [1.54152738186342, 43.57398873013893], [1.541651114351321, 43.57399039184864], [1.541721240214951, 43.574153315768726], [1.541302834597791, 43.57405770623526], [1.541098917948888, 43.57428894127986], [1.540950438211305, 43.57428694645595], [1.54092157568016, 43.57444854093048], [1.540774010277493, 43.57441056209365], [1.540595294446524, 43.574624136886705], [1.540643873151878, 43.57466078578709], [1.540545343472531, 43.57464146362502], [1.540543056249026, 43.57473142306195], [1.54034370924413, 43.57478273789981], [1.540416119799771, 43.57485570330631], [1.54021677224986, 43.5749070179156], [1.540140701304193, 43.57497798748114], [1.540213569399312, 43.57503296114243], [1.540040798435883, 43.57501264052539], [1.540062342177425, 43.57513891644923], [1.539989931714208, 43.575065950792506], [1.539864823974379, 43.575118262857806], [1.539812583962135, 43.57522554871859], [1.539886367368482, 43.575244538825835], [1.539786006195748, 43.575297183534296], [1.53992945444101, 43.5754970907824], [1.539827262161191, 43.57562170312241], [1.539925335634978, 43.57565901784596], [1.539953286306246, 43.57553340729063], [1.540751598779788, 43.575292164721844], [1.540679644653734, 43.57520120762236], [1.540578369407183, 43.575289836851965], [1.540429887098991, 43.575287841315024], [1.540582028908409, 43.57514590169843], [1.54053665198508, 43.57498330951505], [1.540734627353051, 43.574985969990706], [1.540738743828106, 43.57482404297231], [1.540837731239863, 43.5748253730709], [1.540917002420464, 43.5746284598016], [1.541066397601358, 43.574594470894375], [1.541045309141543, 43.5744502033309], [1.541493035389365, 43.57436622736557], [1.541295976536483, 43.57432758450098], [1.541297805359136, 43.57425561695854], [1.541346384201123, 43.574292265535284], [1.541471488790876, 43.57423995179346], [1.541543442966701, 43.57433090830748], [1.541495778252926, 43.574258276045384], [1.541546185733789, 43.57422295698866], [1.541715298260301, 43.574387210301246], [1.541890353037165, 43.57431756880079], [1.541967791929927, 43.574192622379805], [1.541989796591032, 43.57430090596056], [1.542041117749832, 43.57422960289712], [1.542237719857317, 43.5742862362965], [1.542117642301903, 43.5741406401502], [1.542216171650869, 43.57415996087914], [1.54221799931464, 43.5740879933296], [1.542367392318821, 43.57405400264558], [1.542319269909739, 43.57399936264525], [1.542344930165688, 43.573963711045764], [1.542466835277683, 43.574037339371635], [1.542665264247694, 43.57402200443903], [1.542835292829409, 43.57415027220503], [1.542911359347201, 43.57407930079309], [1.543204665045846, 43.5742272200112], [1.543453044212751, 43.57419455568109], [1.5430731689788, 43.57453142227231], [1.543097002431835, 43.57456773806627], [1.544401171040938, 43.57390130224163], [1.545256230237523, 43.573372820000955], [1.545535277088567, 43.57310658787488], [1.547759077710571, 43.57229044496928], [1.5480789528881, 43.57236671421547], [1.548248078636488, 43.57253095714302], [1.548314126494143, 43.57285580370216], [1.548367713394952, 43.57269453824296], [1.548540935251565, 43.57269685368483], [1.548607894765852, 43.57298571630307], [1.548590427213163, 43.57269751518891], [1.548343877385567, 43.57265822365307], [1.548321406379228, 43.572567933377314], [1.548523923048706, 43.57239066072564], [1.548694869634196, 43.57248293538515]], [[1.548347062268049, 43.57253228039537], [1.548322771349554, 43.57251395769779], [1.54834751725012, 43.572514288502305], [1.548347062268049, 43.57253228039537]], [[1.548573869656169, 43.57237333034508], [1.548650836495794, 43.572266371219285], [1.548774110631049, 43.57228601670326], [1.548647652294456, 43.57239231446257], [1.548573869656169, 43.57237333034508]], [[1.540028900607201, 43.57548042972396], [1.539955574485882, 43.575443447815914], [1.540029358219582, 43.575462437828925], [1.540028900607201, 43.57548042972396]], [[1.540029358219582, 43.575462437828925], [1.540054562947515, 43.57544477862887], [1.540054105343174, 43.57546277052381], [1.540029358219582, 43.575462437828925]], [[1.540030273443483, 43.575426454039494], [1.5399812368552, 43.575407796739086], [1.540030731055004, 43.57540846214513], [1.540030273443483, 43.575426454039494]], [[1.540233740891208, 43.575213212710835], [1.540307524421013, 43.575232202531815], [1.54023282579824, 43.575249196496635], [1.540233740891208, 43.575213212710835]], [[1.539936776705476, 43.57520922049186], [1.539912944985264, 43.57517290398821], [1.539937691983371, 43.57517323670957], [1.539936776705476, 43.57520922049186]], [[1.540434004455247, 43.575125914274146], [1.540482583482238, 43.57516256325946], [1.540433089489198, 43.57516189805945], [1.540434004455247, 43.575125914274146]], [[1.540334559020739, 43.57514257569941], [1.540285980105159, 43.57510592664839], [1.54033547404824, 43.57510659191544], [1.540334559020739, 43.57514257569941]], [[1.540642958324787, 43.574696769562514], [1.540618668949424, 43.574678445114266], [1.540643415738475, 43.5746787776747], [1.540642958324787, 43.574696769562514]], [[1.540969697135472, 43.574503181567195], [1.540945407737723, 43.574484857194484], [1.540970154445219, 43.57448518968043], [1.540969697135472, 43.574503181567195]], [[1.540996730358112, 43.57441355461544], [1.540948151636704, 43.57437690587922], [1.540997644958947, 43.57437757084415], [1.540996730358112, 43.57441355461544]], [[1.541741873198046, 43.574315575058826], [1.541767076895685, 43.57429791547546], [1.541816113116317, 43.57431657195517], [1.541741873198046, 43.574315575058826]], [[1.541372045192158, 43.574256614158394], [1.54134821295946, 43.57422029799379], [1.541372959555248, 43.57422063038786], [1.541372045192158, 43.574256614158394]], [[1.541694208245955, 43.574242942884595], [1.541743701461346, 43.57424360750948], [1.541767991011829, 43.57426193170058], [1.541694208245955, 43.574242942884595]], [[1.541842230861183, 43.57426292857903], [1.541818398328432, 43.57422661251743], [1.541843144929664, 43.5742269448044], [1.541842230861183, 43.57426292857903]], [[1.541769362183897, 43.57420795603992], [1.541720326071233, 43.574189299540514], [1.54176981924068, 43.574189964153476], [1.541769362183897, 43.57420795603992]], [[1.542067235244887, 43.57417595947014], [1.541921040811476, 43.574084006539195], [1.542019569997079, 43.57410332744573], [1.542046601392382, 43.57401370025761], [1.542067235244887, 43.57417595947014]], [[1.541920583802929, 43.57410199842494], [1.541895380238521, 43.57411965804151], [1.541895837255107, 43.574101666155656], [1.541920583802929, 43.57410199842494]], [[1.542168049296896, 43.57410532080775], [1.542119013142336, 43.5740866644897], [1.542168506227915, 43.57408732892092], [1.542168049296896, 43.57410532080775]], [[1.541970990885227, 43.574066679174905], [1.541948072351505, 43.57399437937681], [1.541972818853383, 43.57399471163419], [1.541970990885227, 43.574066679174905]], [[1.542194166616807, 43.57405167735486], [1.542169877019253, 43.57403335326176], [1.542194623539214, 43.574033685468606], [1.542194166616807, 43.57405167735486]], [[1.542293152730525, 43.57405300612625], [1.542268863100814, 43.57403468205527], [1.542293609621921, 43.57403501423956], [1.542293152730525, 43.57405300612625]], [[1.542245944204735, 43.573962382321646], [1.542272061386833, 43.57390873885537], [1.542270690694544, 43.57396271451114], [1.542245944204735, 43.573962382321646]], [[1.542247314920283, 43.573908406666206], [1.542223025366382, 43.573890082586814], [1.542247771824893, 43.573890414781516], [1.542247314920283, 43.573908406666206]], [[1.548299845436726, 43.57244165931847], [1.548275554571643, 43.572423336611486], [1.548300300432876, 43.57242366742673], [1.548299845436726, 43.57244165931847]], [[1.548524377974229, 43.572372668833616], [1.548500087066677, 43.57235434617773], [1.548524832899467, 43.57235467694182], [1.548524377974229, 43.572372668833616]], [[1.548747090551939, 43.57237564545763], [1.548722799572049, 43.572357322851516], [1.548747545407405, 43.57235765356485], [1.548747090551939, 43.57237564545763]], [[1.548105518950197, 43.572295077516955], [1.548130719803302, 43.57227741648174], [1.548130264755167, 43.57229540837094], [1.548105518950197, 43.572295077516955]], [[1.548105974006085, 43.572277085627896], [1.548082138335577, 43.572240770991115], [1.548106884117004, 43.5722411018504], [1.548105974006085, 43.572277085627896]], [[1.548082138335577, 43.572240770991115], [1.548057847624972, 43.57222244823798], [1.548082593398362, 43.57222277910281], [1.548082138335577, 43.572240770991115]], [[1.548083048460861, 43.57220478721473], [1.54803401200759, 43.572186133592034], [1.548083958585003, 43.57216880343926], [1.548083048460861, 43.57220478721473]], [[1.548488079459193, 43.57185024253429], [1.548439498124841, 43.571813597214415], [1.548488989323854, 43.57181425876431], [1.548488079459193, 43.57185024253429]], [[1.548617266244966, 43.5716359936985], [1.548544849327642, 43.571563033923816], [1.548619085804418, 43.57156402616802], [1.548617266244966, 43.5716359936985]], [[1.549065868966933, 43.57151600291621], [1.549041578249023, 43.57149768039237], [1.549066323715689, 43.571498011032894], [1.549065868966933, 43.57151600291621]]], [[[1.549974134645853, 43.573777881205174], [1.550070848207727, 43.57386916246845], [1.550195943924654, 43.57381683869268], [1.550025445420268, 43.57370657439519], [1.549974134645853, 43.573777881205174]]], [[[1.548575595858587, 43.5742631417629], [1.548620540068578, 43.574443722423396], [1.548633277483138, 43.573939948799485], [1.548603526923494, 43.574137529104206], [1.548404644163919, 43.57417086680123], [1.548412833706489, 43.5738470123864], [1.548537930886257, 43.5737946905212], [1.548348149119119, 43.57346818994732], [1.548495262165927, 43.57352415037417], [1.548522738113046, 43.57341652970565], [1.548373350412537, 43.57345052884137], [1.548327497769218, 43.57330593200857], [1.548257529548213, 43.57411490622643], [1.548351510983897, 43.574314140528834], [1.548378077607058, 43.5742425036665], [1.548450952656156, 43.57429747177271], [1.548420746309065, 43.57451304399485], [1.548520643249134, 43.57447838325465], [1.5484752443702, 43.5743157944644], [1.548549029472344, 43.574334778674576], [1.548575595858587, 43.5742631417629]], [[1.548502720733725, 43.5742081737416], [1.548452317545805, 43.57424349602655], [1.548453227470812, 43.57420751219687], [1.548502720733725, 43.5742081737416]], [[1.548439400036965, 43.573775375532364], [1.54841374364996, 43.573811028567015], [1.54841465359229, 43.5737750447485], [1.548439400036965, 43.573775375532364]]], [[[1.54872134652697, 43.57437307766506], [1.548795586640505, 43.57437406979054], [1.54889775723218, 43.57424944912115], [1.548850992956453, 43.57414083625973], [1.54872134652697, 43.57437307766506]]], [[[1.542110331109395, 43.574428510373586], [1.542234978387558, 43.57439418763752], [1.54206220863105, 43.57437387024508], [1.542110331109395, 43.574428510373586]]], [[[1.550575532940418, 43.57446983328352], [1.550378013258853, 43.57444919882133], [1.549856513549364, 43.57451422814419], [1.549783636879327, 43.574459260972795], [1.549958227595466, 43.57440759838789], [1.549636520180413, 43.57440330225468], [1.549754799125419, 43.574620857813116], [1.550575532940418, 43.57446983328352]]], [[[1.542183200393126, 43.57448348269236], [1.542379803510208, 43.57454011584455], [1.542332137564598, 43.574467483938925], [1.542183200393126, 43.57448348269236]]], [[[1.553438904171539, 43.57479598056501], [1.553588292372865, 43.57476197442983], [1.553614399320022, 43.57470832820673], [1.553438904171539, 43.57479598056501]]], [[[1.550039035829114, 43.575128597215915], [1.549772273108674, 43.574909059125936], [1.54977454587705, 43.57481909948414], [1.549994541106059, 43.574930025126164], [1.549943229199757, 43.57500133198227], [1.550042217129787, 43.575002653691925], [1.550234740080979, 43.575221200041604], [1.550287415006257, 43.575095917235615], [1.551406025889246, 43.57491286643205], [1.551529760653895, 43.574914516888384], [1.551454157712298, 43.574967502440536], [1.551501835613731, 43.57504013036747], [1.551972028810035, 43.57504640093738], [1.551950458906912, 43.5749201273855], [1.552223583039902, 43.57488777296055], [1.55229510129807, 43.574996714331775], [1.552274438242801, 43.57483445697109], [1.552588889533566, 43.575126616357885], [1.552548015469239, 43.574784109794265], [1.552713985695458, 43.575074289636], [1.552862467876498, 43.57507626837878], [1.553262048105701, 43.5749376084757], [1.55333402183581, 43.57502855722144], [1.553531544573055, 43.575049186315965], [1.553430742846894, 43.57511983557211], [1.553479783559485, 43.57513848679614], [1.553955869963562, 43.574910853481114], [1.554030564082694, 43.574893850082205], [1.554129098732519, 43.574913160013566], [1.55435454016604, 43.57480817346444], [1.554452168603668, 43.574863466996085], [1.554504380926977, 43.57475617412267], [1.554754114925332, 43.57466950809782], [1.554730727054453, 43.574615202913705], [1.554880566970984, 43.57456320305991], [1.555104194136794, 43.57453018276055], [1.555152329158493, 43.574584817115515], [1.555155499211522, 43.574458873489675], [1.555302168613835, 43.57453281668116], [1.555304885518779, 43.574424865001355], [1.555403872578038, 43.574426181823775], [1.555358001447825, 43.57428158786155], [1.555409305985131, 43.574210278483115], [1.555263542923486, 43.574100351569015], [1.555333254745176, 43.574281258653976], [1.55520861554486, 43.574315596419524], [1.555230192387274, 43.574441869271105], [1.555034935635296, 43.57433128355343], [1.555080353104113, 43.57449386960287], [1.554934137019796, 43.57440193416958], [1.554957072070313, 43.57447423124685], [1.554781579687473, 43.574561885760424], [1.554257818211231, 43.57471689595625], [1.553956323206676, 43.5748928615348], [1.553559918543937, 43.574905580369446], [1.553508157703982, 43.57499488085424], [1.553384876132138, 43.57497524070679], [1.553412343607413, 43.57486761869275], [1.553213007635447, 43.57491895715594], [1.553388956925065, 43.574813313212196], [1.553190981568572, 43.57481067580358], [1.553169862560676, 43.57466641057432], [1.552770737610272, 43.57478707817206], [1.553122182859409, 43.57459378339855], [1.552823406602913, 43.57466179417402], [1.552603406935978, 43.57455087428286], [1.552551191246621, 43.57465816622703], [1.552480126627139, 43.5745312331145], [1.552445398133368, 43.574926725884055], [1.552184072712028, 43.57449129051409], [1.55220292022598, 43.574725515598566], [1.552155241698894, 43.574652887995306], [1.551636011996221, 43.57462796619226], [1.550070599806086, 43.57485904866177], [1.551438491389434, 43.57460733365645], [1.552130948667726, 43.57463456612245], [1.552061246508169, 43.574453656937656], [1.551986552378518, 43.574470658976956], [1.552033776698116, 43.574561278578976], [1.551068651547969, 43.57454840576318], [1.550594373884557, 43.57470405864359], [1.54999908594076, 43.57475010583621], [1.55014893049497, 43.574698112505565], [1.550150293797707, 43.57464413672302], [1.550696541158758, 43.57457943625343], [1.550847293064742, 43.57449145810991], [1.550326247880923, 43.57453849776126], [1.549878533213199, 43.57462251015032], [1.549826766902057, 43.574711808862936], [1.549923481802953, 43.574803090316806], [1.549897825878332, 43.57483874372751], [1.54956046154752, 43.57447427839256], [1.549587026736217, 43.574402641226534], [1.54956318924635, 43.57436632686106], [1.549459655944006, 43.574544923934745], [1.549653538913793, 43.57470949546868], [1.549650356776681, 43.57483543895561], [1.549891008129046, 43.575108622681086], [1.549914846134499, 43.57514493699337], [1.549889190051743, 43.575180590410525], [1.549769545777221, 43.57501701070345], [1.549572024502748, 43.57499637476761], [1.54950005677296, 43.57490542353097], [1.549424906633681, 43.57494041574193], [1.549381778207033, 43.57468786765201], [1.549209005038092, 43.57466756162441], [1.549182439255095, 43.57473919871118], [1.549058704935856, 43.57473754558081], [1.549060069264559, 43.57468356981046], [1.548936789883171, 43.574663924618285], [1.548939518763761, 43.5745559730882], [1.548840531629323, 43.57455465037395], [1.548665029662172, 43.57464229500884], [1.548708609789137, 43.57487685145119], [1.548997841316869, 43.57518668244819], [1.549049154563098, 43.57511537602951], [1.549121576602397, 43.57518833564842], [1.549247130779823, 43.575118020988526], [1.549269604240285, 43.57520831123305], [1.549345209515236, 43.575155327192704], [1.54944283371824, 43.57521062524047], [1.549740707703476, 43.57517860760277], [1.549787929060324, 43.575269228225906], [1.550130752880184, 43.57541778979839], [1.550039035829114, 43.575128597215915]], [[1.553162606721711, 43.57495428164426], [1.553113566269521, 43.57493563027939], [1.553163060213778, 43.574936289700716], [1.553162606721711, 43.57495428164426]], [[1.553163060213778, 43.574936289700716], [1.553188260670362, 43.574918627459475], [1.553187807186332, 43.57493661940291], [1.553163060213778, 43.574936289700716]], [[1.554080058001459, 43.57489450908564], [1.554105258157579, 43.57487684663216], [1.554104804961268, 43.57489483857889], [1.554080058001459, 43.57489450908564]], [[1.554204699133658, 43.574860172601404], [1.554180405360703, 43.574841851184296], [1.554205152298389, 43.574842180654656], [1.554204699133658, 43.574860172601404]], [[1.554205152298389, 43.574842180654656], [1.554230352393052, 43.5748245181728], [1.554229899236358, 43.574842510119396], [1.554205152298389, 43.574842180654656]], [[1.554453527864414, 43.574809491153374], [1.554429234033495, 43.57479116979258], [1.554453980950762, 43.574791499206235], [1.554453527864414, 43.574809491153374]], [[1.554579527728843, 43.5747211784016], [1.554555233895084, 43.574702857070136], [1.554579980775004, 43.574703186455075], [1.554579527728843, 43.5747211784016]], [[1.554704621192811, 43.574668849401675], [1.554680327341273, 43.574650528098864], [1.554705074199356, 43.57465085745528], [1.554704621192811, 43.574668849401675]], [[1.553141487732291, 43.57481001639504], [1.553067246980001, 43.57480902723995], [1.552992552685921, 43.57482602997534], [1.553043407119973, 43.5747727136281], [1.553141487732291, 43.57481001639504]], [[1.552721243799163, 43.57478641857202], [1.552745083461099, 43.57482273225494], [1.552695589619546, 43.574822072643194], [1.552721243799163, 43.57478641857202]], [[1.552695589619546, 43.574822072643194], [1.552670389053773, 43.574839734768936], [1.552670842699196, 43.57482174282887], [1.552695589619546, 43.574822072643194]], [[1.549922572790064, 43.574839074173696], [1.550020651487838, 43.57487637976066], [1.549945956203871, 43.57489338040157], [1.549922572790064, 43.574839074173696]], [[1.549913937110785, 43.57518092085875], [1.54993822966558, 43.57519924323447], [1.5499134825985, 43.575198912791755], [1.549913937110785, 43.57518092085875]], [[1.549768636664457, 43.57505299456441], [1.549743435096834, 43.575070656013835], [1.549743889661397, 43.575052664083124], [1.549768636664457, 43.57505299456441]], [[1.549058704935856, 43.57473754558081], [1.549033503288305, 43.5747552068616], [1.549033958072862, 43.57473721493782], [1.549058704935856, 43.57473754558081]], [[1.549033958072862, 43.57473721493782], [1.54900966600218, 43.57471889236573], [1.549034412857135, 43.57471922301424], [1.549033958072862, 43.57473721493782]], [[1.548840076785592, 43.57457264229464], [1.548864368740264, 43.5745909649028], [1.548839621941576, 43.57459063421556], [1.548840076785592, 43.57457264229464]], [[1.550034036614141, 43.57532650849004], [1.550009743974915, 43.57530818613414], [1.550034945564882, 43.575290524620016], [1.550034036614141, 43.57532650849004]], [[1.54998681482169, 43.575235887970294], [1.549961158742983, 43.575271541406714], [1.549913028085931, 43.57521690472502], [1.54998681482169, 43.575235887970294]], [[1.549469399394457, 43.57513898806651], [1.549444197697025, 43.57515664944753], [1.54944465235605, 43.575138657516995], [1.549469399394457, 43.57513898806651]], [[1.549123850401479, 43.57509837600275], [1.549098648615569, 43.5751160373031], [1.549099103382569, 43.57509804537452], [1.549123850401479, 43.57509837600275]], [[1.550215446018304, 43.57500496646671], [1.551060476887395, 43.574872260536225], [1.551555869594033, 43.574860871154385], [1.550188426909771, 43.575094595749334], [1.550068327500048, 43.57494900831227], [1.550167769773501, 43.57493233797687], [1.550215446018304, 43.57500496646671]], [[1.548854362270346, 43.5749867872218], [1.548829160450517, 43.57500444845823], [1.548829615301091, 43.57498645653218], [1.548854362270346, 43.5749867872218]], [[1.552915136934269, 43.57495098431104], [1.553064072326402, 43.57493497083552], [1.552739186350782, 43.57505662749728], [1.55269468234392, 43.57485805652376], [1.552915136934269, 43.57495098431104]], [[1.553731334026661, 43.57497985531704], [1.553605785643917, 43.575050175153855], [1.553556291596391, 43.57504951593423], [1.553607599057937, 43.574978207368815], [1.553731334026661, 43.57497985531704]], [[1.552518277945349, 43.57498169128721], [1.552493077254957, 43.57499935337377], [1.552493530957211, 43.574981361432464], [1.552518277945349, 43.57498169128721]], [[1.551925711948576, 43.57491979740137], [1.551875764137528, 43.57493712935413], [1.551876218032758, 43.57491913741618], [1.551925711948576, 43.57491979740137]], [[1.550564629678352, 43.57490163959056], [1.550589830919141, 43.57488397795269], [1.550589376621033, 43.57490196988481], [1.550564629678352, 43.57490163959056]], [[1.551780407680267, 43.57479187382173], [1.550491751838522, 43.5748466728795], [1.551806516330411, 43.57473822803208], [1.551780407680267, 43.57479187382173]], [[1.551805154582624, 43.57479220383893], [1.551955451479815, 43.57472221607918], [1.552003129811724, 43.574794843773645], [1.551805154582624, 43.57479220383893]], [[1.551927527464627, 43.57484782965092], [1.55215024982078, 43.57485079930126], [1.552200651266582, 43.57481547528527], [1.552174089148269, 43.57488711311113], [1.551927527464627, 43.57484782965092]], [[1.549750708095643, 43.57478278514928], [1.549726415776921, 43.57476446273694], [1.549751162655647, 43.57476479322215], [1.549750708095643, 43.57478278514928]], [[1.549726415776921, 43.57476446273694], [1.549702578048646, 43.57472814839293], [1.549727324911581, 43.574728478883564], [1.549726415776921, 43.57476446273694]], [[1.552646549432024, 43.57480342106916], [1.55262134885935, 43.5748210831833], [1.552621802519996, 43.57480309124369], [1.552646549432024, 43.57480342106916]], [[1.548887751051996, 43.57464527134912], [1.548959262677778, 43.574754214898476], [1.548738815246712, 43.574661279094386], [1.548887751051996, 43.57464527134912]], [[1.552227213318603, 43.574743837456495], [1.552201105059031, 43.574797483347474], [1.552202466434669, 43.57474350753546], [1.552227213318603, 43.574743837456495]], [[1.552622256180357, 43.574785099304286], [1.552599323945981, 43.574712801718334], [1.552624070818959, 43.57471313154897], [1.552622256180357, 43.574785099304286]], [[1.552599323945981, 43.574712801718334], [1.552575484421894, 43.57467648800622], [1.552600231279082, 43.57467681784223], [1.552599323945981, 43.574712801718334]], [[1.551237338183151, 43.57473063621705], [1.55121213720888, 43.57474829800331], [1.551212591310598, 43.57473030607048], [1.551237338183151, 43.57473063621705]], [[1.551336779738876, 43.574713964813846], [1.551262085055988, 43.57473096635799], [1.551262539141915, 43.574712974425196], [1.551336779738876, 43.574713964813846]], [[1.554480087102392, 43.57473785277394], [1.554380193309137, 43.57477251900177], [1.554380646418176, 43.57475452705541], [1.554480087102392, 43.57473785277394]], [[1.554480087102392, 43.57473785277394], [1.554505287066672, 43.57472019022957], [1.554504833996967, 43.574738182176], [1.554480087102392, 43.57473785277394]], [[1.552722604685504, 43.574732442753884], [1.5526983114396, 43.574714121006906], [1.552723058313715, 43.57471445081496], [1.552722604685504, 43.574732442753884]], [[1.5526983114396, 43.574714121006906], [1.552674018209202, 43.57469579925474], [1.55269876507528, 43.57469612906833], [1.5526983114396, 43.574714121006906]], [[1.55012509252698, 43.574661798255974], [1.550099891240749, 43.57467945978327], [1.5501003456905, 43.57466146785597], [1.55012509252698, 43.574661798255974]], [[1.549581571414496, 43.574618544304215], [1.549631519640968, 43.57460121341037], [1.549630610448274, 43.57463719725977], [1.549581571414496, 43.574618544304215]]], [[[1.547845653827827, 43.57473932936194], [1.54824842903486, 43.57447474452372], [1.547020810230217, 43.575052260554074], [1.547169292157673, 43.575054247080075], [1.5472453545152, 43.57498327258813], [1.547344342351921, 43.57498459675665], [1.547470808811932, 43.57487830032305], [1.547719643565193, 43.57482763430233], [1.547795704942073, 43.57475665943614], [1.54786812493585, 43.57482961987266], [1.547845653827827, 43.57473932936194]], [[1.547344797667682, 43.574966604837066], [1.547320506039054, 43.57494828188427], [1.547345252983156, 43.57494861291771], [1.547344797667682, 43.574966604837066]], [[1.547720098762089, 43.57480964238314], [1.547695807080094, 43.57479131951629], [1.547720553958699, 43.574791650464185], [1.547720098762089, 43.57480964238314]]], [[[1.54255028980447, 43.57465039220821], [1.542450845807907, 43.57466705556568], [1.542399981630447, 43.57472036694871], [1.542548462539354, 43.57472235979152], [1.54255028980447, 43.57465039220821]], [[1.542500339397691, 43.57466771984596], [1.542524629369124, 43.57468604387325], [1.542499882566049, 43.57468571174145], [1.542500339397691, 43.57466771984596]]], [[[1.542277618252683, 43.574664730407086], [1.542128680554296, 43.574680729087945], [1.54222675391642, 43.57471804170889], [1.542176346419552, 43.57475336109365], [1.542325284293089, 43.57473736234658], [1.542277618252683, 43.574664730407086]], [[1.542300537469046, 43.57473703016937], [1.542276247547568, 43.57471870609132], [1.542300994363571, 43.57471903827408], [1.542300537469046, 43.57473703016937]]], [[[1.542348203598478, 43.57480966210248], [1.542396326714326, 43.57486430212083], [1.542198808616503, 43.574843652777965], [1.542197437833019, 43.57489762846794], [1.542668999184361, 43.57484996362194], [1.542697856998662, 43.57468836863792], [1.542348203598478, 43.57480966210248]], [[1.542669455964309, 43.5748319717237], [1.542621332615605, 43.57477733182759], [1.542670826302434, 43.574777996030235], [1.542669455964309, 43.5748319717237]], [[1.542446734173267, 43.57482898263125], [1.54242153045155, 43.57484664237885], [1.542421987309028, 43.57482865048168], [1.542446734173267, 43.57482898263125]]], [[[1.553880269266016, 43.57496384072194], [1.55397653779867, 43.5750731105305], [1.5541263795935, 43.57502111170063], [1.554079604797111, 43.57491250103248], [1.553880269266016, 43.57496384072194]], [[1.554077338771107, 43.57500246077009], [1.554052138551257, 43.57502012321863], [1.554052591765063, 43.57500213127054], [1.554077338771107, 43.57500246077009]]], [[[1.547020354812239, 43.57507025247337], [1.546747682383095, 43.57508460189893], [1.546596467085324, 43.57519056630728], [1.547020354812239, 43.57507025247337]]], [[[1.546988776397352, 43.575339800180465], [1.546764230409528, 43.57540878763305], [1.546688166893398, 43.57547976180907], [1.546988776397352, 43.575339800180465]]], [[[1.546286744404334, 43.57569036527271], [1.546563064355859, 43.57553208160502], [1.546137349462621, 43.575724361386605], [1.546286744404334, 43.57569036527271]]], [[[1.545094772117202, 43.57583638500055], [1.544970579484412, 43.575852719132435], [1.544745116789228, 43.575957686278564], [1.54494309571217, 43.5759603390847], [1.545094772117202, 43.57583638500055]]], [[[1.547861011139303, 43.57608938573244], [1.547958635501041, 43.57614468515021], [1.547960000897496, 43.57609070934083], [1.547861011139303, 43.57608938573244]]], [[[1.544193373867935, 43.57623825992696], [1.544345052626056, 43.576114306865875], [1.543821248810364, 43.57626926689761], [1.544193373867935, 43.57623825992696]]], [[[1.544786517863865, 43.57725410003485], [1.544559224497679, 43.57743103465388], [1.544436397003129, 43.577393392377594], [1.544462969936935, 43.57732175631958], [1.544115585963412, 43.57735309600718], [1.543994584463532, 43.57724348549383], [1.543944632236405, 43.577260813827095], [1.544185266603145, 43.577534010655285], [1.544260423331388, 43.57749902200677], [1.544307637945722, 43.57758964515869], [1.544580322883367, 43.57757530183407], [1.544603702357886, 43.57762960931538], [1.544704063190021, 43.57757696006979], [1.544751278568802, 43.57766758303378], [1.545002864236562, 43.57750897149273], [1.545077108341233, 43.577509966162204], [1.545024875893863, 43.57761725470832], [1.545073916008598, 43.57763590976018], [1.545248520624214, 43.57758425463223], [1.545374996692017, 43.57747796044689], [1.545573436777823, 43.577462620164255], [1.545574804448295, 43.577408644335435], [1.545722836577166, 43.57742862478494], [1.545924466860708, 43.57728734026395], [1.545998710694704, 43.5772883343033], [1.545923099521894, 43.57734131609262], [1.546047295104076, 43.577324980854655], [1.546447818674314, 43.577150361922186], [1.546570191391742, 43.57720599386156], [1.546896013550118, 43.577048371584105], [1.546847428833053, 43.57701172541944], [1.547047688613035, 43.57692441467889], [1.547402808707685, 43.57658720261054], [1.54807600148017, 43.57639822667996], [1.548078276965636, 43.576308266980476], [1.548175446842517, 43.576381558151944], [1.548228127326583, 43.57625627624359], [1.548400904929962, 43.57627658385402], [1.548502624802264, 43.5761699553302], [1.548430202311242, 43.576096995248754], [1.548604799226119, 43.576045334780666], [1.548531921810916, 43.57599036671081], [1.54885818653172, 43.57581474674522], [1.548860005921596, 43.5757427790013], [1.548242233708637, 43.57569852623206], [1.548271986320696, 43.575500945811676], [1.548171632390115, 43.57555359827799], [1.548173452632391, 43.57548163055864], [1.548274716491185, 43.57539299423543], [1.547955279318369, 43.57529873347879], [1.547984577594653, 43.57511914511589], [1.547835640308158, 43.57513515162792], [1.547788877320404, 43.57502653824225], [1.547464890207289, 43.57511219528754], [1.547563878271372, 43.57511351925607], [1.547487816135071, 43.575184493977524], [1.547634022287106, 43.575276439485286], [1.547782959996366, 43.57526043324818], [1.547732100244884, 43.575313747150275], [1.547901688828127, 43.57545999902687], [1.548074008828368, 43.57549829907441], [1.548091929728669, 43.57576850890079], [1.54823904842052, 43.57582446976429], [1.548586875825403, 43.57577512498687], [1.548483791911459, 43.575935729368425], [1.548259245389311, 43.576004719940485], [1.548182272808034, 43.57611167906711], [1.548034243219137, 43.57609170198795], [1.547779941001589, 43.5763582720225], [1.54763191091684, 43.576338294391576], [1.547604887147125, 43.576427923114586], [1.54728134719828, 43.576495587756064], [1.547179169100081, 43.57662020709959], [1.546326813148704, 43.57704075402258], [1.546002356732882, 43.57714439876739], [1.545433155497978, 43.577136776522025], [1.545262656281828, 43.57702650449301], [1.545162752940585, 43.57706116229795], [1.545139829191568, 43.576988863022784], [1.545135724975496, 43.577150790451626], [1.545234716501048, 43.57715211654488], [1.545257184446949, 43.577242407747256], [1.545182484673835, 43.57725940514007], [1.545184308717555, 43.577187437385476], [1.544987237695745, 43.57714880114255], [1.545009249185468, 43.57725708433416], [1.544884141244571, 43.57730940226089], [1.544786517863865, 43.57725410003485]], [[1.545249432610413, 43.577548270745815], [1.545225140558154, 43.57752994729145], [1.545249888603085, 43.57753027880293], [1.545249432610413, 43.577548270745815]], [[1.548427927385632, 43.57618695494238], [1.548403634894915, 43.57616863221627], [1.548428382371324, 43.57616896300321], [1.548427927385632, 43.57618695494238]], [[1.545134812924337, 43.577186774327124], [1.545109608994393, 43.577204434727484], [1.545110065028156, 43.577186442789504], [1.545134812924337, 43.577186774327124]], [[1.544334667410324, 43.577500017183745], [1.544286083946121, 43.57746336986186], [1.544335579968015, 43.5774640333071], [1.544334667410324, 43.577500017183745]], [[1.54478058807741, 43.577487995239466], [1.544855744382562, 43.57745300618012], [1.5448548321511, 43.57748899006085], [1.54478058807741, 43.577487995239466]], [[1.545400656605126, 43.577442308039174], [1.545351616549599, 43.57742365313734], [1.545401112549559, 43.57742431609699], [1.545400656605126, 43.577442308039174]], [[1.545475356551644, 43.57742531049418], [1.545378644306086, 43.577334024912936], [1.545551424145086, 43.57735433707152], [1.545475356551644, 43.57742531049418]], [[1.545155456646216, 43.577349033310995], [1.545131164708262, 43.57733070983815], [1.545155912666758, 43.577331041370996], [1.545155456646216, 43.577349033310995]], [[1.545309872089678, 43.577117127179456], [1.545285580200569, 43.577098803744114], [1.545310328059982, 43.57709913524173], [1.545309872089678, 43.577117127179456]], [[1.548027871672689, 43.57634358912004], [1.548003579243377, 43.57632526630245], [1.548028326785003, 43.576325597180585], [1.548027871672689, 43.57634358912004]], [[1.548079187157825, 43.57627228310224], [1.548152974643656, 43.57629126760733], [1.548078732061873, 43.576290275041245], [1.548079187157825, 43.57627228310224]], [[1.548505354570867, 43.576062003697906], [1.548481062108312, 43.576043680990686], [1.548505809531304, 43.57604401175997], [1.548505354570867, 43.576062003697906]]], [[[1.542944125801978, 43.57668945533452], [1.543519713665214, 43.576445203692884], [1.543521539767574, 43.57637323600699], [1.543620529915024, 43.57637456357073], [1.543821248810364, 43.57626926689761], [1.543397345525773, 43.57638956834603], [1.543045856541111, 43.57658283189088], [1.542948236166884, 43.576527528040536], [1.542944125801978, 43.57668945533452]]], [[[1.544261684519381, 43.576473150160105], [1.544312548520957, 43.57641983784019], [1.544062334790512, 43.57652447188551], [1.544135208603941, 43.576579442974776], [1.544210364112982, 43.57654445438411], [1.544577928793699, 43.576693365357904], [1.544261684519381, 43.576473150160105]]], [[[1.543662264814673, 43.576681090019534], [1.543808468650947, 43.57677304077276], [1.544157674596369, 43.57666973436865], [1.544428986473302, 43.57670936721585], [1.544234199121152, 43.57658076997939], [1.543662264814673, 43.576681090019534]], [[1.544158587251805, 43.57663375051426], [1.544183791223761, 43.576616090341616], [1.544208082556932, 43.57663441401723], [1.544158587251805, 43.57663375051426]], [[1.544232373905611, 43.576652737687645], [1.54420716993251, 43.57667039787206], [1.544207626244865, 43.57665240594453], [1.544232373905611, 43.576652737687645]]], [[[1.542663222323658, 43.57702764916726], [1.54299179436683, 43.57676208708383], [1.542944125801978, 43.57668945533452], [1.542539026421903, 43.57704398053229], [1.542663222323658, 43.57702764916726]]], [[[1.545360735688401, 43.57706381434482], [1.545436347014725, 43.577010832957185], [1.545264480217642, 43.576954536748715], [1.545262656281828, 43.57702650449301], [1.545362103549362, 43.57700983853362], [1.545360735688401, 43.57706381434482]]], [[[1.544267267835109, 43.577229142958615], [1.544194849390833, 43.577156179999356], [1.5441435282908, 43.577227484225666], [1.544267267835109, 43.577229142958615]]], [[[1.543970292940781, 43.577225161762684], [1.543873127004851, 43.577151866786174], [1.543895136394247, 43.577260150203784], [1.543970292940781, 43.577225161762684]]], [[[1.561789415326047, 43.56558398529775], [1.561962616269738, 43.56558627932094], [1.562016608694336, 43.56540701608686], [1.562311721506862, 43.56548291535705], [1.562463783237436, 43.565340946064126], [1.562810183726262, 43.565345531682254], [1.562887114624565, 43.565238562993564], [1.563233064269576, 43.56526113912479], [1.563359930115889, 43.56513683305006], [1.563632551146515, 43.56512244201819], [1.563687438151717, 43.564907194288736], [1.563932615076645, 43.565000426368925], [1.564057678837747, 43.56494808695146], [1.564111214140257, 43.56478681461723], [1.564356841144217, 43.56486205386906], [1.564433768513349, 43.5647550841208], [1.563943415927439, 43.56456862170794], [1.563838594823155, 43.56480120684742], [1.563568676277938, 43.564707647239025], [1.563489046302494, 43.56492256753134], [1.56319213373512, 43.5649186389265], [1.563112502057633, 43.56513355897438], [1.562768805250607, 43.565021023163254], [1.562665780313512, 43.565181639798226], [1.562295539112866, 43.56514074238314], [1.562216804929851, 43.565319678085494], [1.561897851593477, 43.565207467140155], [1.561842506895359, 43.56544070587049], [1.561620271307893, 43.56541976425601], [1.561713383399218, 43.56565496950897], [1.561616665165294, 43.565563699137186], [1.561492950262629, 43.565562060183275], [1.561416016333574, 43.565669027908434], [1.561244167821574, 43.56561275743196], [1.56141105715727, 43.56586693839889], [1.561334122667138, 43.56597390608881], [1.561757911462443, 43.56585353551144], [1.561687738883442, 43.5656906254769], [1.561789415326047, 43.56558398529775]], [[1.561558614247719, 43.565904888968745], [1.561509578797593, 43.56588624151274], [1.561559065037402, 43.56588689710378], [1.561558614247719, 43.565904888968745]]], [[[1.563028816861101, 43.56551040578315], [1.563179075780043, 43.56544040294543], [1.562954587963378, 43.56550942339303], [1.563028816861101, 43.56551040578315]]], [[[1.567070500971444, 43.566211740531536], [1.567268447313077, 43.56621435262442], [1.567269345318612, 43.566178368839594], [1.567072297229418, 43.566139772966196], [1.567070500971444, 43.566211740531536]], [[1.567120436604577, 43.5661944016967], [1.567096142377211, 43.56617608327956], [1.56712088565371, 43.56617640980506], [1.567120436604577, 43.5661944016967]]], [[[1.561230641112537, 43.56615251333625], [1.560957112628433, 43.5662028820806], [1.560880176842462, 43.566309849474045], [1.561178900093811, 43.56624181693134], [1.561230641112537, 43.56615251333625]], [[1.561154607742052, 43.5662234971844], [1.561130315405794, 43.56620517743229], [1.561155058660833, 43.566205505317114], [1.561154607742052, 43.5662234971844]]], [[[1.565781153376296, 43.56630270445453], [1.565681730583843, 43.56631938898487], [1.565728969813141, 43.56641000211565], [1.565804098849462, 43.56637499883227], [1.565781153376296, 43.56630270445453]]], [[[1.563673920732787, 43.56643683062714], [1.564440965314744, 43.56644697447033], [1.56444141520548, 43.56642898258659], [1.563773794411743, 43.56640215605308], [1.563673920732787, 43.56643683062714]]], [[[1.562128567001248, 43.56686632360542], [1.562975251954462, 43.56666155821665], [1.563426487054496, 43.56643355726392], [1.562128567001248, 43.56686632360542]]], [[[1.56710696499974, 43.56673415855076], [1.567228886509758, 43.56680775870804], [1.567356645080512, 43.56664746403355], [1.567158248200745, 43.56666284399838], [1.566908118633384, 43.56676752995833], [1.56710696499974, 43.56673415855076]], [[1.567230233568751, 43.566753783009275], [1.567181195551763, 43.56673513810329], [1.567230682587853, 43.56673579111014], [1.567230233568751, 43.566753783009275]], [[1.567280169625067, 43.56673644409441], [1.567255875117388, 43.56671812570608], [1.567280618628385, 43.56671845219528], [1.567280169625067, 43.56673644409441]], [[1.56730581113495, 43.566700786779855], [1.567281516634177, 43.56668246839769], [1.567306260129954, 43.56668279488106], [1.56730581113495, 43.566700786779855]]], [[[1.564907491589399, 43.5665971240808], [1.565545876258879, 43.566803535688166], [1.565665548362511, 43.56696709707619], [1.565764972281247, 43.566950412553126], [1.565643052344878, 43.56687681074495], [1.565720879001793, 43.566733856149], [1.565600308169569, 43.56660627862948], [1.565596262398621, 43.56676820565446], [1.565423956915251, 43.56672993364154], [1.565499536117257, 43.566676938670135], [1.565452297030423, 43.566586325422655], [1.56532857981497, 43.566584690837395], [1.565425305669184, 43.56667595796812], [1.565252101300209, 43.566673669466084], [1.565206211563006, 43.56652908044601], [1.564983520814899, 43.56652613758655], [1.565059100155159, 43.566473142929176], [1.564884547156402, 43.566524829502406], [1.564907491589399, 43.5665971240808]], [[1.564983520814899, 43.56652613758655], [1.564958327670475, 43.56654380246106], [1.564958777399852, 43.56652581057395], [1.564983520814899, 43.56652613758655]], [[1.564982171649177, 43.56658011324883], [1.565007364802197, 43.56656244836833], [1.565031658526623, 43.56658076725771], [1.564982171649177, 43.56658011324883]], [[1.565130182608931, 43.566600067096346], [1.565081595096381, 43.566563429355945], [1.565131081960579, 43.56656408331952], [1.565130182608931, 43.566600067096346]]], [[[1.56203049412044, 43.566829029161156], [1.562106076584965, 43.56677603654791], [1.562230244707094, 43.56675968292595], [1.562106977834623, 43.56674005279174], [1.56203049412044, 43.566829029161156]]], [[[1.56207817864167, 43.566901652032534], [1.561953559495189, 43.56693599736181], [1.561604895562389, 43.56702136839972], [1.561579250368948, 43.56705702437607], [1.561927463873785, 43.56698964529849], [1.56207817864167, 43.566901652032534]]], [[[1.569374935591906, 43.56809590291951], [1.569493724653764, 43.56829544409072], [1.569472567079566, 43.56815118268964], [1.569691230029291, 43.56831604369917], [1.5699881606095, 43.56831995454316], [1.570036304586967, 43.568374582064166], [1.570409708404414, 43.56828950965194], [1.570267516285988, 43.568035667895174], [1.570090274425373, 43.5681953144677], [1.569558007022297, 43.56770236253642], [1.569435183956709, 43.56766474878733], [1.569309222429887, 43.5677530783376], [1.569262424834788, 43.567644474760414], [1.569338450062786, 43.56757348516536], [1.569189538308313, 43.567589520875366], [1.569212488587366, 43.56766181459779], [1.569186399418791, 43.56771546430581], [1.568947032714092, 43.567388349005974], [1.568599722221362, 43.56741976678365], [1.56864158396639, 43.567726281706136], [1.568350489333211, 43.56748847229246], [1.567801187415717, 43.567679204618585], [1.567653621639529, 43.567641262484315], [1.567652274957737, 43.567695238221795], [1.567433171265224, 43.56754836508825], [1.567111500983427, 43.567544120738084], [1.567362082546436, 43.56742144234458], [1.567113746293056, 43.567454161197425], [1.567240159562532, 43.56734784230531], [1.566943683310704, 43.567325932044895], [1.566947276209781, 43.56718199681002], [1.566922083381764, 43.56719966214819], [1.566823557668263, 43.56718036392726], [1.567446639994505, 43.56700860788687], [1.56675112323755, 43.56710741652129], [1.566852792784563, 43.5670007714959], [1.566629201703652, 43.56703381581219], [1.566729523814294, 43.56698114660555], [1.566632795372814, 43.56688988061707], [1.566833438900461, 43.566784542117], [1.566584655878513, 43.56683525164389], [1.566536067238843, 43.56679861454825], [1.567208633224873, 43.56662751322003], [1.566715111389254, 43.56656700635153], [1.567333697543623, 43.56657516997014], [1.567484851875289, 43.56646917732984], [1.567313893001975, 43.56637693263595], [1.567188380067149, 43.56644726775092], [1.566545051924848, 43.56643877665416], [1.566522554731219, 43.56634849053841], [1.567339534330362, 43.56634127532238], [1.567490239101795, 43.56625327458523], [1.566971078711181, 43.56622842624129], [1.567021912549403, 43.566175103669266], [1.566724993263503, 43.5661711847207], [1.566627816990995, 43.5660979106682], [1.566428972549608, 43.56613128118359], [1.567003456474894, 43.56592289066899], [1.566855895739695, 43.56588494749727], [1.565907117148697, 43.56621437908607], [1.566376341070078, 43.56625657103252], [1.565855383347892, 43.56630368491305], [1.566076725146276, 43.56636060165177], [1.566023643292653, 43.566503883241076], [1.56575146578298, 43.56650028839967], [1.565753263703293, 43.566428320841645], [1.565331727104782, 43.56645874761805], [1.565576913324972, 43.566551976086764], [1.565818954116991, 43.5667711472579], [1.565893184694851, 43.56677212769091], [1.566013756526111, 43.56689970490003], [1.565911636165227, 43.56702434102945], [1.566110034628023, 43.56700896333826], [1.566132980797539, 43.567081257682155], [1.566622912739263, 43.567285702438184], [1.566788483257739, 43.56759385115804], [1.567156049180569, 43.567742684788556], [1.567276176842493, 43.56788825259554], [1.567890737920768, 43.568058340281866], [1.568065292875305, 43.568006648821196], [1.568261899333039, 43.568063234862876], [1.568463441256594, 43.56792190942803], [1.568828770978329, 43.56816069703815], [1.568935371977212, 43.567856138854076], [1.569083836047283, 43.56785809541027], [1.569082490704941, 43.56791207117362], [1.569181915267015, 43.56789538351118], [1.569374935591906, 43.56809590291951]], [[1.569557558724934, 43.56772035445733], [1.56953236646383, 43.56773802040772], [1.569532814769225, 43.56772002848669], [1.569557558724934, 43.56772035445733]], [[1.569211143370567, 43.56771579035538], [1.569235438924213, 43.567734108319044], [1.569210694964405, 43.56773378227502], [1.569211143370567, 43.56771579035538]], [[1.566999009103623, 43.56709269040807], [1.566949072652565, 43.56711002919796], [1.566949521762556, 43.567092037295495], [1.566999009103623, 43.56709269040807]], [[1.56682490511704, 43.56712638821946], [1.566898687045289, 43.56714535986776], [1.566824455967729, 43.56714438012183], [1.56682490511704, 43.56712638821946]], [[1.566694898040279, 43.567376641843495], [1.566719192647618, 43.56739496036577], [1.566694448848271, 43.56739463374848], [1.566694898040279, 43.567376641843495]], [[1.566719192647618, 43.56739496036577], [1.566768231078122, 43.567413605488966], [1.56671874346308, 43.56741295227108], [1.566719192647618, 43.56739496036577]], [[1.568312733596933, 43.568009911618304], [1.568289335615038, 43.56795560960678], [1.568314079665213, 43.567955935860795], [1.568312733596933, 43.568009911618304]], [[1.568858448840182, 43.56796311202285], [1.568834153309908, 43.567944793971904], [1.568858897358516, 43.5679451201018], [1.568858448840182, 43.56796311202285]], [[1.56913242720928, 43.56789473139302], [1.56910813162053, 43.56787641340425], [1.569132875641225, 43.56787673947169], [1.56913242720928, 43.56789473139302]], [[1.569258837710639, 43.567788410118325], [1.56923454212655, 43.5677700921592], [1.569259286102141, 43.56777041819781], [1.569258837710639, 43.567788410118325]], [[1.569357813646822, 43.56778971421681], [1.569333518030603, 43.5677713962798], [1.569358262007319, 43.56777172229588], [1.569357813646822, 43.56778971421681]], [[1.567480863217412, 43.56762098562356], [1.567456568271422, 43.567602667268794], [1.567481312164758, 43.56760299371249], [1.567480863217412, 43.56762098562356]], [[1.567086757117566, 43.567543794210145], [1.567062462329978, 43.56752547576819], [1.567087206187806, 43.567525802301674], [1.567086757117566, 43.567543794210145]], [[1.567066054943776, 43.56738154050933], [1.567041760231448, 43.56736322206483], [1.567066504019234, 43.56736354860297], [1.567066054943776, 43.56738154050933]], [[1.566330930094236, 43.56708387148554], [1.566306635742403, 43.56706555288039], [1.566331379397724, 43.56706587958597], [1.566330930094236, 43.56708387148554]], [[1.56650458499286, 43.56706816636719], [1.566480290592268, 43.56704984780108], [1.566505034241809, 43.567050174467106], [1.56650458499286, 43.56706816636719]], [[1.566579265192123, 43.5670511544313], [1.566530227132549, 43.567032509227495], [1.566579714417537, 43.567033162531125], [1.566579265192123, 43.5670511544313]], [[1.566136575713633, 43.566937322498674], [1.566062794304542, 43.56691835033534], [1.566137025076877, 43.56691933060175], [1.566136575713633, 43.566937322498674]], [[1.566509975961668, 43.56685226358089], [1.56648568165071, 43.56683394501877], [1.566510425207238, 43.56683427168348], [1.566509975961668, 43.56685226358089]], [[1.565990810579271, 43.56682741054012], [1.565966516444468, 43.566809091862154], [1.565991259987332, 43.566809418645185], [1.565990810579271, 43.56682741054012]], [[1.565796008466807, 43.566698852863325], [1.565771714448551, 43.566680534143416], [1.565796457934904, 43.56668086097079], [1.565796008466807, 43.566698852863325]], [[1.566516265374035, 43.56660037703768], [1.566467227719917, 43.5665817318113], [1.566516714615664, 43.56658238514345], [1.566516265374035, 43.56660037703768]], [[1.566690367946738, 43.5665666797335], [1.566541008830082, 43.5666007036954], [1.566541907297556, 43.566564719906886], [1.566690367946738, 43.5665666797335]], [[1.565724924418876, 43.566571929123256], [1.565700630477003, 43.566553610389064], [1.565725373908254, 43.56655393723262], [1.565724924418876, 43.566571929123256]], [[1.566493768162353, 43.566510090905794], [1.566445179855844, 43.56647345377781], [1.566494666658016, 43.566474107119966], [1.566493768162353, 43.566510090905794]], [[1.566098322900466, 43.56648687164263], [1.56604928547901, 43.56646822622899], [1.566098772272172, 43.566468879751525], [1.566098322900466, 43.56648687164263]], [[1.566395243776103, 43.56649079230553], [1.566370949654696, 43.56647247372236], [1.566395693054798, 43.56647280041315], [1.566395243776103, 43.56649079230553]], [[1.566346655548792, 43.566454155133975], [1.566348003428847, 43.56640017945949], [1.566471271021425, 43.56641980477493], [1.566470372511949, 43.566455788559225], [1.566346655548792, 43.566454155133975]], [[1.566424929149128, 43.56629320818573], [1.566450121732378, 43.56627554297405], [1.566449672472283, 43.56629353486419], [1.566424929149128, 43.56629320818573]], [[1.566425378416974, 43.56627521629571], [1.566401084377168, 43.566256897722035], [1.566425827684539, 43.566257224405916], [1.566425378416974, 43.56627521629571]], [[1.566724094916928, 43.566207168500824], [1.566748389038749, 43.5662254870016], [1.566723645743219, 43.56622516039123], [1.566724094916928, 43.566207168500824]], [[1.566748838204707, 43.566207495111094], [1.566774030650693, 43.566189829825326], [1.566773581492767, 43.56620782171572], [1.566748838204707, 43.566207495111094]], [[1.56677313233456, 43.566225813606344], [1.56684826049331, 43.566190809605075], [1.566847362223682, 43.56622679338672], [1.56677313233456, 43.566225813606344]], [[1.566354293502261, 43.566148293005185], [1.566303459067766, 43.56620161526367], [1.5663048069825, 43.566147639599244], [1.566354293502261, 43.566148293005185]], [[1.566354293502261, 43.566148293005185], [1.566379486043659, 43.566130627811674], [1.566379036762564, 43.56614861969969], [1.566354293502261, 43.566148293005185]]], [[[1.565810414295481, 43.567112993277426], [1.565884195871299, 43.567131965614806], [1.565882847538049, 43.567185941311145], [1.56602906277584, 43.56727786154115], [1.565983170599142, 43.5671332727884], [1.565810414295481, 43.567112993277426]], [[1.56590759124284, 43.5671862681133], [1.56593278437711, 43.56716860301064], [1.565932334947914, 43.56718659490984], [1.56590759124284, 43.5671862681133]]], [[[1.561203136019855, 43.56725001763061], [1.561579250368948, 43.56705702437607], [1.560904858557538, 43.56730005840783], [1.561203136019855, 43.56725001763061]]], [[[1.56026332661788, 43.56721956257445], [1.560511665759423, 43.5671868593927], [1.560512116887243, 43.567168867515974], [1.560314167562962, 43.56716624310573], [1.56026332661788, 43.56721956257445]]], [[[1.55991736634072, 43.56719697695133], [1.559965499794473, 43.56725160889373], [1.560139608185956, 43.56721792207684], [1.560140059430607, 43.56719993020127], [1.55991736634072, 43.56719697695133]]], [[[1.566199123573139, 43.56740609212169], [1.566202268998417, 43.5672801488049], [1.566152781504844, 43.567279495329174], [1.566199123573139, 43.56740609212169]]], [[[1.560904858557538, 43.56730005840783], [1.560481057297001, 43.56742042577764], [1.560480606157473, 43.567438417657414], [1.560853567020382, 43.567371370038565], [1.560904858557538, 43.56730005840783]]], [[[1.566442068886985, 43.567589278223274], [1.566514054282176, 43.56768021776775], [1.566588735274726, 43.5676632058181], [1.566542841380613, 43.56751861726295], [1.566442068886985, 43.567589278223274]]], [[[1.559830949099617, 43.567681773117954], [1.560480606157473, 43.567438417657414], [1.559732424942648, 43.56766246845692], [1.559830949099617, 43.567681773117954]]], [[[1.566707513758139, 43.56786274997662], [1.566734952858025, 43.56775512512829], [1.566610783866398, 43.56777148391235], [1.566707513758139, 43.56786274997662]]], [[[1.559332007966788, 43.56783713522127], [1.559732424942648, 43.56766246845692], [1.559509278633938, 43.56767750624885], [1.558684600066758, 43.567990524478574], [1.559332007966788, 43.56783713522127]]], [[[1.566756103407752, 43.56789938702273], [1.566950911743192, 43.56802794308499], [1.567024694871629, 43.56804691465961], [1.567026491244433, 43.56797494700283], [1.566879374358543, 43.56791901189549], [1.566882069183287, 43.56781106042489], [1.566756103407752, 43.56789938702273]]], [[[1.558242370844283, 43.56785866841294], [1.558118199209751, 43.56787501748763], [1.557994027504502, 43.56789136642049], [1.558167235256884, 43.56789366650091], [1.558242370844283, 43.56785866841294]]], [[[1.567145720951008, 43.56815649880932], [1.567123671202655, 43.56804822079458], [1.567024694871629, 43.56804691465961], [1.567145720951008, 43.56815649880932]]], [[[1.552465282436206, 43.57021152578678], [1.552364487891583, 43.57028217381524], [1.55276494311557, 43.57010753244444], [1.552808990116739, 43.57032409461607], [1.55288322506512, 43.57032508394462], [1.552838724227748, 43.570126513684606], [1.552958820574603, 43.57027209756904], [1.553156780270237, 43.57027473539251], [1.553357460349291, 43.57016942154412], [1.553409670449545, 43.57006212954787], [1.553334075632615, 43.57011511622951], [1.553310237552882, 43.57007880279497], [1.553386285727185, 43.570007824248556], [1.553734980015265, 43.569922479420725], [1.553637813973323, 43.56984919355299], [1.55426685505914, 43.56944361840254], [1.554494992946047, 43.56923068069879], [1.554472060572011, 43.56915838378808], [1.55456967951578, 43.56921367699641], [1.554694760989042, 43.569161348208645], [1.55474968536311, 43.56894610439116], [1.554823465638912, 43.56896508426757], [1.55497600798318, 43.56880513324176], [1.555198707056029, 43.56880809662815], [1.555301759389097, 43.56864748667153], [1.555875403691429, 43.56847513840582], [1.556154377495673, 43.56820887990691], [1.555980716317248, 43.56822456848644], [1.555553276383416, 43.56848885169012], [1.555504693384091, 43.56845220961674], [1.556131895948161, 43.56811859152776], [1.556134610989543, 43.568010640309794], [1.556209295486636, 43.56799363549429], [1.556232229582968, 43.56806593197937], [1.556307819027212, 43.56801294335613], [1.556260593347935, 43.56792232602628], [1.556408604735835, 43.5679422917797], [1.556306461670574, 43.568066918966366], [1.556405890212845, 43.56805024299935], [1.556458545093411, 43.56792495782686], [1.556710055726433, 43.56776632024631], [1.556713674307743, 43.56762238530696], [1.557165846178796, 43.56735842648986], [1.557243694594688, 43.56721547792207], [1.558024757575111, 43.566667919422976], [1.558673507420774, 43.56646055865979], [1.558945232684779, 43.56648216310259], [1.559146340439978, 43.566358846976], [1.559768985461151, 43.56620512694577], [1.559915188412974, 43.56629705534444], [1.559869763737409, 43.56613447224636], [1.560141487908294, 43.56615607369093], [1.56016442622183, 43.56622836925273], [1.560437504379451, 43.566195994368094], [1.560460894218313, 43.566250298004384], [1.560512636361431, 43.56616099475088], [1.560560318408015, 43.566233618254856], [1.56073352126223, 43.56623591423946], [1.560982306854249, 43.56618521813857], [1.561308026904225, 43.566027553840584], [1.561334122667138, 43.56597390608881], [1.560936428259787, 43.56604062736369], [1.560635450364363, 43.566198618551745], [1.560564378343596, 43.566071691478264], [1.560295361533801, 43.56594213992725], [1.560119903378686, 43.566029802544875], [1.559822533981668, 43.56604385658446], [1.559820728639717, 43.566115824024756], [1.559473872297993, 43.56612922072707], [1.558874615683895, 43.566337243038284], [1.558427881026605, 43.566385306468646], [1.558126442551536, 43.56656128260085], [1.557928947363442, 43.566540661984945], [1.55785019765257, 43.566719594695996], [1.557551015919011, 43.56680560996417], [1.557371481948383, 43.56705519495059], [1.557173080986642, 43.56707055667711], [1.557169915767136, 43.56719649971312], [1.556992640081219, 43.5673561248131], [1.556590859829376, 43.567584757033366], [1.556392456828875, 43.56760011733937], [1.556438325226187, 43.56774471019123], [1.556337539900966, 43.56781536178547], [1.556162974971357, 43.56786703438776], [1.55596592855464, 43.56782841831606], [1.555885360623331, 43.56807931723783], [1.555637014986956, 43.568112009860265], [1.555631130346921, 43.568345904165575], [1.555284712330851, 43.56834129563696], [1.5551303607805, 43.56857321453028], [1.554931953973575, 43.56858857217855], [1.554779865018346, 43.56873053124585], [1.55455671326182, 43.56874555887221], [1.554459548162767, 43.56867227379988], [1.554579192577735, 43.56883584761694], [1.554407794341558, 43.56876157432553], [1.554400998513206, 43.56903145241891], [1.554102252717203, 43.56909946644876], [1.553772869405565, 43.56940104447617], [1.552973786549725, 43.5696783655149], [1.552819422069938, 43.56991028133987], [1.552670953250603, 43.56990830254538], [1.552741558984544, 43.57005322700458], [1.552667777998669, 43.570034245699354], [1.552465282436206, 43.57021152578678]], [[1.553158140640176, 43.57022075973856], [1.553133849164313, 43.57020243814661], [1.553158594096254, 43.570202767854376], [1.553158140640176, 43.57022075973856]], [[1.553083905821949, 43.57021977059803], [1.553107743817058, 43.57025608408581], [1.553058253908084, 43.57025542464144], [1.553083905821949, 43.57021977059803]], [[1.553461426995584, 43.56997282941689], [1.553486625181772, 43.56995516716749], [1.553486171830446, 43.56997315904996], [1.553461426995584, 43.56997282941689]], [[1.554472060572011, 43.56915838378808], [1.554423930747061, 43.56910374933822], [1.554448675212884, 43.569104078751785], [1.554472060572011, 43.56915838378808]], [[1.556005007864744, 43.56824288941634], [1.556003650217999, 43.56829686503141], [1.555954161964583, 43.568296206907625], [1.556005007864744, 43.56824288941634]], [[1.556260593347935, 43.56792232602628], [1.556236754327706, 43.5678860132897], [1.556261498279112, 43.56788634228993], [1.556260593347935, 43.56792232602628]], [[1.561182958285456, 43.5660798901307], [1.561158666000911, 43.566061570386765], [1.561183409194226, 43.56606189826509], [1.561182958285456, 43.5660798901307]], [[1.561010206846954, 43.566059602998344], [1.561059242282952, 43.56607825068211], [1.561009755883929, 43.56607759486321], [1.561010206846954, 43.566059602998344]], [[1.560910332094963, 43.56609427502241], [1.560959367528134, 43.56611292275172], [1.560909881100369, 43.5661122668873], [1.560910332094963, 43.56609427502241]], [[1.552741558984544, 43.57005322700458], [1.55276585027209, 43.57007154868237], [1.552741105398959, 43.57007121888515], [1.552741558984544, 43.57005322700458]], [[1.55276585027209, 43.57007154868237], [1.55281488645659, 43.57009020014104], [1.552765396693972, 43.570089540563295], [1.55276585027209, 43.57007154868237]], [[1.552864376220345, 43.570090859696265], [1.552888667563006, 43.57010918134707], [1.55286392267295, 43.57010885157783], [1.552864376220345, 43.570090859696265]], [[1.552889121102649, 43.5700911894654], [1.552914319516844, 43.57007352734736], [1.552913865985237, 43.57009151922891], [1.552889121102649, 43.5700911894654]], [[1.552914319516844, 43.57007352734736], [1.552939517915536, 43.57005586522368], [1.552939064391965, 43.5700738571051], [1.552914319516844, 43.57007352734736]], [[1.552939517915536, 43.57005586522368], [1.552964716298723, 43.570038203094384], [1.552964262783189, 43.5700561949757], [1.552939517915536, 43.57005586522368]], [[1.553536568172383, 43.56993783453407], [1.553560859664807, 43.569956156032575], [1.553536114836845, 43.56995582641653], [1.553536568172383, 43.56993783453407]], [[1.553561312992594, 43.56993816415002], [1.553586511132839, 43.569920501877895], [1.553586057813089, 43.56993849376034], [1.553561312992594, 43.56993816415002]], [[1.553267095687695, 43.5698262571036], [1.553315225017479, 43.569880892093714], [1.553190594163045, 43.56991522743806], [1.553267095687695, 43.5698262571036]], [[1.553341330000271, 43.569827246118656], [1.55336652815951, 43.569809583898945], [1.553366074771698, 43.56982757577907], [1.553341330000271, 43.569827246118656]], [[1.55336652815951, 43.569809583898945], [1.553391726303245, 43.569791921673584], [1.553391272923469, 43.5698099135536], [1.55336652815951, 43.569809583898945]], [[1.553517716789367, 43.56970361046236], [1.553491158679401, 43.56977524835521], [1.5534416691805, 43.569774589085775], [1.553442575907624, 43.56973860532642], [1.553517716789367, 43.56970361046236]], [[1.553393086440866, 43.569737946034856], [1.553368795094304, 43.569719624501616], [1.553393539819506, 43.56971995415573], [1.553393086440866, 43.569737946034856]], [[1.553945628340056, 43.569421343169104], [1.553969919744492, 43.56943966456952], [1.553945175136785, 43.56943933504679], [1.553945628340056, 43.569421343169104]], [[1.553970372940013, 43.569421672691725], [1.553995570727737, 43.569404010331056], [1.553995117540253, 43.56942200220872], [1.553970372940013, 43.569421672691725]], [[1.554371723413712, 43.56921104175038], [1.554322687474341, 43.5691923910061], [1.554372176481515, 43.569193049873775], [1.554371723413712, 43.56921104175038]], [[1.554549012113676, 43.569051420722346], [1.554573303554146, 43.56906974198306], [1.554497711117757, 43.569122729438014], [1.554549012113676, 43.569051420722346]], [[1.554498617172722, 43.56908674568621], [1.554474325748891, 43.56906842440859], [1.554499070199779, 43.569068753810654], [1.554498617172722, 43.56908674568621]], [[1.554599406992617, 43.56901609573596], [1.554673187308683, 43.56903507571539], [1.554623245446491, 43.56905240886059], [1.554599406992617, 43.56901609573596]], [[1.554674093252286, 43.56899909196432], [1.554724035052749, 43.56898175879636], [1.554723582096876, 43.56899975067178], [1.554674093252286, 43.56899909196432]], [[1.554724488008339, 43.568963766921165], [1.554675452165564, 43.568945116339414], [1.554724940963644, 43.56894577504623], [1.554724488008339, 43.568963766921165]], [[1.554976913733367, 43.568769149493946], [1.555027760959873, 43.568715832442614], [1.555103805205565, 43.568644852760976], [1.554976913733367, 43.568769149493946]], [[1.555075891034228, 43.568770466610076], [1.55505159956, 43.56875214546561], [1.55507634387789, 43.56875247473609], [1.555075891034228, 43.568770466610076]], [[1.555202329491859, 43.568664161634544], [1.555154652204157, 43.56859153565484], [1.555277015115162, 43.568647157452446], [1.555101088196063, 43.568752804000916], [1.555202329491859, 43.568664161634544]], [[1.555277467894826, 43.56862916557913], [1.555353511717027, 43.568558185726964], [1.555377350457726, 43.568594498674464], [1.555277467894826, 43.56862916557913]], [[1.555427744425965, 43.56855917331496], [1.555404811145616, 43.568486876635106], [1.555503787969681, 43.568488193361], [1.555427744425965, 43.56855917331496]], [[1.560438857808421, 43.56614201877682], [1.560414565735008, 43.56612369886563], [1.560439308950846, 43.56612402691351], [1.560438857808421, 43.56614201877682]], [[1.560416370332883, 43.56605173141507], [1.560392078304843, 43.56603341149998], [1.560416821481645, 43.566033739552985], [1.560416370332883, 43.56605173141507]]], [[[1.56689603398942, 43.568243192932904], [1.566795260658721, 43.56831385425671], [1.566818657373533, 43.56836815660372], [1.567019754823197, 43.5682448257343], [1.56689603398942, 43.568243192932904]]], [[[1.567529505784045, 43.56864750424084], [1.567502965645948, 43.568719145506364], [1.56764963628597, 43.56879307172662], [1.567650982995993, 43.56873909594783], [1.567529505784045, 43.56864750424084]]], [[[1.556416156855696, 43.5686263119388], [1.556541687749319, 43.56855598916814], [1.556641117070221, 43.56853931298009], [1.556492651664527, 43.56853733941222], [1.556416156855696, 43.5686263119388]]], [[[1.556114700448986, 43.568802282762], [1.556142159854113, 43.56869466052059], [1.55634147159689, 43.568643316904094], [1.556143517380051, 43.56864068488876], [1.555968497203013, 43.568710349085904], [1.555916745694461, 43.568799650333006], [1.556114700448986, 43.568802282762]], [[1.556143064871689, 43.56865867676583], [1.556167356654657, 43.56867699766496], [1.556142612363042, 43.5686766686431], [1.556143064871689, 43.56865867676583]], [[1.556067926957714, 43.56869367342085], [1.556092218731514, 43.568711994337235], [1.556067474425246, 43.568711665298245], [1.556067926957714, 43.56869367342085]]], [[[1.555300853844422, 43.56868347041901], [1.555274298431222, 43.56875510869689], [1.555347173117366, 43.56881007196538], [1.555348984151516, 43.5687381044642], [1.555300853844422, 43.56868347041901]]], [[[1.566673823587594, 43.56921214393341], [1.566596894420122, 43.56931911560142], [1.566743116233639, 43.56941103500686], [1.566720617563888, 43.569320748744836], [1.56674491300208, 43.56933906728623], [1.566794851453527, 43.56932172856324], [1.566673823587594, 43.56921214393341]]], [[[1.565112217244131, 43.56929950688605], [1.565283181282461, 43.56939175523419], [1.565162605841176, 43.569264176992], [1.565112217244131, 43.56929950688605]]], [[[1.553149071458935, 43.570580597469544], [1.554181292990463, 43.56989242706198], [1.555105907807044, 43.569544775937395], [1.556859744650869, 43.5687041998687], [1.557882848806162, 43.56837583266611], [1.558084417373061, 43.568234526463954], [1.556310392935555, 43.568894874231425], [1.554956986966983, 43.569560792152735], [1.554182652388176, 43.569838451409595], [1.553275064049026, 43.57049228649127], [1.553075743145344, 43.57054362454607], [1.552583109826448, 43.57044706951373], [1.552433732257123, 43.5704810741641], [1.553149071458935, 43.570580597469544]]], [[[1.554586270016586, 43.569537860211156], [1.554588535029489, 43.56944790080544], [1.554638930232122, 43.56941257579095], [1.554489556571963, 43.56944658324449], [1.554586270016586, 43.569537860211156]]], [[[1.554262777123858, 43.56960554532428], [1.554163798402038, 43.569604227466286], [1.554063913349769, 43.5696388932792], [1.554260511594318, 43.569695504733076], [1.554262777123858, 43.56960554532428]]], [[[1.557921490236851, 43.572749838146024], [1.557773917957906, 43.57271188245275], [1.557769397650152, 43.572891801811814], [1.557671769370581, 43.572836511338004], [1.557667700797934, 43.57299843877041], [1.557570072434966, 43.57294314820106], [1.557517415377544, 43.57306843435083], [1.557394136571083, 43.57304879878063], [1.557391875812381, 43.5731387584706], [1.557244755082128, 43.57308281011006], [1.557290177821472, 43.57324539509402], [1.55724158968838, 43.573208753676184], [1.557191192754894, 43.57324407999189], [1.557335600818091, 43.57340798007739], [1.55736532094762, 43.57321039748227], [1.557488147968234, 43.5732480250276], [1.557490408580385, 43.57315806532878], [1.55763843389443, 43.573178029478896], [1.557665892536057, 43.57307040652393], [1.557787815397919, 43.57314401760575], [1.557741939287983, 43.57299942477956], [1.557889512284908, 43.57303738052388], [1.557943072457671, 43.572876110320856], [1.558140589445159, 43.57289673100217], [1.558244996532905, 43.572682141986064], [1.558341721398789, 43.57277341581402], [1.558321945768177, 43.572575175984205], [1.558420929707355, 43.572576490055106], [1.558474487957364, 43.572415219641805], [1.558547370353183, 43.572470180903004], [1.558501492868721, 43.57232558846553], [1.558770083827003, 43.572473136973194], [1.558727819598461, 43.57218460916516], [1.558849290251957, 43.57227621094307], [1.558826351178143, 43.5722039147985], [1.559001378537529, 43.57213424582588], [1.559173244371994, 43.572190520107604], [1.55979820951596, 43.571946839626655], [1.560044764125087, 43.57198610513946], [1.560096512084906, 43.57189680172687], [1.560445207869481, 43.57181143524158], [1.56104631991207, 43.57153143573242], [1.561047672894441, 43.571477459932645], [1.561370717442487, 43.5714277464542], [1.56137387368007, 43.571301802924175], [1.561740547751912, 43.57148663913766], [1.561669917539545, 43.571341720385234], [1.561918724429876, 43.57129102195843], [1.562070802515615, 43.571149052640386], [1.562393393760823, 43.571117328063856], [1.562470333169734, 43.57101035923954], [1.562669647291729, 43.57095900392599], [1.562676404479939, 43.57068912495385], [1.562968842999628, 43.570872974306596], [1.563046231370725, 43.570748013160646], [1.563244193169145, 43.57075063259733], [1.563295935038752, 43.57066132773724], [1.563394015287944, 43.57069862113836], [1.563470952271423, 43.57059165163639], [1.563767444061719, 43.570613571427664], [1.564142671794471, 43.57045655270432], [1.564315887531507, 43.5704588429819], [1.564367177526402, 43.57038752956228], [1.564615078166061, 43.57037280885714], [1.564667717262537, 43.570247519501955], [1.565063187848144, 43.570270744035604], [1.565190510486698, 43.570128443454784], [1.565612973207968, 43.570062033279946], [1.565614321862479, 43.57000805747864], [1.565712402501564, 43.570045348768986], [1.56569260236092, 43.56984711065907], [1.565837925110422, 43.56997501518337], [1.565965245172944, 43.56983271372358], [1.566214491091757, 43.569764013576695], [1.566591952787553, 43.569517026832315], [1.566569903561056, 43.56940874860235], [1.566618494431245, 43.56944538574958], [1.566644137561902, 43.56940972852382], [1.566547854417724, 43.569300470376064], [1.566521762014615, 43.56935411950521], [1.56632380488196, 43.56935150604555], [1.566301756224735, 43.569243227773626], [1.566424580614187, 43.56928084510806], [1.566451571639998, 43.56919121215126], [1.566674272800284, 43.56919415200571], [1.566651325104747, 43.56912185766958], [1.566749404903474, 43.5691591480003], [1.566726457127324, 43.56908685368183], [1.567050830586468, 43.568983147613984], [1.567102564942151, 43.56889384105046], [1.566959038591807, 43.56869397062312], [1.567224940070916, 43.56894944939671], [1.567275776082524, 43.56889612660457], [1.567180390699184, 43.568750885207265], [1.567399498334091, 43.568897758974096], [1.56738014175158, 43.56868152940632], [1.567232573677486, 43.56864358667336], [1.567210523578277, 43.56853530863945], [1.567285205476702, 43.56851829620067], [1.56752546531022, 43.5688094315684], [1.567430977381826, 43.5686282065515], [1.567585728312262, 43.568378278247714], [1.567317582860094, 43.56821276004625], [1.567242901368684, 43.56822977250368], [1.567289246607644, 43.56835636891496], [1.567019305726196, 43.568262817651515], [1.56713898506891, 43.56842637758239], [1.567087251191091, 43.568515684134155], [1.566765126336656, 43.56852943067598], [1.56668774905009, 43.56865439427849], [1.566313888023178, 43.56875744583502], [1.566310293437634, 43.56890138120723], [1.566088492219203, 43.568862456764535], [1.566110989715323, 43.56895274312861], [1.566012461266083, 43.568933444148165], [1.565960275744134, 43.56904074211745], [1.566080403090206, 43.56918631137904], [1.565885592773554, 43.569057753651286], [1.565980975391226, 43.569202996216916], [1.565782569312217, 43.569218373695854], [1.565754678225979, 43.56934399033899], [1.565430300386992, 43.5694476925614], [1.565544133263209, 43.56984514946391], [1.565345275213846, 43.569878518082206], [1.565199953806111, 43.569750612907285], [1.565221550907256, 43.56987688337123], [1.565022692560496, 43.56991025139963], [1.564945309620462, 43.570035213880935], [1.564696510845095, 43.57008591919719], [1.56447605586893, 43.569993015639746], [1.564446811794353, 43.57017260780611], [1.564373026786007, 43.57015363445189], [1.564321287049342, 43.57024293979354], [1.564198911975988, 43.570187328125115], [1.564147171938125, 43.57027663338591], [1.563999151841825, 43.57025667814738], [1.56374855071869, 43.570379349023476], [1.563650920953609, 43.570324064021484], [1.563549239574104, 43.57043070629637], [1.563303139526315, 43.570373456853574], [1.563300888131713, 43.57046341649857], [1.563152417522013, 43.57046145203279], [1.563175361347122, 43.57053374717574], [1.563078182220973, 43.57046046972379], [1.563075930470475, 43.57055042936954], [1.562904516124627, 43.57047616940005], [1.56280103134049, 43.57065477870512], [1.562460455896936, 43.57041629799058], [1.562475289138804, 43.57081244799038], [1.562102307816004, 43.5708795013398], [1.561974975857603, 43.57102179837444], [1.561802660022575, 43.57098352050205], [1.561774759370897, 43.57110913627749], [1.561551149367741, 43.57114217023293], [1.561596582766887, 43.57130475319571], [1.561205164946724, 43.57111958865071], [1.561251950132667, 43.57122819596273], [1.561151615575866, 43.571280860264956], [1.561003593931768, 43.57126090092959], [1.560853768180158, 43.57131290911117], [1.559252449024165, 43.571993593822235], [1.559053128253858, 43.57204494290121], [1.559429281242833, 43.57185195644773], [1.558904202029888, 43.57206096455726], [1.558731433399536, 43.57204067371511], [1.558753920571075, 43.57213096180303], [1.558606801096058, 43.57207501532683], [1.558650419891517, 43.57230956735876], [1.558430869800401, 43.57218066752197], [1.558475843378508, 43.57236124384086], [1.558305333295412, 43.57225099265411], [1.55830171841282, 43.57239492811106], [1.558152339162891, 43.57242894067332], [1.558198215850578, 43.57257353326869], [1.558101039624568, 43.57250025125901], [1.558046576359165, 43.57269750536876], [1.55787516210844, 43.57262323734997], [1.557921490236851, 43.572749838146024]], [[1.558474487957364, 43.572415219641805], [1.558450193856435, 43.572396899211], [1.558474939764695, 43.57239722770794], [1.558474487957364, 43.572415219641805]], [[1.559971880910316, 43.57193114490168], [1.560021823661773, 43.57191380926201], [1.560021372343018, 43.57193180119624], [1.559971880910316, 43.57193114490168]], [[1.560346225203041, 43.57181012301633], [1.560321930760886, 43.57179180301196], [1.560346676419036, 43.57179213108225], [1.560346225203041, 43.57181012301633]], [[1.565539187956354, 43.570043060719485], [1.565514892604962, 43.570024741899374], [1.565539637531113, 43.57002506878605], [1.565539187956354, 43.570043060719485]], [[1.565667407977415, 43.56986477573905], [1.565643112660556, 43.56984645694991], [1.565667857510597, 43.569846783807314], [1.565667407977415, 43.56986477573905]], [[1.566569903561056, 43.56940874860235], [1.566545608149216, 43.569390430020945], [1.56657035280785, 43.56939075667258], [1.566569903561056, 43.56940874860235]], [[1.566298161578362, 43.56938716319421], [1.566225275676865, 43.56933220725281], [1.566250919001183, 43.56929655012272], [1.566299958903802, 43.569315195482105], [1.566298161578362, 43.56938716319421]], [[1.566401183900164, 43.569226542641566], [1.566376888619259, 43.56920822402474], [1.566401633198405, 43.56920855071481], [1.566401183900164, 43.569226542641566]], [[1.566926209896939, 43.56901749869957], [1.566901914536978, 43.568999180202866], [1.566926659029016, 43.56899950677325], [1.566926209896939, 43.56901749869957]], [[1.567155646312854, 43.56875055869473], [1.567107055687944, 43.568713921805625], [1.567108402906193, 43.56865994603655], [1.567181737849358, 43.568696909435886], [1.567155646312854, 43.56875055869473]], [[1.567430977381826, 43.5686282065515], [1.567406682025547, 43.56860988817267], [1.56743142635268, 43.56861021462796], [1.567430977381826, 43.5686282065515]], [[1.567483159780322, 43.56852090790636], [1.56745796652969, 43.56853857338538], [1.567458415491385, 43.56852058146289], [1.567483159780322, 43.56852090790636]], [[1.566739034486972, 43.56858307982848], [1.566763329618889, 43.56860139835629], [1.566738585299356, 43.56860107174879], [1.566739034486972, 43.56858307982848]], [[1.566587873213224, 43.56868907158702], [1.566612168341763, 43.56870739015002], [1.56658742397741, 43.56870706350804], [1.566587873213224, 43.56868907158702]], [[1.566337284463476, 43.568811748302586], [1.566361579563974, 43.5688300669232], [1.566336835148175, 43.56882974022408], [1.566337284463476, 43.568811748302586]], [[1.566361579563974, 43.5688300669232], [1.566385425379614, 43.56886637746079], [1.566360680948031, 43.56886605076711], [1.566361579563974, 43.5688300669232]], [[1.565980975391226, 43.569202996216916], [1.566005270543598, 43.56922131492226], [1.565980525961207, 43.569220988141886], [1.565980975391226, 43.569202996216916]], [[1.565196356365752, 43.56989454834232], [1.565220651560415, 43.56991286723203], [1.565195906684439, 43.56991254027272], [1.565196356365752, 43.56989454834232]], [[1.563599630125741, 43.57039537709966], [1.563623925022862, 43.570413696352965], [1.563599179940127, 43.57041336902971], [1.563599630125741, 43.57039537709966]], [[1.561596582766887, 43.57130475319571], [1.561620877409677, 43.571323072908726], [1.561596131946422, 43.57132274512886], [1.561596582766887, 43.57130475319571]], [[1.560953201022985, 43.571296228943005], [1.56097749545687, 43.57131454879984], [1.560952750000962, 43.571314220873376], [1.560953201022985, 43.571296228943005]], [[1.560952750000962, 43.571314220873376], [1.560927553515279, 43.57133188487178], [1.560928004545337, 43.57131389294129], [1.560952750000962, 43.571314220873376]], [[1.560927553515279, 43.57133188487178], [1.560902357014091, 43.57134954886454], [1.560902808052184, 43.571331556933934], [1.560927553515279, 43.57133188487178]], [[1.560828120603247, 43.57134856501687], [1.560877160497399, 43.57136721285168], [1.5608272184797, 43.571384548878115], [1.560828120603247, 43.57134856501687]], [[1.5608272184797, 43.571384548878115], [1.560777276431839, 43.57140188488177], [1.560777727509542, 43.57138389295103], [1.5608272184797, 43.571384548878115]], [[1.560727785447308, 43.571401228931954], [1.560752079853695, 43.57141954884054], [1.560726883260046, 43.57143721279368], [1.560727785447308, 43.571401228931954]], [[1.559003636734695, 43.57204428616539], [1.559027479231623, 43.57208059839985], [1.558977987682015, 43.57207994165231], [1.559003636734695, 43.57204428616539]], [[1.558805218968478, 43.57205965092727], [1.558829513039989, 43.572077971274354], [1.558804767267308, 43.57207764285828], [1.558805218968478, 43.57205965092727]], [[1.558650419891517, 43.57230956735876], [1.558674714019385, 43.57232788774366], [1.558649968139869, 43.57232755929227], [1.558650419891517, 43.57230956735876]], [[1.558046576359165, 43.57269750536876], [1.558070870458501, 43.572715825893674], [1.558046124415227, 43.57271549730461], [1.558046576359165, 43.57269750536876]], [[1.558021830323927, 43.572697176774156], [1.5579961803698, 43.57273283204544], [1.557997084288972, 43.57269684817392], [1.558021830323927, 43.572697176774156]], [[1.558226125039418, 43.57244791828403], [1.55817618128112, 43.57246525310441], [1.55817663318233, 43.57244726117115], [1.558226125039418, 43.57244791828403]], [[1.560047020681516, 43.571896145466575], [1.560048374611979, 43.57184216966553], [1.560097865968854, 43.57184282592517], [1.560047020681516, 43.571896145466575]], [[1.560098768556739, 43.5718068420585], [1.560322833207531, 43.571755819144705], [1.560473111771491, 43.57168581974625], [1.560196397422643, 43.57186213031091], [1.560098768556739, 43.5718068420585]], [[1.560473111771491, 43.57168581974625], [1.56052305415819, 43.57166848387902], [1.56052260299844, 43.57168647581227], [1.560473111771491, 43.57168581974625]], [[1.56052305415819, 43.57166848387902], [1.56054825091605, 43.57165081997033], [1.560547799764336, 43.571668811903464], [1.56052305415819, 43.57166848387902]], [[1.560371873285429, 43.57177446721296], [1.560396167736186, 43.57179278720594], [1.56037142207747, 43.57179245914691], [1.560371873285429, 43.57177446721296]], [[1.560326894203438, 43.57159389175311], [1.560276951822395, 43.571611227529246], [1.560277403058536, 43.57159323559795], [1.560326894203438, 43.57159389175311]], [[1.560897846617614, 43.5715294681829], [1.560872650020572, 43.571547132171226], [1.560873101069527, 43.57152914023826], [1.560897846617614, 43.5715294681829]], [[1.560997730832326, 43.57149479603882], [1.560898297658534, 43.571511476250066], [1.560898748699171, 43.571493484317436], [1.560997730832326, 43.57149479603882]], [[1.561023378369225, 43.57145914008944], [1.560998181841672, 43.57147680410601], [1.560998632850734, 43.571458812173404], [1.561023378369225, 43.57145914008944]], [[1.560677392245637, 43.57143655682084], [1.560652195621544, 43.571454220756856], [1.560652646738856, 43.571436228825995], [1.560677392245637, 43.57143655682084]], [[1.561223597219551, 43.57137180355029], [1.561173655302468, 43.571389139736105], [1.561174106255852, 43.571371147803866], [1.561223597219551, 43.57137180355029]], [[1.561272637262006, 43.571390451206845], [1.561323030056929, 43.57135512304287], [1.561346873734628, 43.571391434750694], [1.561272637262006, 43.571390451206845]], [[1.561645172067972, 43.57134139261654], [1.561619975783403, 43.5713590567759], [1.561620426596682, 43.57134106484221], [1.561645172067972, 43.57134139261654]], [[1.565717796728922, 43.569829445573454], [1.565693501410936, 43.56981112679607], [1.565718246246037, 43.569811453641975], [1.565717796728922, 43.569829445573454]], [[1.565694849983847, 43.569757151003216], [1.565669655640509, 43.56977481608259], [1.565597668956581, 43.56968387584549], [1.565694849983847, 43.569757151003216]], [[1.565571575491345, 43.56973752476069], [1.565546381118691, 43.569755189811225], [1.565546830688942, 43.56973719788139], [1.565571575491345, 43.56973752476069]], [[1.565696648077117, 43.56968518328255], [1.565671004234985, 43.56972084029141], [1.56567190329656, 43.56968485643175], [1.565696648077117, 43.56968518328255]], [[1.565746137639074, 43.569685836967246], [1.56582127095155, 43.56965083359196], [1.565820371984124, 43.56968681745201], [1.565746137639074, 43.569685836967246]], [[1.566070965657704, 43.56956414185437], [1.566045322102108, 43.56959979894861], [1.566046220927185, 43.56956381508888], [1.566070965657704, 43.56956414185437]], [[1.566156883668251, 43.56909733201095], [1.566131689756612, 43.56911499718938], [1.566132139138431, 43.56909700526514], [1.566156883668251, 43.56909733201095]], [[1.566256311133126, 43.56908064701323], [1.5662311172594, 43.56909831221455], [1.566231566609931, 43.5690803202901], [1.566256311133126, 43.56908064701323]], [[1.566083998269916, 43.56904237598584], [1.566059703168144, 43.569024057300425], [1.566084447666112, 43.56902438406271], [1.566083998269916, 43.56904237598584]], [[1.566059703168144, 43.569024057300425], [1.566035408081875, 43.569005738609775], [1.56606015257181, 43.56900606537761], [1.566059703168144, 43.569024057300425]], [[1.566281954325813, 43.569044989882094], [1.566258108501428, 43.56900867931726], [1.566282852993897, 43.569009006034335], [1.566281954325813, 43.569044989882094]], [[1.566259007183889, 43.568972695470606], [1.566209068874208, 43.568990033942946], [1.566209967587113, 43.568954050097155], [1.566259007183889, 43.568972695470606]], [[1.566431319954629, 43.56901096621844], [1.566406126165326, 43.56902863145949], [1.566406575460469, 43.56901063953517], [1.566431319954629, 43.56901096621844]]], [[[1.56034306668316, 43.571936066561065], [1.560092901715264, 43.572040737207864], [1.560191433507045, 43.572060041600785], [1.56034306668316, 43.571936066561065]]], [[[1.559566468799815, 43.57230372436378], [1.55946793679996, 43.57228441940058], [1.5591169786607, 43.57245974245953], [1.55924115992691, 43.57244339219054], [1.559566468799815, 43.57230372436378]]], [[[1.556559100287608, 43.57278573129285], [1.556387235233807, 43.57272945285093], [1.55645966358851, 43.572802407455185], [1.5562855361019, 43.57283608850318], [1.556336385715078, 43.57278277068797], [1.556287346086757, 43.57276412078439], [1.556211750367987, 43.57281710956889], [1.556233328853584, 43.572943382089385], [1.556559100287608, 43.57278573129285]], [[1.556236496444554, 43.57281743857594], [1.556260790017013, 43.57283575950729], [1.556236043932409, 43.57283543050576], [1.556236496444554, 43.57281743857594]]], [[[1.556723727926313, 43.573129880406874], [1.556777291460142, 43.57296861076841], [1.556755711768636, 43.572842338353766], [1.556804299281516, 43.57287897997962], [1.556879442224264, 43.572843982712996], [1.55663605280282, 43.57267876647782], [1.556608140022668, 43.57280438107401], [1.55675390236844, 43.5729143060843], [1.556677854507669, 43.572985287132646], [1.556674687875664, 43.57311123067368], [1.556919436146496, 43.573222471058166], [1.556770958620357, 43.57322049786435], [1.556768696878395, 43.573310457552076], [1.556917626939559, 43.573294438810485], [1.557039549317773, 43.57336805074379], [1.556969380942997, 43.5732051368066], [1.556723727926313, 43.573129880406874]]], [[[1.555340046812482, 43.57401137951485], [1.555505123411367, 43.574337538824636], [1.555508292676788, 43.57421159521016], [1.555605468489923, 43.574284879627044], [1.555754854077866, 43.57425087052394], [1.555759380806155, 43.5740709510785], [1.5558803980802, 43.57418054824202], [1.5559573537296, 43.57407358380399], [1.556104475744215, 43.57412953394705], [1.556107643683307, 43.574003590333355], [1.556508565913119, 43.57381094276381], [1.556463597387226, 43.57363036544798], [1.556732641576315, 43.57375992718597], [1.556642703477723, 43.57339877275679], [1.556541908478087, 43.57346942481924], [1.556661116438276, 43.57365098883081], [1.556392977858152, 43.573485443047566], [1.556438398503818, 43.57364802843334], [1.556292634899253, 43.57353810294342], [1.556362801760561, 43.57370101735561], [1.556241332059834, 43.57360941270574], [1.556261553374133, 43.573789661115036], [1.5560653917089, 43.57371506118181], [1.55611216928647, 43.573823670904176], [1.556086517643016, 43.573859325752395], [1.555940754175733, 43.57374939977403], [1.556008657336553, 43.57400227415275], [1.555715319800694, 43.573854389538276], [1.555809779346555, 43.57403562540688], [1.555688309820275, 43.57394402011713], [1.555609090251506, 43.574140944070486], [1.555340046812482, 43.57401137951485]], [[1.555534850321968, 43.57413995660262], [1.555559144230153, 43.574158277707774], [1.555534397579504, 43.57415794854608], [1.555534850321968, 43.57413995660262]], [[1.555834525946054, 43.57403595450579], [1.555933059730175, 43.57405526278897], [1.555857914625067, 43.57409025943031], [1.555834525946054, 43.57403595450579]], [[1.556059960816055, 43.57393096448085], [1.556158494495796, 43.57395027255807], [1.556083349665539, 43.573985269352846], [1.556059960816055, 43.57393096448085]], [[1.556209345213832, 43.57389695476096], [1.556185051208733, 43.57387863380456], [1.556209797742712, 43.57387896281796], [1.556209345213832, 43.57389695476096]], [[1.556310593870097, 43.5738083110436], [1.556358729434617, 43.57386294483643], [1.556309236379046, 43.57386228687191], [1.556310593870097, 43.5738083110436]], [[1.556434326394859, 43.573809955911024], [1.556436136223899, 43.57373798814093], [1.556412294677715, 43.573701675295645], [1.556485629173766, 43.57373864604757], [1.556434326394859, 43.573809955911024]], [[1.556137820898062, 43.573788016050806], [1.556113526961888, 43.57376969507978], [1.556138273448498, 43.57377002410944], [1.556137820898062, 43.573788016050806]]]]}}, {"type": "Feature", "properties": {"classe": 2, "classeLabel": "0.5 - 1 m", "classeColor": "#6baed6"}, "geometry": {"type": "MultiPolygon", "coordinates": [[[[1.511144542201819, 43.576222152858605], [1.510942830082578, 43.57636337269547], [1.511087580617263, 43.57650934281814], [1.51153443361462, 43.57646147380875], [1.51158206224666, 43.57653411932616], [1.51177957513318, 43.57655482437215], [1.511690848473542, 43.57615764850634], [1.511144542201819, 43.576222152858605]], [[1.511755294186548, 43.57653649344637], [1.511731013255424, 43.57651816251538], [1.511755760668532, 43.576518501658384], [1.511755294186548, 43.57653649344637]], [[1.511731013255424, 43.57651816251538], [1.511706732339806, 43.5764998315792], [1.511731479744868, 43.57650017072774], [1.511731013255424, 43.57651816251538]], [[1.511632956646538, 43.5764808223128], [1.511635289242976, 43.57639086338123], [1.511682451439694, 43.576481500637826], [1.511632956646538, 43.5764808223128]], [[1.511611941463216, 43.57633654885489], [1.511586727596063, 43.57635420146412], [1.511562446795866, 43.576335870497786], [1.511611941463216, 43.57633654885489]], [[1.511661902641515, 43.57631923540435], [1.511636222279504, 43.57635487981016], [1.511637155314862, 43.57631889624], [1.511661902641515, 43.57631923540435]], [[1.511588127195181, 43.57630022610988], [1.511564312957282, 43.576263903360555], [1.511589993323245, 43.57622825897399], [1.511588127195181, 43.57630022610988]], [[1.511615207134078, 43.57621060636553], [1.5116408874446, 43.57617496196825], [1.511664701694053, 43.57621128469853], [1.511615207134078, 43.57621060636553]]], [[[1.517291403714906, 43.57785409290543], [1.517347406121498, 43.577602883074974], [1.517247484930124, 43.57763751521477], [1.517332417807731, 43.577224716923766], [1.516444754100861, 43.57708660724982], [1.516103402889993, 43.57688396375491], [1.515693859805058, 43.57644641103923], [1.515225055336586, 43.57638600800281], [1.515182541685634, 43.57611545430419], [1.514812729383891, 43.576056402893926], [1.514761838312419, 43.57610970138152], [1.514739884317434, 43.57600141215433], [1.514639964340536, 43.57603604185669], [1.514543303475069, 43.57594472891396], [1.514198705796617, 43.57586802213015], [1.514074038563983, 43.57590231272244], [1.514097388496568, 43.575956626703096], [1.513651473333249, 43.57596852266156], [1.51345675745344, 43.57583987030402], [1.513403535513332, 43.57598312708665], [1.513329293938069, 43.575982110767455], [1.513409592982522, 43.57574923385835], [1.513832156878093, 43.575683024870415], [1.513662188570611, 43.575554711570746], [1.513487095788962, 43.57562430762827], [1.513584220337173, 43.575697629705076], [1.513510445053161, 43.575678621724606], [1.513410990853017, 43.57569525850334], [1.513413786586123, 43.57558730779934], [1.51331479850196, 43.575585952705495], [1.513133646644991, 43.57588944140248], [1.512860961879992, 43.57590370575928], [1.512838079275928, 43.57583139973079], [1.512811933716897, 43.57588503618699], [1.512909057843886, 43.575958358880875], [1.512462676165105, 43.57598824174464], [1.512955755594419, 43.57606698734433], [1.513129918276517, 43.57603337569694], [1.51305194806787, 43.57617629349673], [1.513143946503723, 43.57644752569969], [1.513200431713456, 43.57617832646381], [1.513377390413511, 43.57603676368464], [1.513524475938881, 43.57609277157599], [1.513568845408122, 43.57629135874628], [1.513619737748232, 43.576238060810944], [1.513667368833728, 43.57631070540258], [1.513865813341636, 43.57629542306447], [1.513740679123786, 43.576347705078966], [1.513763097218578, 43.57643800273865], [1.5139596789797, 43.57649468741057], [1.514133376635343, 43.5764790659408], [1.51423516050563, 43.576372469505294], [1.514656796894722, 43.57634224087243], [1.514482168543391, 43.576393846773364], [1.514604508661021, 43.57644951469425], [1.514083416063341, 43.576496380530145], [1.51400824226087, 43.576531348270265], [1.514055874081335, 43.57660399270637], [1.514451833537678, 43.576609409842476], [1.514776343866596, 43.57650585939461], [1.515196584741078, 43.57652960406534], [1.51516951024273, 43.57661922472242], [1.51529185150718, 43.5766748918778], [1.515216678207042, 43.57670986045867], [1.515340881151331, 43.57669356034089], [1.515605659350405, 43.57698515049152], [1.515875557404181, 43.57707883010426], [1.515775171010106, 43.57713145269005], [1.51579712739018, 43.57723974179308], [1.51596943129924, 43.577278092822006], [1.515473080077531, 43.57732530352964], [1.515221879045829, 43.57746585482356], [1.515219552026132, 43.5775558138993], [1.515095347181831, 43.577572113888124], [1.514899691618962, 43.577479447602], [1.514676961016187, 43.57747640155714], [1.513505372807221, 43.576830435159046], [1.513559061196776, 43.57666918644448], [1.51375610940468, 43.5767078796959], [1.513807933619735, 43.57661859806109], [1.513906923496149, 43.57661995270643], [1.513858826027974, 43.576565300001576], [1.513658982927724, 43.57663455772128], [1.513387226697098, 43.576612839811844], [1.513165431618486, 43.57657380707755], [1.513143480457383, 43.57646551749273], [1.513208868160508, 43.57680837805598], [1.513528256649989, 43.576902741097186], [1.514920249984456, 43.5776417123537], [1.515585186790661, 43.577776790357234], [1.516821656260764, 43.57782968035698], [1.517093884370527, 43.577833397864175], [1.517245161077736, 43.57772747434462], [1.517291403714906, 43.57785409290543]], [[1.513725714896642, 43.57596953876052], [1.513749996232647, 43.57598786923856], [1.513725249036512, 43.575987530550094], [1.513725714896642, 43.57596953876052]], [[1.513509979127925, 43.575696613509585], [1.51348476612548, 43.57571426655159], [1.51348523205876, 43.575696274766486], [1.513509979127925, 43.575696613509585]], [[1.514136171048217, 43.576371115159326], [1.5139405211269, 43.576278447222776], [1.514066120767165, 43.57620817318653], [1.514536319389032, 43.57621460582883], [1.51426270204048, 43.576264857300956], [1.514285586611671, 43.57633716305108], [1.514136171048217, 43.576371115159326]], [[1.514631118381983, 43.576377885986936], [1.514729642314074, 43.57639723168078], [1.514630652802299, 43.57639587778549], [1.514631118381983, 43.576377885986936]], [[1.513707546135189, 43.576671218719], [1.513732759489419, 43.5766535656135], [1.513732293625946, 43.576671557411665], [1.513707546135189, 43.576671218719]], [[1.517269444281091, 43.577745804058225], [1.517294657011934, 43.57772815011273], [1.51729419225609, 43.577746141939585], [1.517269444281091, 43.577745804058225]], [[1.517198453859739, 43.57761884760013], [1.517148493220298, 43.5776361636131], [1.517148958020916, 43.57761817178823], [1.517198453859739, 43.57761884760013]], [[1.516361675229565, 43.577427437529295], [1.516113266674554, 43.5774600399743], [1.516065631540295, 43.57738739639727], [1.516338322556418, 43.5773731239799], [1.516361675229565, 43.577427437529295]], [[1.513457275544983, 43.57677578226838], [1.513358751392001, 43.57675643541523], [1.513457741495495, 43.57675779047011], [1.513457275544983, 43.57677578226838]], [[1.513358751392001, 43.57675643541523], [1.513334469855844, 43.576738104839926], [1.513359217373234, 43.576738443617614], [1.513358751392001, 43.57675643541523]], [[1.513361547275019, 43.57664848463289], [1.513262091351492, 43.57666512128652], [1.513262557362277, 43.57664712949046], [1.513361547275019, 43.57664848463289]], [[1.513461003140902, 43.57663184788839], [1.513411042233143, 43.576649162170284], [1.513411508197117, 43.57663117037378], [1.513461003140902, 43.57663184788839]], [[1.515292316881902, 43.576656900072926], [1.515342742587609, 43.57662159312091], [1.515342277228977, 43.57663958492556], [1.515292316881902, 43.576656900072926]], [[1.51438038509386, 43.57650044344194], [1.514355172006031, 43.576518096695885], [1.514355637673044, 43.57650010489696], [1.51438038509386, 43.57650044344194]], [[1.514703032707076, 43.57646886041319], [1.514677819732337, 43.57648651374165], [1.514678285297974, 43.57646852194177], [1.514703032707076, 43.57646886041319]], [[1.514802487872984, 43.576452222442384], [1.514851982678893, 43.57645289932304], [1.514752527526157, 43.576469537339186], [1.514802487872984, 43.576452222442384]], [[1.513863018424055, 43.57640337383327], [1.51388916323711, 43.576349737104735], [1.513912513176768, 43.57640405114202], [1.513863018424055, 43.57640337383327]], [[1.514807143122722, 43.57627230445244], [1.514780999202621, 43.57632594139906], [1.514782395797738, 43.57627196600474], [1.514807143122722, 43.57627230445244]], [[1.514559204284817, 43.57628691151878], [1.51453399134576, 43.5763045648116], [1.514534456954998, 43.576286573014606], [1.514559204284817, 43.57628691151878]], [[1.514784257920475, 43.57619999881546], [1.514759045088796, 43.57621765215945], [1.514759510626796, 43.57619966036256], [1.514784257920475, 43.57619999881546]], [[1.514564791479871, 43.576071009970846], [1.514539578637354, 43.57608866326232], [1.51454004424309, 43.57607067146799], [1.514564791479871, 43.576071009970846]], [[1.513624862579712, 43.57604015110849], [1.513599649461714, 43.57605780418138], [1.513600115361778, 43.57603981239147], [1.513624862579712, 43.57604015110849]], [[1.513058939127368, 43.57590641668457], [1.513008978729677, 43.57592373077275], [1.513009444813771, 43.57590573898707], [1.513058939127368, 43.57590641668457]], [[1.51370888741789, 43.57566333967989], [1.513658927427767, 43.57568065406416], [1.513659393306192, 43.57566266227871], [1.51370888741789, 43.57566333967989]]], [[[1.511279493665831, 43.576745950210984], [1.511551716276922, 43.576749681606145], [1.511255679438311, 43.57670962738274], [1.511279493665831, 43.576745950210984]]], [[[1.514916449584613, 43.57683174246487], [1.514867885469331, 43.576795082003606], [1.514768429728385, 43.57681172003827], [1.514767498647757, 43.57684770364766], [1.514916449584613, 43.57683174246487]]], [[[1.513476897689718, 43.576974030815144], [1.513454013883221, 43.57690172486261], [1.513281246777814, 43.576881361652106], [1.513476897689718, 43.576974030815144]]], [[[1.51535399477271, 43.57714369386987], [1.515283474712304, 43.576998744403866], [1.515035998315909, 43.57699536075695], [1.515276959362056, 43.577250629751894], [1.515598214848555, 43.57727301948364], [1.515576258830973, 43.577164730337884], [1.51535399477271, 43.57714369386987]]], [[[1.51032881607688, 43.5771288739994], [1.510481970950154, 43.57695099280142], [1.510207879572241, 43.57701922587271], [1.509879621503273, 43.57726669701386], [1.509851604185827, 43.57739229997204], [1.509951062357477, 43.577375666433014], [1.510052388561587, 43.577287065640654], [1.510101417024609, 43.57730573647684], [1.51007900435064, 43.57721543800699], [1.51032881607688, 43.5771288739994]], [[1.509951529411746, 43.57735767464229], [1.509927248709274, 43.57733934329761], [1.509951996465724, 43.5773396828518], [1.509951529411746, 43.57735767464229]], [[1.510254573074359, 43.57712785557766], [1.510230292372321, 43.57710952430363], [1.510255040031489, 43.57710986378871], [1.510254573074359, 43.57712785557766]], [[1.510280721588826, 43.577074219690736], [1.510305002292035, 43.57709255095302], [1.510280254640035, 43.57709221147935], [1.510280721588826, 43.577074219690736]], [[1.510305469233074, 43.577074559164316], [1.510330683810605, 43.57705690684369], [1.510330216877613, 43.577074898632276], [1.510305469233074, 43.577074559164316]]], [[[1.522781767393961, 43.57807289796139], [1.51802501846596, 43.578206071584404], [1.516543848284602, 43.57804186408089], [1.515726230702839, 43.578066689023046], [1.515752374532539, 43.57801305178397], [1.515059893833553, 43.57798558731596], [1.514302483557594, 43.57759726648127], [1.514104966174553, 43.577576566008254], [1.513935457457134, 43.57743026115781], [1.512832061229469, 43.57701919685328], [1.512363255094942, 43.57695878144031], [1.512192353598421, 43.576866449315794], [1.511919197525158, 43.576898703112235], [1.511871568164006, 43.576826057724226], [1.511674987330071, 43.576769369259864], [1.511426578961429, 43.576801960971025], [1.511846354161689, 43.576843710399764], [1.511795926110535, 43.57687901573391], [1.512087766770244, 43.57708099464748], [1.512410885188419, 43.57703142661938], [1.513148187920586, 43.577239503630985], [1.514300155091813, 43.57768722554553], [1.514641039124839, 43.57790786663839], [1.515354078440933, 43.57809759849637], [1.516616232697054, 43.57811484551715], [1.517256895553827, 43.57823158346475], [1.518272035804486, 43.57822744026064], [1.518518124573995, 43.57828479205286], [1.519262891858847, 43.57820495830022], [1.520772531655861, 43.57822553104271], [1.522954078469313, 43.578111237931886], [1.523344494806395, 43.57833252493955], [1.523177737803104, 43.57807828329147], [1.523151600881752, 43.57813192232006], [1.522781767393961, 43.57807289796139]], [[1.523224456709219, 43.57818690749906], [1.523200171417889, 43.57816857911127], [1.523224919609987, 43.57816891564138], [1.523224456709219, 43.57818690749906]], [[1.514203026262997, 43.57761390400748], [1.514178744094561, 43.57759557360998], [1.514203491986584, 43.57759591219552], [1.514203026262997, 43.57761390400748]]], [[[1.519348739308292, 43.5777561745983], [1.519077439813102, 43.57771647907393], [1.518952307244336, 43.57776876714446], [1.518880848814993, 43.57765980361684], [1.518634298027492, 43.577620444502394], [1.518483488548628, 43.57770837811714], [1.517792868615235, 43.57760896375609], [1.517569672688055, 43.57762391547042], [1.517490781983366, 43.57780282027192], [1.518405993801806, 43.577833308093425], [1.519297850941498, 43.57780947527422], [1.519348739308292, 43.5777561745983]], [[1.519076511418812, 43.577752462742815], [1.519100795217482, 43.57777079204731], [1.51907604722123, 43.57777045457762], [1.519076511418812, 43.577752462742815]]], [[[1.517366112515544, 43.57783711468909], [1.517467428089231, 43.57774850695112], [1.517470680994095, 43.57762256416238], [1.517420255717916, 43.577657872126906], [1.517366112515544, 43.57783711468909]]], [[[1.509772689746611, 43.57757119913791], [1.509742336434352, 43.57778676106775], [1.509791365223305, 43.57780543205039], [1.50976755149787, 43.57776910886909], [1.509772689746611, 43.57757119913791]]], [[[1.513055767595232, 43.57794016760489], [1.512494023086054, 43.57764450378376], [1.512050426473235, 43.577566434159316], [1.512195649211497, 43.57769441112337], [1.512516439726315, 43.57773480178215], [1.513055767595232, 43.57794016760489]]], [[[1.507806384617602, 43.57797615662672], [1.508454976002998, 43.577787086072746], [1.508433968328447, 43.57764281186899], [1.507806384617602, 43.57797615662672]]], [[[1.517906852393162, 43.577988480945855], [1.517535166495196, 43.578001406057766], [1.517906387827082, 43.578006472778576], [1.517906852393162, 43.577988480945855]]], [[[1.517705615333813, 43.57811172168116], [1.517358676731289, 43.57812498397228], [1.517705150703665, 43.57812971351457], [1.517705615333813, 43.57811172168116]]], [[[1.512683148512923, 43.577989059735636], [1.512554745819559, 43.57816728312713], [1.512851723385731, 43.578171350223386], [1.512854986441002, 43.5780454075361], [1.512683148512923, 43.577989059735636]]], [[[1.513002076603273, 43.57810141621316], [1.512924569396991, 43.57822634231231], [1.513193536819269, 43.57835601230185], [1.513222479367, 43.57819442476684], [1.513002076603273, 43.57810141621316]]], [[[1.511952422154384, 43.579436904617786], [1.511924874766692, 43.579544516473526], [1.511997255201412, 43.57961750106409], [1.512106044548632, 43.57924102902153], [1.511788044866489, 43.579092686183145], [1.511815125810586, 43.57900306621497], [1.511740413850934, 43.579020040626865], [1.511742746382154, 43.578930081534196], [1.511891703563181, 43.57891412447648], [1.511994428764899, 43.57877154632672], [1.511898700410744, 43.57864424722532], [1.512071938731495, 43.57864662084397], [1.512075669922415, 43.57850268632434], [1.512369851356645, 43.578614705627785], [1.512739677626312, 43.57867376546089], [1.513014706103066, 43.57856954228369], [1.512917111289333, 43.57851421136887], [1.512741542387865, 43.57860179818646], [1.512545420864702, 43.57852711941022], [1.512551015851644, 43.57831121762967], [1.512675223017495, 43.57829492054206], [1.512603309618456, 43.57820394465764], [1.512503384518973, 43.57823857244739], [1.512381508925394, 43.57816491027933], [1.512530930195508, 43.57813096054261], [1.512610303034038, 43.57793406749386], [1.512388969673521, 43.57787704132945], [1.512435668000683, 43.57798567016147], [1.512337142115505, 43.57796632236533], [1.512209671104352, 43.578108561725095], [1.512160174902121, 43.578107883639554], [1.512266628662142, 43.57782137085777], [1.51206911124222, 43.57780066667925], [1.512047161680069, 43.57769237678049], [1.511867862309145, 43.57792389658216], [1.511621315196719, 43.5778845215413], [1.51151999035957, 43.577973123834106], [1.511075459119593, 43.57793103381851], [1.51099561428781, 43.57814591755002], [1.511363569649652, 43.578276949274], [1.511435014578005, 43.57838591779356], [1.51125664388268, 43.57858145307279], [1.511302873998712, 43.57870807425801], [1.511203880583016, 43.57870671723734], [1.51107547169177, 43.578884938968926], [1.51067296109306, 43.57913139491588], [1.511470513418827, 43.57892635061216], [1.511468647053262, 43.57899831788097], [1.511319689536168, 43.57901427435945], [1.511368253262836, 43.57905093646374], [1.510994692050536, 43.57913580647711], [1.511614338664261, 43.579108303930504], [1.511585391129015, 43.579269891139546], [1.511831011204992, 43.5793452499465], [1.511803930124268, 43.57943486993992], [1.511952422154384, 43.579436904617786]], [[1.512419814289097, 43.57859739180118], [1.512445028885337, 43.57857973897101], [1.512444562602634, 43.57859773078774], [1.512419814289097, 43.57859739180118]], [[1.510897564992795, 43.579062481909375], [1.510922780261434, 43.579044829426884], [1.510922313497847, 43.579062821242886], [1.510897564992795, 43.579062481909375]], [[1.511146916829934, 43.578993907724055], [1.511172131991774, 43.578976255184514], [1.511171665306897, 43.578994247000715], [1.511146916829934, 43.578993907724055]], [[1.511708667605655, 43.57928957878952], [1.511733882724623, 43.57927192611594], [1.511733416213408, 43.57928991793827], [1.511708667605655, 43.57928957878952]], [[1.511904324186795, 43.57938225094041], [1.51197810369883, 43.579401260060834], [1.511903857728103, 43.57940024276485], [1.511904324186795, 43.57938225094041]], [[1.511595655325291, 43.57887407111948], [1.5116208702965, 43.57885641847722], [1.511620403753241, 43.57887441029386], [1.511595655325291, 43.57887407111948]], [[1.511596121876304, 43.57885607930293], [1.511571840014875, 43.57883774830682], [1.511596588427025, 43.57883808748663], [1.511596121876304, 43.57885607930293]], [[1.511226762274821, 43.57877902375466], [1.511251044001217, 43.57879735482718], [1.51122629560867, 43.57879701556863], [1.511226762274821, 43.57877902375466]], [[1.511251510659615, 43.5787793630131], [1.511326689085144, 43.57874439712638], [1.511375252587968, 43.57878105922066], [1.511251510659615, 43.5787793630131]], [[1.51245202309082, 43.57830986174694], [1.512502451995395, 43.57827455607304], [1.512374048102439, 43.578452779286295], [1.512279252102932, 43.578289496922686], [1.51237964372667, 43.578236877525725], [1.51245202309082, 43.57830986174694]], [[1.512409054795049, 43.57805729841095], [1.512384773011907, 43.578038967606744], [1.512409521084492, 43.57803930660112], [1.512409054795049, 43.57805729841095]]], [[[1.51278171547846, 43.578962312419506], [1.512290943085014, 43.57879360677522], [1.51211397320735, 43.578935168055565], [1.512112574038421, 43.57898914351548], [1.512163003748504, 43.578953837982525], [1.51230869657698, 43.57906382309726], [1.512873717102459, 43.579233545376624], [1.513000256740929, 43.57912728877756], [1.51278171547846, 43.578962312419506]]], [[[1.510401661099479, 43.57909167768312], [1.510355432662383, 43.57896505608058], [1.510306869655222, 43.57892839352562], [1.510328349457353, 43.57905467568242], [1.510401661099479, 43.57909167768312]]], [[[1.513542861035575, 43.57920670958699], [1.513444332681508, 43.57918736277879], [1.513367756970052, 43.57927630562881], [1.513320123803017, 43.57920366075603], [1.513141290917019, 43.57941719107203], [1.513564813998304, 43.57931499929742], [1.513542861035575, 43.57920670958699]]], [[[1.514373602300908, 43.579632035486696], [1.514471200418973, 43.57968736513576], [1.514545912439614, 43.579670388837656], [1.514547309337145, 43.57961641332087], [1.514373602300908, 43.579632035486696]]], [[[1.506276555813604, 43.579682956196706], [1.506096290385201, 43.579950450404255], [1.506347992835157, 43.579791928168646], [1.506492272171708, 43.579955896570766], [1.506514212120198, 43.580064187762126], [1.506260167763423, 43.58031266946839], [1.506283512096534, 43.580366985295164], [1.506459096250021, 43.58027940880942], [1.506511871349077, 43.58015414681318], [1.506535215855886, 43.58020846257986], [1.506610399025713, 43.580173499922886], [1.50663187116183, 43.58029978291976], [1.506706586297561, 43.58028281200675], [1.506727590596747, 43.580427086809195], [1.506447860025002, 43.580711212364065], [1.506674815717488, 43.58055234893399], [1.506848527633077, 43.58053673907063], [1.506797625195054, 43.58059003399216], [1.506993746288179, 43.58066472325374], [1.506941439796739, 43.58077199370808], [1.507114216362356, 43.58079236705813], [1.507520917968014, 43.58133790441934], [1.507797371966721, 43.581179718775765], [1.507993964074757, 43.58123641443201], [1.507972020886649, 43.581128123451414], [1.507773090335495, 43.581161386900845], [1.507726866029847, 43.5810347639976], [1.507801581798487, 43.58101779232274], [1.507802517313432, 43.58098180866896], [1.50763114336551, 43.58090746093508], [1.507440635046392, 43.580616870949164], [1.507566719963679, 43.580528612397735], [1.507865580327335, 43.580460725855595], [1.508127999662912, 43.58084229412065], [1.508051413506535, 43.58093123332463], [1.508150410683898, 43.58093259322059], [1.508203650322787, 43.5807893385197], [1.508404449601807, 43.58068410698638], [1.508528663079125, 43.58066781461378], [1.508477294541217, 43.58073910215395], [1.508550607141381, 43.5807761054473], [1.508978354895891, 43.58051200503485], [1.509335122590099, 43.58012094116864], [1.50953077817296, 43.58021361764859], [1.509575604207863, 43.58039421519178], [1.509480345737242, 43.580248921990275], [1.509500422555028, 43.580429179906545], [1.510024823984939, 43.58025639313512], [1.510122418972726, 43.5803117267157], [1.510100005092056, 43.58022142806157], [1.510299864973295, 43.58015217671775], [1.510325547863888, 43.58011653253383], [1.510227019032607, 43.58009718279493], [1.510156508290096, 43.5799522297029], [1.510082728673152, 43.57993321933786], [1.51002949451766, 43.58007647487458], [1.509881000901306, 43.58007443756695], [1.509934235425485, 43.5799311821032], [1.509734375872584, 43.58000043276365], [1.509562535155492, 43.579944079949584], [1.509588685599418, 43.579890444124324], [1.509760993316529, 43.57992880507285], [1.510012218496395, 43.57978826616866], [1.509969726894682, 43.579517709790395], [1.509694688346899, 43.57962192532586], [1.509462605192661, 43.579978704983695], [1.509725509950085, 43.579388371319325], [1.510152307947398, 43.57916025016221], [1.509896889087813, 43.57850881013695], [1.509683030561782, 43.5781639095992], [1.50948831612936, 43.57803524993085], [1.509587308346564, 43.57803660851449], [1.509589177039421, 43.5779646413261], [1.509464502500342, 43.57799892667732], [1.509319285080478, 43.577870946034544], [1.50821728131318, 43.57835976415896], [1.507594366543614, 43.57851318987035], [1.507018605146894, 43.57875725145064], [1.506766441020499, 43.578933766922844], [1.507015329246486, 43.57888319402455], [1.506913059498414, 43.57900777567771], [1.506562367951174, 43.579164937884975], [1.506509125722969, 43.579308191619766], [1.506386787364093, 43.5792525144699], [1.506262108115372, 43.57928679617586], [1.506234081896721, 43.579412398377094], [1.50600806610771, 43.57953527715833], [1.505981444163441, 43.57960690390977], [1.506131341241139, 43.57955497114198], [1.506276555813604, 43.579682956196706]], [[1.507703520059434, 43.58098044845588], [1.507727801591905, 43.580998780344046], [1.507677835154179, 43.581016092041175], [1.507703520059434, 43.58098044845588]], [[1.510175186107587, 43.58018646293686], [1.510150904137162, 43.58016813160614], [1.510175653114481, 43.580168471110014], [1.510175186107587, 43.58018646293686]], [[1.509684878068356, 43.5799997535492], [1.509659661999585, 43.58001740575603], [1.509660129166681, 43.579999413933514], [1.509684878068356, 43.5799997535492]], [[1.509462605192661, 43.579978704983695], [1.509436921827901, 43.580014348960134], [1.509437856301376, 43.579978365317366], [1.509462605192661, 43.579978704983695]], [[1.509705910121594, 43.57823621640963], [1.509680694833946, 43.57825386859973], [1.509681161980099, 43.57823587679916], [1.509705910121594, 43.57823621640963]], [[1.506386319177137, 43.57927050626896], [1.506361102414398, 43.57928815770106], [1.506361570609401, 43.57927016590188], [1.506386319177137, 43.57927050626896]], [[1.506311605264298, 43.57928747694971], [1.506335885636151, 43.57930580912751], [1.506311137053494, 43.579305468748906], [1.506311605264298, 43.57928747694971]], [[1.507452284009652, 43.58112098213648], [1.507574627384133, 43.58117665815847], [1.507673157174138, 43.58119601031789], [1.50749991134161, 43.58119362967909], [1.507452284009652, 43.58112098213648]], [[1.507527467816081, 43.58108601882258], [1.507503186310687, 43.581067686888495], [1.507527935660173, 43.581068026995894], [1.507527467816081, 43.58108601882258]], [[1.507723591553407, 43.58116070679208], [1.507698374371527, 43.58117835855781], [1.507698842162803, 43.58116036672923], [1.507723591553407, 43.58116070679208]], [[1.507553152845995, 43.5810503752711], [1.507603587171113, 43.58101507180458], [1.507602651530924, 43.58105105545748], [1.507553152845995, 43.5810503752711]], [[1.507554556352366, 43.580996399792724], [1.507530274876229, 43.58097806786587], [1.507555024187236, 43.580978407967066], [1.507554556352366, 43.580996399792724]], [[1.507405124680524, 43.58103034275093], [1.507408867728179, 43.580886408153596], [1.507338363132624, 43.580741453152775], [1.507386457891728, 43.58079610890356], [1.5074854548203, 43.58079746940543], [1.507484051253818, 43.58085144487543], [1.507410739244967, 43.580814440860266], [1.507458834134137, 43.58086909658176], [1.507405124680524, 43.58103034275093]], [[1.507288396801441, 43.580758764667664], [1.507310806469055, 43.58084906393561], [1.507213681218227, 43.58077573598648], [1.507288396801441, 43.580758764667664]], [[1.507436424225844, 43.5807787973431], [1.507412610757063, 43.58074247357049], [1.507437359965796, 43.58074281369846], [1.507436424225844, 43.5807787973431]], [[1.507412610757063, 43.58074247357049], [1.50738879731842, 43.580706149793556], [1.507413546511351, 43.58070648992694], [1.507412610757063, 43.58074247357049]], [[1.50738879731842, 43.580706149793556], [1.507364983909915, 43.58066982601233], [1.507389733087044, 43.58067016615113], [1.50738879731842, 43.580706149793556]], [[1.507366387583914, 43.580615850550686], [1.507315953463672, 43.58065115389727], [1.507317357183317, 43.580597178436975], [1.507366387583914, 43.580615850550686]], [[1.507456962675865, 43.58094106387865], [1.507481244112935, 43.58095939582143], [1.507456494810563, 43.580959055703424], [1.507456962675865, 43.58094106387865]], [[1.507333216207174, 43.58093936320455], [1.507307063177951, 43.58099299852583], [1.507283249702168, 43.580956674719445], [1.507333216207174, 43.58093936320455]], [[1.507556427690087, 43.58092443249139], [1.507531210560598, 43.58094208421542], [1.507531678402343, 43.58092409239054], [1.507556427690087, 43.58092443249139]], [[1.507214617097758, 43.58073975234381], [1.507189399944291, 43.58075740398621], [1.507189867891665, 43.580739412165094], [1.507214617097758, 43.58073975234381]], [[1.508603378133083, 43.580650842391705], [1.508578161445727, 43.58066849435543], [1.508578628957097, 43.580650502529444], [1.508603378133083, 43.580650842391705]], [[1.506897557829549, 43.580555411395196], [1.506872340659567, 43.58057306296171], [1.506872808704813, 43.580555071144275], [1.506897557829549, 43.580555411395196]], [[1.507293543865224, 43.580560854642826], [1.507343510022584, 43.58054354312796], [1.507342574227049, 43.580579526766826], [1.507293543865224, 43.580560854642826]], [[1.507246385246915, 43.58047021522362], [1.507195951180824, 43.58050551851094], [1.507196887067065, 43.58046953487517], [1.507246385246915, 43.58047021522362]], [[1.508386246417751, 43.58043188154463], [1.508509524292514, 43.580451572841405], [1.508458155924346, 43.580522860361846], [1.508383908565383, 43.58052184065897], [1.508386246417751, 43.58043188154463]], [[1.50722303996074, 43.58041589959991], [1.507198758836025, 43.580397567606326], [1.507223507894786, 43.58039790778293], [1.50722303996074, 43.58041589959991]], [[1.507174009777557, 43.58039722742408], [1.507075949506882, 43.58035988300673], [1.507029259390989, 43.580251251691415], [1.507153004367291, 43.58025295271096], [1.507174009777557, 43.58039722742408]], [[1.508362900068621, 43.580377566167364], [1.508337683427363, 43.58039521807191], [1.50833815101188, 43.58037722625038], [1.508362900068621, 43.580377566167364]], [[1.508512329474813, 43.580343621906906], [1.50866175870428, 43.580309677441676], [1.50871078929661, 43.58032834894482], [1.508659888772367, 43.58038164473133], [1.508512329474813, 43.580343621906906]], [[1.508017348670693, 43.580336823176886], [1.507993067325762, 43.58031849136187], [1.508017816355136, 43.580318831357474], [1.508017348670693, 43.580336823176886]], [[1.507993067325762, 43.58031849136187], [1.507969253695704, 43.580282167722906], [1.507994002709276, 43.580282507723915], [1.507993067325762, 43.58031849136187]], [[1.508488515505752, 43.58030729838114], [1.50846470156683, 43.580270974851075], [1.50848945057851, 43.58027131473921], [1.508488515505752, 43.58030729838114]], [[1.50848991811445, 43.58025332291857], [1.508440887658045, 43.58023465131671], [1.508490385650096, 43.58023533109816], [1.50848991811445, 43.58025332291857]], [[1.509775465323323, 43.58032496480454], [1.509803484238734, 43.580199361610056], [1.509902013102628, 43.58021871173453], [1.509775465323323, 43.58032496480454]], [[1.509755387678301, 43.58014470695217], [1.509677403483738, 43.5802876227377], [1.509579341771736, 43.58025028058325], [1.509534983044218, 43.580051691237045], [1.509755387678301, 43.58014470695217]], [[1.507326247346433, 43.5802553339015], [1.507351464237261, 43.580237682233495], [1.507350996344626, 43.58025567404902], [1.507326247346433, 43.5802553339015]], [[1.507351464237261, 43.580237682233495], [1.507376681112581, 43.58022003055983], [1.507376213227994, 43.580238022375255], [1.507351464237261, 43.580237682233495]], [[1.507351932129603, 43.58021969041817], [1.50732765104672, 43.58020135845588], [1.50735240002165, 43.580201698603084], [1.507351932129603, 43.58021969041817]], [[1.507376681112581, 43.58022003055983], [1.507401897972392, 43.580202378880536], [1.507401430095852, 43.580220370695855], [1.507376681112581, 43.58022003055983]], [[1.507971124490232, 43.58021020045011], [1.507945907802024, 43.580227852261665], [1.50794637550797, 43.5802098604439], [1.507971124490232, 43.58021020045011]], [[1.508218614328975, 43.580213600202086], [1.508193397715378, 43.580231252071144], [1.508193865343782, 43.58021326025227], [1.508218614328975, 43.580213600202086]], [[1.506981165428487, 43.580196595803145], [1.507031599355254, 43.58016129262314], [1.507055412341839, 43.580197616464645], [1.506981165428487, 43.580196595803145]], [[1.507451863785045, 43.580185067320144], [1.507426646948202, 43.58020271901081], [1.507427114816695, 43.580184727195615], [1.507451863785045, 43.580185067320144]], [[1.508070120422212, 43.58021156041857], [1.508096272382443, 43.58015792494267], [1.508144367374274, 43.58021258033572], [1.508070120422212, 43.58021156041857]], [[1.508466104197032, 43.58021699939016], [1.508417073779398, 43.58019832777802], [1.508466571739846, 43.58019900757031], [1.508466104197032, 43.58021699939016]], [[1.508417073779398, 43.58019832777802], [1.508392792365398, 43.58017999605413], [1.508417541337428, 43.580180335958616], [1.508417073779398, 43.58019832777802]], [[1.508417541337428, 43.580180335958616], [1.508442757859733, 43.58016268403817], [1.508442290309751, 43.58018067585746], [1.508417541337428, 43.580180335958616]], [[1.508418008895164, 43.58016234413944], [1.508368978539858, 43.58014367250628], [1.508418476452608, 43.58014435232046], [1.508418008895164, 43.58016234413944]], [[1.507328586845444, 43.5801653748266], [1.507303369979345, 43.580183026488406], [1.507303837886315, 43.58016503467398], [1.507328586845444, 43.5801653748266]], [[1.508838273906775, 43.58018611347215], [1.508813057495801, 43.580203765484704], [1.508813524929763, 43.58018577366353], [1.508838273906775, 43.58018611347215]], [[1.507997744231607, 43.58013857318101], [1.507972059885737, 43.58017421681504], [1.507972995280069, 43.58013823318088], [1.507997744231607, 43.58013857318101]], [[1.509977661304127, 43.58016575492097], [1.510050974139193, 43.580202757186925], [1.509976727165981, 43.58020173857309], [1.509977661304127, 43.58016575492097]], [[1.510077124244579, 43.580149121234435], [1.510003344400864, 43.5801301108129], [1.510053309366051, 43.58011279805667], [1.510077124244579, 43.580149121234435]], [[1.507032535338906, 43.580125308997395], [1.507007318399372, 43.580142960589995], [1.507007786398806, 43.58012496877734], [1.507032535338906, 43.580125308997395]], [[1.507677411252931, 43.58008017729389], [1.507527046365924, 43.580150104029244], [1.507504636631018, 43.58005980484974], [1.507706370197418, 43.57991859103562], [1.507252519232763, 43.579282415564684], [1.507686299191833, 43.57973833285168], [1.507856734259549, 43.579848664063235], [1.507882886253832, 43.57979502865223], [1.508005694904262, 43.57983271232466], [1.508058466217779, 43.57970744961587], [1.508206023579398, 43.57974547304006], [1.508182677679957, 43.57969115764996], [1.508333040566131, 43.57962123002927], [1.508045876885208, 43.57923932259984], [1.508122460792905, 43.579150383504285], [1.508099582863254, 43.57907807631439], [1.508316708364392, 43.57929703752862], [1.508489013450276, 43.57933540047916], [1.508461927156668, 43.57942501963864], [1.508708946178858, 43.57944641008176], [1.508735097193621, 43.57939277448055], [1.508614626452512, 43.57926513259796], [1.508690742049376, 43.57919418490782], [1.5084754856302, 43.578903257240796], [1.50862350868412, 43.57892328827264], [1.508675810347815, 43.57881601714607], [1.508748185733058, 43.57888900386476], [1.508997072018988, 43.57883842642699], [1.509069447840949, 43.57891141293273], [1.509097934944472, 43.578767818238994], [1.508956455408226, 43.57849590262604], [1.509006419266737, 43.57847859037105], [1.509008756060365, 43.57838863137101], [1.509132964399225, 43.578372338333295], [1.509492507229054, 43.57882722887817], [1.509516788422035, 43.578845560339005], [1.509640997605368, 43.57882926671517], [1.50954761033217, 43.57861200650891], [1.50969329728204, 43.57872199510564], [1.509719447047077, 43.578668359294426], [1.509599909985414, 43.578504734960546], [1.50958170223988, 43.57825251010102], [1.509679760540762, 43.578289852201486], [1.510029499326484, 43.579122568934444], [1.509851121554638, 43.57931810200555], [1.509576083747904, 43.57942231722625], [1.509449069891703, 43.57954656167348], [1.509301512218031, 43.57950853994321], [1.509275361679761, 43.5795621756851], [1.509297774005824, 43.579652474468034], [1.509223527757722, 43.579651455339715], [1.508963888343046, 43.58011584514551], [1.50883874133269, 43.58016812165109], [1.508816796959293, 43.580059830921456], [1.508941476361285, 43.58002554626463], [1.508993311059789, 43.57993626672143], [1.508945682881086, 43.57986361989705], [1.509019929398669, 43.57986463921544], [1.508899924437018, 43.57971900579122], [1.508800929334818, 43.57971764657952], [1.508746289823694, 43.57991487691774], [1.508477792679466, 43.57976720396056], [1.508301745580978, 43.57987277549327], [1.508298472432096, 43.57999871820346], [1.508101884262076, 43.579942023147055], [1.507949649441386, 43.580083917725865], [1.507677411252931, 43.58008017729389]], [[1.507555537942456, 43.58000650961651], [1.50753172471868, 43.57997018588948], [1.507556473595153, 43.57997052599011], [1.507555537942456, 43.58000650961651]], [[1.50753172471868, 43.57997018588948], [1.507507443683918, 43.579951853970584], [1.507532192552343, 43.57995219407674], [1.50753172471868, 43.57997018588948]], [[1.507609713823969, 43.579827271676045], [1.507583561559759, 43.57988090702248], [1.507560216194211, 43.57982659149346], [1.507609713823969, 43.579827271676045]], [[1.507784826550703, 43.57975768489048], [1.507810043081907, 43.57974003312211], [1.507809575337058, 43.57975802493338], [1.507784826550703, 43.57975768489048]], [[1.5081822100523, 43.579709149462246], [1.508156993649105, 43.57972680131664], [1.50815746128481, 43.57970880950424], [1.5081822100523, 43.579709149462246]], [[1.508164475785202, 43.579438932344964], [1.508139259495254, 43.57945658419193], [1.508139727134315, 43.579438592382985], [1.508164475785202, 43.579438932344964]], [[1.508139727134315, 43.579438592382985], [1.508115913776474, 43.579402268798376], [1.508140662411559, 43.57940260876576], [1.508139727134315, 43.579438592382985]], [[1.508093035754684, 43.57932996159443], [1.508067819490636, 43.57934761342348], [1.508068287151201, 43.57932962161621], [1.508093035754684, 43.57932996159443]], [[1.508068287151201, 43.57932962161621], [1.508044006216037, 43.57931128982539], [1.508068754811473, 43.57931162980914], [1.508068287151201, 43.57932962161621]], [[1.508072496083092, 43.579167695360724], [1.508048215215075, 43.57914936357292], [1.508072963740725, 43.57914970355567], [1.508072496083092, 43.579167695360724]], [[1.508099582863254, 43.57907807631439], [1.508075302024494, 43.57905974453378], [1.508100050511668, 43.57906008451033], [1.508099582863254, 43.57907807631439]], [[1.508100050511668, 43.57906008451033], [1.508125266639501, 43.57904243267733], [1.508124798999135, 43.579060424481256], [1.508100050511668, 43.57906008451033]], [[1.508500701573698, 43.578885605322554], [1.508476888216843, 43.578849281831026], [1.508501636615659, 43.578849621716024], [1.508500701573698, 43.578885605322554]], [[1.508476888216843, 43.578849281831026], [1.508452607354368, 43.57883095013768], [1.508477355745137, 43.57883129002822], [1.508476888216843, 43.578849281831026]], [[1.508798617424314, 43.57885369989634], [1.508774336457229, 43.57883536827488], [1.508799084851808, 43.5788357080921], [1.508798617424314, 43.57885369989634]], [[1.508981671024891, 43.578478250601144], [1.508957390158156, 43.57845991902536], [1.508982138391956, 43.5784602588008], [1.508981671024891, 43.578478250601144]], [[1.509133899036502, 43.57833635473418], [1.509084402674233, 43.5783356752469], [1.509036775708233, 43.578263028543255], [1.509133899036502, 43.57833635473418]], [[1.509493441648362, 43.57879124526457], [1.509518657229636, 43.57877359311137], [1.509518190028175, 43.57879158491794], [1.509493441648362, 43.57879124526457]], [[1.509591500812092, 43.578828587458716], [1.509567219602432, 43.5788102560148], [1.509591967990877, 43.57881059565136], [1.509591500812092, 43.578828587458716]], [[1.509298241283376, 43.57963448265165], [1.509323457295079, 43.57961683053343], [1.509322990025574, 43.5796348223497], [1.509298241283376, 43.57963448265165]], [[1.508842013305889, 43.5800421789098], [1.508817731822236, 43.580023847282895], [1.508842480729459, 43.580024187090515], [1.508842013305889, 43.5800421789098]], [[1.508945215491169, 43.57988161171477], [1.508919999246843, 43.57989926374842], [1.508920466644807, 43.57988127193059], [1.508945215491169, 43.57988161171477]], [[1.508823808402796, 43.579789953653815], [1.508849024628684, 43.57977230164382], [1.508848557209216, 43.57979029346], [1.508823808402796, 43.579789953653815]], [[1.508746289823694, 43.57991487691774], [1.50877010379307, 43.57995120037711], [1.508745354917742, 43.579950860553], [1.508746289823694, 43.57991487691774]], [[1.508744887464326, 43.57996885237097], [1.508793917792584, 43.579987523832145], [1.508744420010618, 43.57998684418914], [1.508744887464326, 43.57996885237097]], [[1.508793917792584, 43.579987523832145], [1.508818199253268, 43.58000585546393], [1.508793450354091, 43.58000551565078], [1.508793917792584, 43.579987523832145]], [[1.508793450354091, 43.58000551565078], [1.508768234008667, 43.58002316765071], [1.508768701455207, 43.58000517583198], [1.508793450354091, 43.58000551565078]], [[1.508298472432096, 43.57999871820346], [1.508322753739296, 43.580017049946136], [1.508298004838227, 43.58001671002008], [1.508298472432096, 43.57999871820346]], [[1.507974866065215, 43.58006626591522], [1.507999147297644, 43.580084597731094], [1.507974398369368, 43.5800842577313], [1.507974866065215, 43.58006626591522]], [[1.507923497377872, 43.5801375531637], [1.507873531748812, 43.5801548649405], [1.507873999476848, 43.580136873123976], [1.507923497377872, 43.5801375531637]], [[1.510126155160136, 43.580167792096596], [1.510100939153247, 43.580185444407924], [1.510101406183402, 43.58016745258142], [1.510126155160136, 43.580167792096596]], [[1.507503233100609, 43.58011378029234], [1.507478016310879, 43.580131431994076], [1.507478484162689, 43.58011344017953], [1.507503233100609, 43.58011378029234]], [[1.510225618061088, 43.580151158274056], [1.510201336089492, 43.580132826955065], [1.510226085051887, 43.58013316644745], [1.510225618061088, 43.580151158274056]], [[1.510201336089492, 43.580132826955065], [1.510177054133403, 43.580114495630866], [1.510201803087752, 43.5801148351288], [1.510201336089492, 43.580132826955065]], [[1.506984909484816, 43.58005266130374], [1.506959692562551, 43.58007031288438], [1.506960160576319, 43.580052321072834], [1.506984909484816, 43.58005266130374]], [[1.508370848828735, 43.58007170523352], [1.508345632324283, 43.580089357136174], [1.508346099903817, 43.580071365318425], [1.508370848828735, 43.58007170523352]], [[1.50661461213194, 43.580011573629015], [1.506589395113857, 43.5800292251232], [1.506589863243352, 43.58001123331377], [1.50661461213194, 43.580011573629015]], [[1.506960628589794, 43.58003432926152], [1.506936347710281, 43.580015997214126], [1.506961096602976, 43.580016337450424], [1.506960628589794, 43.58003432926152]], [[1.506937283751273, 43.57998001359284], [1.506912066846276, 43.57999766516154], [1.506887785997779, 43.57997933310375], [1.506937283751273, 43.57998001359284]], [[1.50807479707784, 43.58003164224774], [1.50804958049995, 43.58004929408117], [1.508050048171948, 43.580031302265205], [1.50807479707784, 43.58003164224774]], [[1.508347035062005, 43.580035381683615], [1.508321818566186, 43.580053033580285], [1.508322286152888, 43.58003504176308], [1.508347035062005, 43.580035381683615]], [[1.506591267630075, 43.579957257886825], [1.506565582492013, 43.57999290118377], [1.506566518765043, 43.57995691756625], [1.506591267630075, 43.579957257886825]], [[1.508199476861766, 43.57999735844333], [1.508174260337275, 43.58001501030526], [1.508174727969916, 43.57999701848917], [1.508199476861766, 43.57999735844333]], [[1.508868164467731, 43.57998854325437], [1.508842948152737, 43.58000619527145], [1.508843415575722, 43.5799882034526], [1.508868164467731, 43.57998854325437]], [[1.506641233473831, 43.57993994670226], [1.5066160164954, 43.57995759820174], [1.506616484615966, 43.57993960639308], [1.506641233473831, 43.57993994670226]], [[1.506592672014156, 43.57990328246189], [1.506469864140373, 43.57986559718996], [1.506546451325389, 43.57977665916693], [1.506592672014156, 43.57990328246189]], [[1.506840628497887, 43.579888693544994], [1.506765445841303, 43.579923656354424], [1.506791598889396, 43.57987002120336], [1.506840628497887, 43.579888693544994]], [[1.506471268636365, 43.57981162177003], [1.506445583488957, 43.579847265035006], [1.506446519834834, 43.579811281422145], [1.506471268636365, 43.57981162177003]], [[1.506744441631181, 43.57977938160974], [1.506718756667819, 43.57981502493851], [1.50671969284193, 43.57977904132412], [1.506744441631181, 43.57977938160974]], [[1.506497421908278, 43.57975798669398], [1.506422239213847, 43.57979294926266], [1.506422707393806, 43.57977495745692], [1.506497421908278, 43.57975798669398]], [[1.506422707393806, 43.57977495745692], [1.506398426795789, 43.57975662529257], [1.506423175573471, 43.579756965651384], [1.506422707393806, 43.57977495745692]], [[1.506497421908278, 43.57975798669398], [1.506522638835489, 43.57974033522449], [1.506522170687134, 43.579758327030234], [1.506497421908278, 43.57975798669398]], [[1.509244070856082, 43.57981372141027], [1.509218854733478, 43.57983137351247], [1.509219322037221, 43.579813381694194], [1.509244070856082, 43.57981372141027]], [[1.508947552437825, 43.579791652628344], [1.508922336233734, 43.57980930466146], [1.508922803630233, 43.57979131284472], [1.508947552437825, 43.579791652628344]], [[1.509715232766541, 43.57978419130396], [1.509690016801795, 43.579801843515185], [1.509690483957623, 43.57978385169525], [1.509715232766541, 43.57978419130396]], [[1.506399363169746, 43.5797206416824], [1.50637414621328, 43.579738293123036], [1.506374614407866, 43.57972030131817], [1.506399363169746, 43.5797206416824]], [[1.506575413300285, 43.57961507324426], [1.506649191346745, 43.57963408598746], [1.506695880241419, 43.57974271741958], [1.5066463826954, 43.57974203682062], [1.506575413300285, 43.57961507324426]], [[1.508923738422352, 43.579755329211935], [1.508898522226895, 43.57977298123907], [1.508898989630562, 43.57975498942289], [1.508923738422352, 43.579755329211935]], [[1.509888941530667, 43.57976857658645], [1.509838976815522, 43.57978588926295], [1.509839443924533, 43.579767897442565], [1.509888941530667, 43.57976857658645]], [[1.508084150301151, 43.579671805972936], [1.508058933884207, 43.57968945780412], [1.508059401550341, 43.57967146599262], [1.508084150301151, 43.579671805972936]], [[1.509767066043692, 43.57969491140647], [1.50981796493106, 43.57964161512654], [1.509816563586036, 43.57969559058332], [1.509767066043692, 43.57969491140647]], [[1.508259261978504, 43.57960221843002], [1.508234045645975, 43.57961987030098], [1.508234513256658, 43.57960187848959], [1.508259261978504, 43.57960221843002]], [[1.506526852157479, 43.57957840898272], [1.506577753949847, 43.57952511422553], [1.50657634956099, 43.57957908963609], [1.506526852157479, 43.57957840898272]], [[1.506478291076706, 43.57954174470043], [1.506358293238216, 43.579396108500845], [1.506360634219102, 43.57930614950046], [1.506553941544486, 43.57948879029629], [1.506478291076706, 43.57954174470043]], [[1.506354079454134, 43.57955803471556], [1.506329798969787, 43.57953970253863], [1.506355015852651, 43.57952205111073], [1.506354079454134, 43.57955803471556]], [[1.508235448477146, 43.57956589486747], [1.50821023215325, 43.579583546732465], [1.508210699771102, 43.57956555492164], [1.508235448477146, 43.57956589486747]], [[1.508636102657919, 43.579391415118934], [1.50861088653387, 43.57940906707481], [1.508611354024726, 43.57939107526442], [1.508636102657919, 43.579391415118934]], [[1.508686067392485, 43.57937410300053], [1.508660851291405, 43.57939175496779], [1.50866131876646, 43.579373763157406], [1.508686067392485, 43.57937410300053]], [[1.506657149134858, 43.57932822533702], [1.506631932430042, 43.579345876832704], [1.506632400540632, 43.57932788503164], [1.506657149134858, 43.57932822533702]], [[1.506807044873552, 43.579276291646785], [1.506782764363719, 43.579257959574704], [1.50680751292869, 43.57925829984583], [1.506807044873552, 43.579276291646785]], [[1.506783700488623, 43.57922197597368], [1.506758483869395, 43.57923962749744], [1.506734203390578, 43.579221295414975], [1.506783700488623, 43.57922197597368]], [[1.508441386408312, 43.57926275346399], [1.508416170280905, 43.57928040537309], [1.508416637831741, 43.57926241356513], [1.508441386408312, 43.57926275346399]], [[1.508020660646474, 43.57925697441683], [1.507996379757248, 43.57923864261629], [1.508021128321081, 43.579238982610875], [1.508020660646474, 43.57925697441683]], [[1.507996379757248, 43.57923864261629], [1.507972098883529, 43.57922031081057], [1.507996847439315, 43.579220650810676], [1.507996379757248, 43.57923864261629]], [[1.506809385146309, 43.57918633264423], [1.506784168550635, 43.57920398417351], [1.506784636612354, 43.57918599237356], [1.506809385146309, 43.57918633264423]], [[1.508023466689718, 43.57914902358452], [1.507998250483759, 43.57916667539521], [1.507998718164655, 43.57914868359049], [1.508023466689718, 43.57914902358452]], [[1.508073431398065, 43.579131711750854], [1.508024402035121, 43.57911303997554], [1.508073899055113, 43.579113719946236], [1.508073431398065, 43.579131711750854]], [[1.508024402035121, 43.57911303997554], [1.508000588885304, 43.57907671637384], [1.508025337379352, 43.57907705636743], [1.508024402035121, 43.57911303997554]], [[1.507977711138523, 43.579004409161975], [1.507952494982019, 43.57902206096026], [1.507952962676077, 43.579004069157556], [1.507977711138523, 43.579004409161975]], [[1.507853968829224, 43.57900270908345], [1.507904401170315, 43.57896740552748], [1.507928214213924, 43.579003729147495], [1.507853968829224, 43.57900270908345]], [[1.508052424190368, 43.5789874373385], [1.508027208064294, 43.5790050891539], [1.508027675734797, 43.578987097351096], [1.508052424190368, 43.5789874373385]], [[1.508028611074923, 43.57895111374612], [1.508003394957482, 43.578968765555565], [1.508003862635152, 43.578950773753306], [1.508028611074923, 43.57895111374612]], [[1.507831091296621, 43.578930401844424], [1.507882459018498, 43.578859114699426], [1.507880120440697, 43.578949073704635], [1.507831091296621, 43.578930401844424]], [[1.507857710619256, 43.578858774673314], [1.507833429950495, 43.57884044284143], [1.50785817834169, 43.578840782873044], [1.507857710619256, 43.578858774673314]], [[1.507832962220307, 43.57885843464159], [1.507758249271475, 43.57887540631259], [1.507758717025219, 43.57885741451255], [1.507832962220307, 43.57885843464159]], [[1.507905336587394, 43.57893142192405], [1.507929617317599, 43.57894975374102], [1.507904868879001, 43.57894941372563], [1.507905336587394, 43.57893142192405]], [[1.507115258778343, 43.57884857126835], [1.507090042425094, 43.57886622286449], [1.507090510388191, 43.57884823106744], [1.507115258778343, 43.57884857126835]], [[1.507981452618398, 43.57886047474741], [1.507931488118396, 43.578877786535514], [1.507931955817862, 43.5788597947347], [1.507981452618398, 43.57886047474741]], [[1.507140007168787, 43.57884891146361], [1.507165223499068, 43.578831259856074], [1.507164755559525, 43.57884925165323], [1.507140007168787, 43.57884891146361]], [[1.507214252341881, 43.57884993201556], [1.507215188189657, 43.578813948421015], [1.507240404481462, 43.57879629679645], [1.507214252341881, 43.57884993201556]], [[1.507239468649779, 43.57883228039077], [1.507263749125409, 43.57885061235534], [1.507239000733499, 43.57885027218827], [1.507239468649779, 43.57883228039077]], [[1.508947575225435, 43.57883774687709], [1.50892329421753, 43.57881941528912], [1.508948042606114, 43.57881975507241], [1.508947575225435, 43.57883774687709]], [[1.50892329421753, 43.57881941528912], [1.508899013225133, 43.57880108369593], [1.50892376160567, 43.578801423484755], [1.50892329421753, 43.57881941528912]], [[1.50892376160567, 43.578801423484755], [1.508948977366592, 43.578783771463684], [1.508948509986499, 43.57880176326794], [1.50892376160567, 43.578801423484755]], [[1.507266088665113, 43.57876065336954], [1.507339865842205, 43.57877966563232], [1.507265152850111, 43.5787966369632], [1.507266088665113, 43.57876065336954]], [[1.508453542425586, 43.57879496653293], [1.508428326507401, 43.57881261843912], [1.508428794050618, 43.578794626636984], [1.508453542425586, 43.57879496653293]], [[1.508775271326847, 43.57879938466724], [1.508750055505653, 43.57881703664819], [1.508750522948069, 43.578799044844615], [1.508775271326847, 43.57879938466724]], [[1.508676745278877, 43.578780033539765], [1.508651529435886, 43.578797685497605], [1.508651996909025, 43.57877969369468], [1.508676745278877, 43.578780033539765]], [[1.509471963781472, 43.578664962965775], [1.509446748233557, 43.57868261510682], [1.509447215456522, 43.57866462330192], [1.509471963781472, 43.578664962965775]], [[1.509573293000786, 43.578576362541], [1.50950044975583, 43.57852136819108], [1.509550413472447, 43.57850405568554], [1.509573293000786, 43.578576362541]], [[1.50952706680585, 43.57844974063123], [1.509501384165181, 43.57848538458509], [1.509452822109258, 43.5784487216605], [1.50952706680585, 43.57844974063123]], [[1.508014619140659, 43.5785369623627], [1.507989403200839, 43.57855461416383], [1.50798987087952, 43.57853662236677], [1.508014619140659, 43.5785369623627]], [[1.508313001029083, 43.578487066479674], [1.508163108713651, 43.578539002219735], [1.50804030272756, 43.57850131875912], [1.5081915978995, 43.578395407800876], [1.508290123123784, 43.57841475936324], [1.508313001029083, 43.578487066479674]], [[1.508065986282566, 43.57846567515039], [1.508041705713564, 43.57844734337005], [1.508066453936521, 43.57844768335414], [1.508065986282566, 43.57846567515039]], [[1.508388648414495, 43.57843411083652], [1.508363432634865, 43.578451762723205], [1.508363900195481, 43.578433770925855], [1.508388648414495, 43.57843411083652]], [[1.508438612390463, 43.578416798843456], [1.508413396633801, 43.57843445074153], [1.508413864178617, 43.57841645894418], [1.508438612390463, 43.578416798843456]], [[1.508339619544838, 43.57841543921255], [1.50838958351934, 43.57839812724227], [1.508389115967064, 43.57841611903928], [1.508339619544838, 43.57841543921255]], [[1.50838958351934, 43.57839812724227], [1.508414799267369, 43.57838047535015], [1.508414331723139, 43.578398467147046], [1.50838958351934, 43.57839812724227]], [[1.508959259654502, 43.57838795182666], [1.508933576688916, 43.57842359564471], [1.508934511452011, 43.578387612046015], [1.508959259654502, 43.57838795182666]], [[1.509503252980368, 43.57841341737573], [1.509478037552567, 43.57843106952094], [1.509478504763678, 43.57841307771904], [1.509503252980368, 43.57841341737573]], [[1.509429008331177, 43.57841239838874], [1.509454223765853, 43.57839474625517], [1.509453756547281, 43.57841273805672], [1.509429008331177, 43.57841239838874]], [[1.509454223765853, 43.57839474625517], [1.509479439185021, 43.578377094115936], [1.509478971974496, 43.578395085917386], [1.509454223765853, 43.57839474625517]], [[1.50848997889832, 43.57834551143658], [1.508464763188767, 43.578363163345706], [1.508465230716903, 43.578345171549024], [1.50848997889832, 43.57834551143658]], [[1.508564223444329, 43.57834653106539], [1.508539007757159, 43.57836418299178], [1.508539475262033, 43.57834619119476], [1.508564223444329, 43.57834653106539]], [[1.508863071268113, 43.57827864188158], [1.508888286818061, 43.578260989881024], [1.508887819423204, 43.578278981678466], [1.508863071268113, 43.57827864188158]], [[1.508937783113613, 43.57826166945766], [1.508938717871435, 43.57822568586297], [1.50896393337486, 43.57820803384549], [1.508937783113613, 43.57826166945766]], [[1.509582636593922, 43.578216526501016], [1.509557421277017, 43.578234178662214], [1.509557888461645, 43.57821618686246], [1.509582636593922, 43.578216526501016]]], [[[1.513158116468551, 43.5797233910396], [1.513652626677485, 43.57974815817624], [1.513680636827889, 43.57962255403206], [1.513628809702878, 43.579711835792544], [1.513529814501246, 43.579710480890824], [1.513308007357141, 43.579671448363655], [1.513211342488896, 43.579580134004786], [1.512987671583838, 43.57961306815645], [1.512858800040594, 43.579809283942694], [1.51313057120363, 43.57983100322252], [1.513158116468551, 43.5797233910396]]], [[[1.505957163777426, 43.579588571648934], [1.505756363844396, 43.579693798577956], [1.505755427067813, 43.579729782181914], [1.505957163777426, 43.579588571648934]]], [[[1.512685091961246, 43.57982490341024], [1.512242877305423, 43.57969285895786], [1.511944026116554, 43.579760757507664], [1.511897327275717, 43.57965212833029], [1.511772650450246, 43.57968641637116], [1.511794133760572, 43.579812698304536], [1.511916012098878, 43.57988636121603], [1.51199259087349, 43.57979741935181], [1.512014541137604, 43.57990570941998], [1.512138751905833, 43.57988941292782], [1.51224101188325, 43.579764826278264], [1.512685091961246, 43.57982490341024]]], [[[1.514892395507671, 43.57967512735756], [1.514990459693148, 43.57971246470032], [1.515041353746354, 43.57965916597214], [1.514795728112918, 43.579583814408515], [1.514691146063949, 43.57979836265212], [1.51476446146796, 43.579835361727156], [1.514615037082325, 43.57986931457674], [1.514518835444068, 43.57976000952817], [1.514173749145362, 43.57970129430118], [1.514350716305327, 43.57955972958953], [1.514104626234196, 43.57950236830446], [1.513919273719708, 43.579967785698564], [1.515349591948011, 43.58018532812661], [1.51528186059379, 43.57993242727328], [1.51513336716397, 43.57993039714644], [1.515007760685991, 43.58000067259868], [1.515088058542524, 43.5797677937982], [1.514939100034948, 43.57978375524888], [1.514892395507671, 43.57967512735756]], [[1.514987666724153, 43.579820415754455], [1.514961521356781, 43.57987405287681], [1.51481442474057, 43.579818046784375], [1.514987666724153, 43.579820415754455]], [[1.51520714844975, 43.57994940408069], [1.515129178093751, 43.58009232376069], [1.515182399537172, 43.5799490657233], [1.51520714844975, 43.57994940408069]]], [[[1.517590944993339, 43.57967599861349], [1.51757084303362, 43.57949574228791], [1.517298142240739, 43.57951001782076], [1.517259450070572, 43.58004943550805], [1.517332767450592, 43.58008643285596], [1.5172534078341, 43.58028332964986], [1.517377617931869, 43.580267027162506], [1.517467200952536, 43.57967430948618], [1.517590944993339, 43.57967599861349]]], [[[1.511024586369661, 43.57989214162807], [1.511198761787966, 43.57985853298804], [1.511247326151645, 43.57989519516791], [1.511223977313657, 43.57984088042587], [1.511024586369661, 43.57989214162807]]], [[[1.515500878071915, 43.580079406863454], [1.51599213607606, 43.580230106301784], [1.516088806462313, 43.58032141822705], [1.517127338349939, 43.580371599429895], [1.51692981040221, 43.58035090405408], [1.517129197665781, 43.58029963199539], [1.517138494175059, 43.579939794876275], [1.516965251742493, 43.57993742933649], [1.516917613474261, 43.57986478600809], [1.517215064929039, 43.579850849326945], [1.51724492648446, 43.579653276851076], [1.516825126813408, 43.57961154820585], [1.516784105453233, 43.580240925039746], [1.51641240471799, 43.58025384632975], [1.516017350290879, 43.580212452622305], [1.515674586155122, 43.58006378288997], [1.51560824941588, 43.57975690672496], [1.515736180925434, 43.57959667137025], [1.515611971812039, 43.57961297197299], [1.515500878071915, 43.580079406863454]], [[1.515610110616293, 43.57968493934718], [1.515634394125606, 43.57970326945129], [1.515609645316627, 43.57970293119131], [1.515610110616293, 43.57968493934718]], [[1.516981168095523, 43.58027961253615], [1.516956883912349, 43.58026128272579], [1.51698163296999, 43.58026162067897], [1.516981168095523, 43.58027961253615]]], [[[1.513943556808751, 43.57998611618428], [1.513719884741902, 43.58001905185308], [1.513943090984302, 43.58000410802501], [1.513943556808751, 43.57998611618428]]], [[[1.513696067612342, 43.5799827294773], [1.513473327360543, 43.57997968095886], [1.513471463471673, 43.580051648314736], [1.513545244363009, 43.580070656379476], [1.513521893279397, 43.580016342124814], [1.513696067612342, 43.5799827294773]]], [[[1.518319475880655, 43.58022588618713], [1.517920703635946, 43.58032843430501], [1.517922561955737, 43.58025646685908], [1.518047236345493, 43.580222171745554], [1.517928136887155, 43.58004056454266], [1.518029920025569, 43.57993396428721], [1.517957066956606, 43.57987897555722], [1.517782430813229, 43.57993058689123], [1.517760005031972, 43.579840289842124], [1.517610582405395, 43.57987424681276], [1.517605935650284, 43.58005416537318], [1.517781501571349, 43.57996657060441], [1.517902923335479, 43.580058218663595], [1.517874457617427, 43.58020181579448], [1.517801139740911, 43.580164818809244], [1.517799745889558, 43.58021879438836], [1.517750247801866, 43.58021811884926], [1.517727357319397, 43.580145813634196], [1.517724104834694, 43.58027175665139], [1.517870740856105, 43.580345750682795], [1.518390936438776, 43.58033485027836], [1.518591251081483, 43.58024759181008], [1.518319475880655, 43.58022588618713]]], [[[1.515570471833247, 43.58026034020018], [1.515149738043717, 43.58025458876351], [1.515003105762684, 43.580180591063446], [1.514780830237177, 43.58015955337844], [1.51519644352944, 43.580363216587905], [1.515393970894572, 43.580383915116094], [1.51556907588211, 43.58031431575423], [1.515570471833247, 43.58026034020018]]], [[[1.509130120972932, 43.58038810079692], [1.509053069614089, 43.58049503250529], [1.509353797110837, 43.58035517457125], [1.509130120972932, 43.58038810079692]]], [[[1.518505858384031, 43.5806783838211], [1.518582892379588, 43.58057144539432], [1.518854669316068, 43.58059315036337], [1.518731851917829, 43.58055547893782], [1.518807492416769, 43.58050251596257], [1.51801598360133, 43.580473720111485], [1.517938948680806, 43.58058065812895], [1.517892702418844, 43.58045403960401], [1.516730887736508, 43.58038418389094], [1.517248759926385, 43.580463248246105], [1.517243182398667, 43.58067915059101], [1.517369252380141, 43.58059088065767], [1.517346826990869, 43.580500583481864], [1.51784134570155, 43.58052533156157], [1.517834841175049, 43.58077721768009], [1.517659272856025, 43.58086481258436], [1.518505858384031, 43.5806783838211]], [[1.518234081175905, 43.58065667797801], [1.518158904453724, 43.580691648692], [1.518136477782936, 43.58060135167289], [1.518160297978846, 43.580637673090536], [1.518234081175905, 43.58065667797801]], [[1.518483895578766, 43.580570095007], [1.518459610792862, 43.580551765528924], [1.518484359984586, 43.580552103139745], [1.518483895578766, 43.580570095007]]], [[[1.518175480928362, 43.58580337421384], [1.518252057897577, 43.58571442757173], [1.518153052234236, 43.58571307687803], [1.518175480928362, 43.58580337421384]]], [[[1.523080596974308, 43.578004969672826], [1.523152989650356, 43.57807794675064], [1.523107659775441, 43.57791534695778], [1.523080596974308, 43.578004969672826]]], [[[1.530291065393132, 43.577760824111614], [1.530115525308303, 43.57784843896499], [1.529819009027831, 43.577826427191546], [1.529468387422663, 43.57798366322016], [1.529247498140371, 43.57790867952834], [1.529071033876774, 43.57803227646518], [1.528725481910579, 43.57799159942178], [1.528285089738926, 43.577787652946306], [1.527912023195125, 43.57785458919117], [1.527436732290302, 43.57804612504793], [1.527088872957497, 43.578095402167435], [1.527061354588731, 43.57820301775979], [1.526861059956522, 43.57829029172422], [1.526805560293723, 43.578523514700855], [1.527175400821397, 43.57858252537686], [1.527176785817493, 43.57852854973916], [1.528392685303324, 43.57841904550473], [1.52886382590227, 43.578389432365064], [1.529036141989331, 43.57842776269502], [1.52953387435634, 43.57832651430979], [1.52970619070193, 43.578364843575045], [1.530030683431526, 43.578261247425715], [1.530228669615594, 43.57826392705803], [1.530202078483099, 43.578335559679275], [1.530451404094762, 43.578266941212995], [1.530574224286139, 43.57830459932678], [1.530600354350369, 43.578250958505826], [1.530698426317715, 43.57828828162913], [1.530578369659242, 43.5781426723211], [1.530583896787002, 43.57792676967493], [1.530507349314497, 43.578015724528534], [1.53034378617221, 43.57763555076092], [1.530291065393132, 43.577760824111614]], [[1.530575606079772, 43.57825062365621], [1.530550397204121, 43.57826828069082], [1.530526109539445, 43.57824995394008], [1.530575606079772, 43.57825062365621]], [[1.53048352239469, 43.577979405885195], [1.530457852977502, 43.57801505478141], [1.530458774241845, 43.57797907100903], [1.53048352239469, 43.577979405885195]], [[1.530377159265774, 43.57826593654543], [1.530351950322359, 43.57828359353417], [1.530352410990022, 43.57826560164495], [1.530377159265774, 43.57826593654543]], [[1.530477073628588, 43.578231292312076], [1.53055223962376, 43.57819631313273], [1.530551318414518, 43.578232296911324], [1.530477073628588, 43.578231292312076]], [[1.528824013360477, 43.57801093235169], [1.528774055887113, 43.57802825371675], [1.528774517047265, 43.57801026183745], [1.528824013360477, 43.57801093235169]], [[1.530313970748839, 43.57783312655826], [1.530288761976052, 43.57785078352702], [1.530289222660045, 43.577832791643495], [1.530313970748839, 43.57783312655826]]], [[[1.523833907600429, 43.57855515617748], [1.524097812260225, 43.57888270973911], [1.524123948639275, 43.57882907045486], [1.524370045833726, 43.57888640901218], [1.525239942000583, 43.57875423989211], [1.525486502185884, 43.57879358404274], [1.525438391872591, 43.5787389363838], [1.525562596303539, 43.57872262455411], [1.525735373304897, 43.578742968254694], [1.525585033921421, 43.57881291992171], [1.525932436836246, 43.57878163947063], [1.525809618669492, 43.57874397609554], [1.526011764607598, 43.578584736542176], [1.525943988170021, 43.578331842620955], [1.525603520333921, 43.57809324507263], [1.525606293255817, 43.57798529387605], [1.525756630445925, 43.57791534221986], [1.525138852689938, 43.57787095797393], [1.525437216225482, 43.57782101507246], [1.525832260984698, 43.57786237445002], [1.52573465502022, 43.57780705508016], [1.525884067459686, 43.57777308698243], [1.524973938472577, 43.577544751731686], [1.524706797964929, 43.57734314357291], [1.524453306913851, 43.57757367549751], [1.524182929942443, 43.57749800902162], [1.524081625176775, 43.57758662300809], [1.523935913543053, 43.577476653799145], [1.523688897327448, 43.5774552980152], [1.523585277961344, 43.577633870797605], [1.523314438982943, 43.57757619400816], [1.523310273161118, 43.577738120672166], [1.523186533129629, 43.57773643806299], [1.523282285000074, 43.577863727134236], [1.523182366935385, 43.577898364740136], [1.523406025308744, 43.57786540963449], [1.5235998447915, 43.57803002804965], [1.523733988665099, 43.57858979430747], [1.523833907600429, 43.57855515617748]], [[1.52513839039143, 43.57788894983607], [1.524914732920909, 43.57792190850952], [1.524792842075075, 43.57784826028521], [1.524716285733749, 43.57793721105238], [1.524542586547462, 43.577952849462655], [1.524520150905447, 43.577862553933684], [1.524396410570289, 43.577860872702715], [1.52436934980686, 43.57795049573546], [1.524221786356187, 43.57791249431742], [1.524371199965253, 43.577878528298335], [1.524322628926764, 43.577841872038185], [1.524571034470331, 43.577809250809125], [1.524773642963709, 43.57763202180677], [1.525214946014339, 43.57779999877437], [1.525090281167675, 43.57783430205728], [1.52513839039143, 43.57788894983607]], [[1.523622741826926, 43.57810233192066], [1.523647952760442, 43.57808467649602], [1.52364748999294, 43.57810266835448], [1.523622741826926, 43.57810233192066]], [[1.523736302383793, 43.57849983498517], [1.523760587986437, 43.57851816325733], [1.523735839640634, 43.5785178268492], [1.523736302383793, 43.57849983498517]], [[1.523811010118416, 43.578482852328236], [1.523784873604589, 43.57853649152428], [1.523786261787541, 43.57848251593159], [1.523811010118416, 43.578482852328236]], [[1.525023216346844, 43.57851732072541], [1.524998005646298, 43.57853497647458], [1.524998467994008, 43.578516984604974], [1.525023216346844, 43.57851732072541]], [[1.524408207872898, 43.57836498109491], [1.52455392266622, 43.578474949738165], [1.524232656962377, 43.57845258647706], [1.524235432479554, 43.57834463528851], [1.524309677302617, 43.578345644154396], [1.524236357649626, 43.578308651560796], [1.524508126010097, 43.57833034235009], [1.524408207872898, 43.57836498109491]], [[1.524236357649626, 43.578308651560796], [1.524212071983714, 43.5782903233977], [1.524236820234227, 43.57829065969727], [1.524236357649626, 43.578308651560796]], [[1.52495035837712, 43.57846233674038], [1.52500031738195, 43.57844501712879], [1.524999855035399, 43.5784630089975], [1.52495035837712, 43.57846233674038]], [[1.52500031738195, 43.57844501712879], [1.525075024671279, 43.57842803360307], [1.525074562348279, 43.578446025471884], [1.52500031738195, 43.57844501712879]], [[1.525154817191202, 43.57821313948276], [1.525201539948148, 43.578321762850074], [1.525124983608641, 43.57841071393458], [1.52475699598345, 43.57827972882011], [1.524784056296874, 43.578190105670274], [1.525154817191202, 43.57821313948276]], [[1.524734097448643, 43.5782074251793], [1.524708424359153, 43.578243072722266], [1.5247093492311, 43.57820708899306], [1.524734097448643, 43.5782074251793]], [[1.523671775399206, 43.57812099664141], [1.523646564457065, 43.578138652072035], [1.523647027225147, 43.57812066021314], [1.523671775399206, 43.57812099664141]], [[1.523799218035883, 43.57797874382989], [1.523724048211027, 43.57801371833043], [1.523697449077833, 43.578085349346516], [1.523650729359365, 43.577976725350034], [1.523799218035883, 43.57797874382989]], [[1.523649341061209, 43.57803070092203], [1.523624130151824, 43.57804835634633], [1.52362459292621, 43.57803036448866], [1.523649341061209, 43.57803070092203]], [[1.52367594022911, 43.57795906992045], [1.523651654890018, 43.577940741636496], [1.523676402986538, 43.57794107806368], [1.52367594022911, 43.57795906992045]], [[1.523824891571752, 43.57794309650837], [1.52365211765491, 43.57792274978005], [1.523653043183823, 43.57788676606786], [1.52385149048001, 43.577871465468164], [1.523824891571752, 43.57794309650837]], [[1.523528840018798, 43.57790307570444], [1.523503629128401, 43.57792073109919], [1.523504091939525, 43.577902739243655], [1.523528840018798, 43.57790307570444]], [[1.52333316971539, 43.57781042458957], [1.52330888454862, 43.57779209623085], [1.523333632579049, 43.5777924327361], [1.52333316971539, 43.57781042458957]], [[1.52330888454862, 43.57779209623085], [1.523259851375262, 43.577773431350536], [1.523309347419743, 43.577774104377745], [1.52330888454862, 43.57779209623085]], [[1.525637511384976, 43.57773374376219], [1.525587553191397, 43.57775106365828], [1.52558801534802, 43.577733071795954], [1.525637511384976, 43.57773374376219]]], [[[1.528663533360007, 43.5784767096647], [1.528959591450389, 43.578516716488764], [1.528912400303769, 43.57842608660833], [1.528663533360007, 43.5784767096647]]], [[[1.529528343240919, 43.578542416962456], [1.530101242278689, 43.57840618744127], [1.529382157774392, 43.578450446874996], [1.529355565499183, 43.578522079298295], [1.529551708869108, 43.57859672771929], [1.529675450941164, 43.57859840307785], [1.529528343240919, 43.578542416962456]]], [[[1.523466847649017, 43.578388182952544], [1.523344494806395, 43.57833252493955], [1.523530910771996, 43.57878501335486], [1.523629904612901, 43.57878635914061], [1.523466847649017, 43.578388182952544]]], [[[1.529324824227654, 43.57875563872736], [1.529077339433361, 43.57875228706998], [1.529324363233991, 43.578773630618336], [1.529324824227654, 43.57875563872736]]], [[[1.529470088482065, 43.5788835926972], [1.528878890485503, 43.578767597227085], [1.528877045949675, 43.57883956478536], [1.529319753281476, 43.578953549540344], [1.529470088482065, 43.5788835926972]], [[1.529197393559346, 43.57889789809883], [1.529148357526964, 43.57887923586256], [1.529197854593801, 43.578879906206836], [1.529197393559346, 43.57889789809883]]], [[[1.522954288431296, 43.579065143189595], [1.522960307311495, 43.57883124892917], [1.522929539854404, 43.579064806597614], [1.522954288431296, 43.579065143189595]]], [[[1.522727846740779, 43.579206048599055], [1.522774102662261, 43.579332664955366], [1.5228703193029, 43.5794419626593], [1.52284973782033, 43.57927969921023], [1.522727846740779, 43.579206048599055]]], [[[1.527151855489271, 43.57950011152485], [1.527274214511927, 43.579555765293996], [1.527275599438592, 43.579501789618526], [1.527151855489271, 43.57950011152485]]], [[[1.529156508358633, 43.579527279285635], [1.529032764299413, 43.57952560333478], [1.528981883356202, 43.579578908613065], [1.529130376364241, 43.57958091980681], [1.529156508358633, 43.579527279285635]]], [[[1.523116880817868, 43.579481312207804], [1.522993600018131, 43.579461637503385], [1.522967462294858, 43.57951527653921], [1.523040782671299, 43.57955227002038], [1.523116880817868, 43.579481312207804]]], [[[1.524205363820792, 43.579514106925124], [1.524278222411846, 43.57956909145008], [1.524301120915623, 43.57964139525542], [1.524304358934831, 43.579515452096835], [1.524205363820792, 43.579514106925124]]], [[[1.523981699482666, 43.57954706371451], [1.523880390790255, 43.57963567763948], [1.524004134936074, 43.579637359460385], [1.523981699482666, 43.57954706371451]]], [[[1.523806831170895, 43.58057058285455], [1.52376473672193, 43.580282039843496], [1.52359056737793, 43.580315668643344], [1.523618556059902, 43.58019006188788], [1.523472838704799, 43.580080091858754], [1.523624109561542, 43.579974159289634], [1.523426580639828, 43.579953475734285], [1.523556342002368, 43.57972126363455], [1.52362920023468, 43.579776248602776], [1.523582016468391, 43.57968561632728], [1.523456420869792, 43.57975590153724], [1.52341062595647, 43.579611293557754], [1.523336379512257, 43.57961028407644], [1.523463363450068, 43.579486023386174], [1.523636142005119, 43.579506370436846], [1.523887331362758, 43.57936579948386], [1.52381030886694, 43.57947274158282], [1.523982162157063, 43.579529071836596], [1.524008761603952, 43.57945744067892], [1.524127879089144, 43.579639041140354], [1.52413389324771, 43.57940514672166], [1.524208602042909, 43.57938816378055], [1.524231500386823, 43.57946046759145], [1.524331883101268, 43.579407837104945], [1.52425809949079, 43.57938883637616], [1.524285161105952, 43.57929921328156], [1.524358482055587, 43.579336205867655], [1.524261800174601, 43.5792449013654], [1.524338821523606, 43.57913795896321], [1.524632567672036, 43.579267936977494], [1.524906190254579, 43.579217659276665], [1.524928164657476, 43.57932594669011], [1.525330153163394, 43.57909742976496], [1.525626212131711, 43.579137445692204], [1.525801763009881, 43.57904983801605], [1.52624677566426, 43.579073875910524], [1.526324716956878, 43.578930948352436], [1.525876470849217, 43.579032853931935], [1.525828359964156, 43.57897820643663], [1.52515922444555, 43.57900511790786], [1.525007496625753, 43.57912904442068], [1.524810894935887, 43.57907237964153], [1.524758623191164, 43.579179658554494], [1.524487775740729, 43.57912198462897], [1.523918557775262, 43.57911424962284], [1.523713627627898, 43.57938143658396], [1.52334008252146, 43.579466349074956], [1.523167767120643, 43.579428009680726], [1.523160823157671, 43.57969788780201], [1.523279475561982, 43.57989748110296], [1.523201525374835, 43.58004040657167], [1.523241302251047, 43.58041890917867], [1.523337521601963, 43.580528206551186], [1.52338887149573, 43.58045691199497], [1.523487405379739, 43.580476249799176], [1.523535052469282, 43.580548890276745], [1.523386094284396, 43.580564863320255], [1.523458953424362, 43.58061984843491], [1.523806831170895, 43.58057058285455]], [[1.525505242178318, 43.57902781444764], [1.525480031401832, 43.579045470314945], [1.525480493602576, 43.57902747843691], [1.525505242178318, 43.57902781444764]], [[1.5234136206755, 43.580457248482624], [1.523438832707592, 43.58043959307764], [1.523438369855561, 43.58045758496464], [1.5234136206755, 43.580457248482624]], [[1.523535515291747, 43.58053089838822], [1.523560727318695, 43.58051324295405], [1.523560264504275, 43.580531234842454], [1.523535515291747, 43.58053089838822]], [[1.523609762930202, 43.58053190773406], [1.523585939330134, 43.580495587514235], [1.523610688527734, 43.580495923956995], [1.523609762930202, 43.58053190773406]], [[1.5236615752714, 43.58044262116099], [1.523711999154699, 43.580407310230626], [1.523710610855371, 43.580461285894565], [1.5236615752714, 43.58044262116099]], [[1.523537829399717, 43.580440938948854], [1.523513543054728, 43.58042261060242], [1.52353829222044, 43.58042294706165], [1.523537829399717, 43.580440938948854]], [[1.523491108066117, 43.58033231470598], [1.523466821782003, 43.580313986350475], [1.523491570900608, 43.58031432282033], [1.523491108066117, 43.58033231470598]], [[1.523909766596883, 43.57945609523786], [1.523885480549805, 43.57943776698711], [1.523910229293093, 43.57943810336137], [1.523909766596883, 43.57945609523786]], [[1.52401014959866, 43.579403465048834], [1.523985863541797, 43.579385136821216], [1.524010612262983, 43.579385473172586], [1.52401014959866, 43.579403465048834]], [[1.524184315929157, 43.5793698355975], [1.524160029830913, 43.579351507409235], [1.52418477853862, 43.57935184372093], [1.524184315929157, 43.5793698355975]], [[1.524263187926246, 43.57919092574004], [1.524139444735193, 43.57918924421478], [1.524264113092559, 43.579154941990915], [1.524263187926246, 43.57919092574004]], [[1.525179812357814, 43.5791673808883], [1.525155526027381, 43.57914905292521], [1.525180274653634, 43.57914938901001], [1.525179812357814, 43.5791673808883]], [[1.525180736949166, 43.57913139713197], [1.525132164333665, 43.579094741201935], [1.525181661539359, 43.57909541337651], [1.525180736949166, 43.57913139713197]], [[1.525305866814556, 43.57907910183638], [1.525256831892582, 43.579060437840894], [1.525306329070157, 43.57906110995865], [1.525305866814556, 43.57907910183638]], [[1.52545435840076, 43.57908111805499], [1.525356288488696, 43.57904379017616], [1.525455282818625, 43.57904513429847], [1.52545435840076, 43.57908111805499]]], [[[1.520532809014063, 43.57984210130221], [1.520141001612395, 43.57967477954473], [1.519770233290266, 43.57965172859397], [1.519686706427129, 43.58001055388977], [1.519861805070755, 43.57994094762569], [1.519908983173177, 43.58003158153322], [1.52037782234217, 43.580091964504994], [1.52033017962719, 43.58001932266554], [1.520529562701692, 43.579968044376756], [1.520532809014063, 43.57984210130221]], [[1.520034119803153, 43.579979292278296], [1.520009834772196, 43.579960963154335], [1.520034583718312, 43.57996130041181], [1.520034119803153, 43.579979292278296]], [[1.520010762617148, 43.57992497942226], [1.519960800818966, 43.57994229675657], [1.519961728694354, 43.579906313025376], [1.520010762617148, 43.57992497942226]]], [[[1.529245822096994, 43.57990644989881], [1.529141754531652, 43.58010302019315], [1.529364957081473, 43.58008804467309], [1.529245822096994, 43.57990644989881]]], [[[1.519373788228073, 43.57966432269514], [1.519001627573048, 43.57969524470058], [1.519090410283683, 43.5800924155689], [1.518941916305474, 43.58009039064857], [1.518963879791234, 43.58019867933399], [1.518792029421271, 43.58014234111424], [1.518788779272652, 43.580268284163], [1.51888823983695, 43.58025164240694], [1.518934488131776, 43.580378260490235], [1.519428542364485, 43.58042099320894], [1.519485466100337, 43.58013379809586], [1.519410290825293, 43.580168769663246], [1.51921554779191, 43.580040127254804], [1.519568066281283, 43.57981095664865], [1.519616635949669, 43.579847615085086], [1.519645097133982, 43.57970401753298], [1.519398537042559, 43.57966466009744], [1.519446642381714, 43.57971931046668], [1.519420501226813, 43.57977294865851], [1.519373788228073, 43.57966432269514]], [[1.519445250088406, 43.57977328605022], [1.519469534859693, 43.57979161529798], [1.519444785990055, 43.579791277911816], [1.519445250088406, 43.57977328605022]], [[1.519306653251134, 43.58034733870014], [1.519282368296755, 43.58032900940887], [1.519307117397276, 43.58032934683217], [1.519306653251134, 43.58034733870014]]], [[[1.523695117106747, 43.58010111175524], [1.523522799563362, 43.58006277290735], [1.523694191568506, 43.58013709552317], [1.523695117106747, 43.58010111175524]]], [[[1.522469446802182, 43.58058839305738], [1.522699599249172, 43.580303552988006], [1.522772920459842, 43.58034054667025], [1.522810634929433, 43.57983711066408], [1.522708397764019, 43.579961707269746], [1.52189446216371, 43.57984264366005], [1.521669868415302, 43.57991157944335], [1.521642802428272, 43.58000120192441], [1.521740408180142, 43.580056525055696], [1.521717976123747, 43.57996622881599], [1.521790832906051, 43.58002121502668], [1.521891218838758, 43.57996858677534], [1.521889365503825, 43.580040554274696], [1.521940253442158, 43.57998725230198], [1.521984655035762, 43.58018583657067], [1.521689056597178, 43.580127818812755], [1.521539172101506, 43.58017977307065], [1.521548440947371, 43.57981993560461], [1.520856862991789, 43.57975652432042], [1.520775661188529, 43.580025391123414], [1.520526780136894, 43.58007599559223], [1.52084619883532, 43.58017033732794], [1.519981374372894, 43.58010456082766], [1.519976735029874, 43.58028447951818], [1.519855773449156, 43.58017484189452], [1.519755849294194, 43.58020947640384], [1.519708671287346, 43.58011884241859], [1.519558785022775, 43.58017079394334], [1.519556000622532, 43.58027874514913], [1.51995105805716, 43.58032012598803], [1.519948738333065, 43.58041008534333], [1.519554144349886, 43.580350712624096], [1.519601322303317, 43.580441346691046], [1.519774566365228, 43.58044370802719], [1.519599930137941, 43.580495322303626], [1.520143484264642, 43.580538726470245], [1.520117343387722, 43.5805923648603], [1.520289196405645, 43.5806487010008], [1.520611864083173, 43.58061710032797], [1.521377236428824, 43.5806995159629], [1.521477623926931, 43.58064688806898], [1.521429515876869, 43.58059223856409], [1.521455655527615, 43.58053859985822], [1.521505153935205, 43.58053927370891], [1.521527122428155, 43.58064756190971], [1.521872221935388, 43.58070625381272], [1.521923573808319, 43.58063495994043], [1.522045466890135, 43.58070861152727], [1.522197668521688, 43.58056669713301], [1.522469446802182, 43.58058839305738]], [[1.522172456052032, 43.58058435225144], [1.522148170082323, 43.5805660235979], [1.522172919301861, 43.580566360368266], [1.522172456052032, 43.58058435225144]], [[1.521329128430229, 43.580644866411504], [1.521255807761321, 43.58060787174685], [1.521330055459223, 43.58060888265106], [1.521329128430229, 43.580644866411504]], [[1.520265374858122, 43.58061238004976], [1.520241089485489, 43.580594050969445], [1.520265838705915, 43.58059438817437], [1.520265374858122, 43.58061238004976]], [[1.521231058529269, 43.5806075347675], [1.521157274403197, 43.58058853191651], [1.521231522074348, 43.58058954288806], [1.521231058529269, 43.5806075347675]], [[1.521354804692438, 43.58060921960787], [1.52125673483568, 43.580571887987965], [1.521308550872905, 43.58048260253487], [1.521407547589222, 43.58048395034769], [1.521354804692438, 43.58060921960787]], [[1.521083026734661, 43.58058752089419], [1.521108239540776, 43.580569866028604], [1.521132525180061, 43.5805881949147], [1.521083026734661, 43.58058752089419]], [[1.520935458680828, 43.58054951494174], [1.520984493469681, 43.58056818090738], [1.520934995043277, 43.58056750681943], [1.520935458680828, 43.58054951494174]], [[1.520984957091722, 43.58055018902948], [1.521010169911603, 43.580532534187114], [1.521009706297606, 43.580550526064876], [1.520984957091722, 43.58055018902948]], [[1.521901141237761, 43.58054466370229], [1.521876855371474, 43.58052633498858], [1.521901604572307, 43.58052667182077], [1.521901141237761, 43.58054466370229]], [[1.522173845800648, 43.580530376602596], [1.522124810657348, 43.580511711174374], [1.522174309049606, 43.580512384720095], [1.522173845800648, 43.580530376602596]], [[1.521432760250037, 43.58046629540802], [1.521408938054642, 43.58042997471239], [1.521433687211184, 43.58043031165117], [1.521432760250037, 43.58046629540802]], [[1.522199984727706, 43.580476737719934], [1.522150949621727, 43.5804580723042], [1.522200447968039, 43.58045874583798], [1.522199984727706, 43.580476737719934]], [[1.521928207077698, 43.580455041123], [1.521879172078624, 43.580436375584874], [1.521928670403038, 43.580437049242505], [1.521928207077698, 43.580455041123]], [[1.520418972031242, 43.580416492537246], [1.520394686692438, 43.5803981634938], [1.520419435829309, 43.580398500663655], [1.520418972031242, 43.580416492537246]], [[1.521883342133198, 43.58027444867223], [1.521929133728088, 43.58041905736221], [1.521730677112354, 43.58043435447664], [1.521684886005205, 43.58028974570145], [1.521883342133198, 43.58027444867223]], [[1.521932376995306, 43.58029311420639], [1.521957589410886, 43.58027545914724], [1.521957126095914, 43.58029345102586], [1.521932376995306, 43.58029311420639]], [[1.521932840318033, 43.58027512232786], [1.52190855455566, 43.580256793624685], [1.521933303640469, 43.58025713044959], [1.521932840318033, 43.58027512232786]], [[1.52136036674894, 43.5803933170626], [1.521436004608968, 43.5803403522629], [1.521434150691322, 43.58041231977307], [1.52136036674894, 43.5803933170626]], [[1.522228902991801, 43.58031514754799], [1.522425969557975, 43.58035382516798], [1.522228439761546, 43.580333139428255], [1.522228902991801, 43.58031514754799]], [[1.521386969867912, 43.58032168650405], [1.521337935158744, 43.580303020723285], [1.521387433361815, 43.5803036946275], [1.521386969867912, 43.58032168650405]], [[1.520893842328639, 43.58024297894865], [1.520869556911615, 43.58022465001358], [1.520894305976467, 43.580224987075205], [1.520893842328639, 43.58024297894865]], [[1.519607354989696, 43.580207452393076], [1.519583069998481, 43.58018912317079], [1.519607819040458, 43.58018946052556], [1.519607354989696, 43.580207452393076]], [[1.521958516039959, 43.58023947539067], [1.52193423028447, 43.580221146693674], [1.52195897935406, 43.580221483512716], [1.521958516039959, 43.58023947539067]], [[1.522556662124865, 43.580085630441225], [1.522604307712381, 43.580158271307404], [1.52255342023905, 43.580211573597566], [1.522556662124865, 43.580085630441225]], [[1.520748593751738, 43.58011501338874], [1.520675274133739, 43.580078018345816], [1.520749521136086, 43.580079029646484], [1.520748593751738, 43.58011501338874]], [[1.522065851403312, 43.5799169688339], [1.522016816819109, 43.57989830336487], [1.522066314681168, 43.57989897695953], [1.522065851403312, 43.5799169688339]]], [[[1.52467675415673, 43.580438418090516], [1.524871510779602, 43.58056705074272], [1.524921471639993, 43.58054973114209], [1.524849536008475, 43.58045876322447], [1.52467675415673, 43.580438418090516]]], [[[1.525477299771312, 43.581079226009166], [1.525751392379667, 43.58101095421313], [1.52587051860161, 43.58119255295926], [1.52599842466327, 43.58103230535909], [1.526393953857694, 43.58105567088042], [1.52644530042716, 43.580984374853216], [1.526298189762883, 43.580928384270216], [1.526161705430221, 43.58045857976101], [1.526311586469878, 43.58040661911442], [1.526532019646374, 43.580499600807755], [1.526660384158696, 43.58032136060652], [1.526908799103299, 43.580288733974676], [1.527126462620814, 43.580489665863574], [1.527059140738765, 43.58021878040372], [1.527258518494364, 43.580167489756064], [1.52721086700965, 43.58009485093115], [1.526989049080966, 43.58005584633218], [1.527011489463769, 43.58014614148872], [1.526861609737766, 43.580198103091696], [1.526665926232314, 43.58010545783321], [1.5264427229108, 43.58012042780711], [1.526513736870487, 43.58024737844292], [1.526412892769788, 43.58031800287446], [1.526290071000654, 43.58028034000247], [1.526189688555843, 43.580332972330616], [1.525994467724347, 43.580222333957785], [1.526089305926953, 43.58038560456789], [1.525966484225487, 43.58034794132824], [1.525913751402576, 43.58047321279009], [1.525490241765111, 43.580575452797206], [1.525732650735401, 43.58077672352808], [1.525534193896927, 43.58079202759567], [1.525536967079567, 43.58068407619849], [1.525314685745844, 43.580663060062705], [1.525285775993034, 43.58082465109512], [1.524841212583594, 43.58078261733681], [1.524790326633913, 43.58083592069802], [1.524939285131411, 43.58081994572576], [1.525011683720485, 43.58089292170742], [1.524910836637704, 43.580963544776054], [1.525208291843827, 43.58094958619475], [1.525185391675543, 43.58087728251501], [1.525259639791022, 43.580878290733295], [1.525233041246672, 43.580949922267955], [1.525431498711319, 43.58093461874889], [1.525256403790852, 43.581004234039526], [1.52545439921247, 43.58100692237963], [1.525477299771312, 43.581079226009166]], [[1.525308213997114, 43.58091494665172], [1.525284389163428, 43.58087862679478], [1.525309138536124, 43.58087896285064], [1.525308213997114, 43.58091494665172]], [[1.526073597055245, 43.580997329211186], [1.526048385588579, 43.58101498523454], [1.526048847627041, 43.58099699332948], [1.526073597055245, 43.580997329211186]], [[1.525753703034352, 43.5809209946966], [1.525703742101935, 43.58093831468449], [1.525704204247801, 43.580920322781836], [1.525753703034352, 43.5809209946966]], [[1.525976909648448, 43.580906026130265], [1.525951236123822, 43.58094167403381], [1.525952160260175, 43.580905690226565], [1.525976909648448, 43.580906026130265]], [[1.526075907204435, 43.58090736968866], [1.52605069577799, 43.58092502571146], [1.526051157815004, 43.58090703380751], [1.526075907204435, 43.58090736968866]], [[1.526027794558428, 43.580852722210565], [1.526002583141186, 43.580870378221526], [1.52600304519284, 43.58085238631847], [1.526027794558428, 43.580852722210565]], [[1.525906358142396, 43.58076108318394], [1.52588114672805, 43.5807787391656], [1.525881608817028, 43.580760747264215], [1.525906358142396, 43.58076108318394]], [[1.52608145153295, 43.580691466857346], [1.526007665693445, 43.58067246730009], [1.525984764628841, 43.580600163802806], [1.526083299633187, 43.58061949925403], [1.52608145153295, 43.580691466857346]], [[1.52596140155998, 43.58054585220314], [1.525936190257094, 43.58056350819494], [1.525936652327087, 43.58054551629599], [1.52596140155998, 43.58054585220314]], [[1.526540333491175, 43.58017574662959], [1.526515122528904, 43.58019340275122], [1.526515584414464, 43.58017541085443], [1.526540333491175, 43.58017574662959]]], [[[1.524920546863272, 43.58058571493167], [1.52484398706899, 43.58067466595801], [1.524942984199447, 43.58067601054875], [1.524920546863272, 43.58058571493167]]], [[[1.522243461141557, 43.58071130571983], [1.522416706126796, 43.580713662842264], [1.522417169301114, 43.5806956709564], [1.52231956181023, 43.58064034840876], [1.522243461141557, 43.58071130571983]]], [[[1.527316146888288, 43.5808162051033], [1.527343204401815, 43.58072658115802], [1.527268956445994, 43.58072557436408], [1.527316146888288, 43.5808162051033]]], [[[1.518875239976501, 43.58075541471728], [1.519146089494355, 43.580813102703594], [1.51931933465951, 43.58081546476644], [1.51899945063515, 43.58073911036992], [1.518953201906305, 43.580612492282576], [1.518875239976501, 43.58075541471728]]], [[[1.518874775691551, 43.580773406588726], [1.518404074809506, 43.580784984577654], [1.518874311406309, 43.580791398460406], [1.518874775691551, 43.580773406588726]]], [[[1.524833813904856, 43.581070487719444], [1.525152782894795, 43.581182808757546], [1.525156943769082, 43.58102088163547], [1.525256403790852, 43.581004234039526], [1.524363574357132, 43.581064099635434], [1.524364962057059, 43.5810101239406], [1.524687167057019, 43.5809965030513], [1.524787089606445, 43.58096186398656], [1.52441677365523, 43.58092083697766], [1.524079535382517, 43.58055629097009], [1.523856329633641, 43.58057125563379], [1.524101508738418, 43.58066457865144], [1.524245840976676, 43.580828523566296], [1.524288400835797, 43.581099074601525], [1.524409835383883, 43.5811907154585], [1.524559719920935, 43.5811387572029], [1.524780615508896, 43.581213750596376], [1.524732966291284, 43.58114111063166], [1.524833813904856, 43.581070487719444]], [[1.524293489318385, 43.58090116372894], [1.524268277346434, 43.58091881933796], [1.524268739942065, 43.580900827441674], [1.524293489318385, 43.58090116372894]]], [[[1.520498490134029, 43.58117350007135], [1.520719844260257, 43.58123050984042], [1.520720771680649, 43.581194526070526], [1.520498490134029, 43.58117350007135]]], [[[1.525346618588081, 43.58134742443493], [1.525420405076384, 43.58136642445012], [1.525320944474616, 43.581383072200424], [1.525989183517237, 43.58139214350717], [1.525818246906543, 43.58129983254014], [1.525346618588081, 43.58134742443493]]], [[[1.520332866952508, 43.58471689390263], [1.520305796611987, 43.584806516349325], [1.520549596654235, 43.584953823447115], [1.520406192275361, 43.58475388929573], [1.520332866952508, 43.58471689390263]]], [[[1.517138709322826, 43.58568123513976], [1.516761858577562, 43.585892068868894], [1.517261071812322, 43.58573690042714], [1.517355894283507, 43.58590017928618], [1.517382504952234, 43.58582854943493], [1.517553441482019, 43.58592087396677], [1.51825577405033, 43.58557049213435], [1.518478536251469, 43.58557353085728], [1.518779267387491, 43.58543364633566], [1.518857235910504, 43.585290723506105], [1.518707335369825, 43.585342674042295], [1.518631688400036, 43.58539563712559], [1.518187094461916, 43.5853535759998], [1.518044626475041, 43.58511765482931], [1.518395787417745, 43.58494246297974], [1.518618082789644, 43.584963493336886], [1.5188935950414, 43.58484126289753], [1.519040708510636, 43.5848972636608], [1.51909253189959, 43.584807978997006], [1.519166320766003, 43.58482698330617], [1.519086496631833, 43.58504187401286], [1.519258826159603, 43.58508022003111], [1.519286826644038, 43.58495461397686], [1.519334472135023, 43.585027256522665], [1.519433940787444, 43.58501061421199], [1.519358294925739, 43.58506357778909], [1.519532945269257, 43.585011963737585], [1.519822998409791, 43.585285890726944], [1.519946754617731, 43.58528757717693], [1.519730954246847, 43.585014662518084], [1.519582447511908, 43.585012638466544], [1.519584303899834, 43.58494067075835], [1.520085820919428, 43.58469552981698], [1.520258613958322, 43.584715882313894], [1.520512617199898, 43.58446736711177], [1.52066112255687, 43.5844693898909], [1.520690047164672, 43.58430779968106], [1.520399530995326, 43.58405186711151], [1.520276241310634, 43.58403218926044], [1.520148776502817, 43.58417443853592], [1.519704190911952, 43.5841323836549], [1.519528151075074, 43.58423797370209], [1.518731946811624, 43.584389102177404], [1.517981058811221, 43.58470282753122], [1.518283180101312, 43.58450896872324], [1.518234142824427, 43.584490301487115], [1.517280594460388, 43.584981239706025], [1.517453852129292, 43.584983604751095], [1.517522063759094, 43.58521851321476], [1.517245152277347, 43.58539471597321], [1.517138709322826, 43.58568123513976]], [[1.517357753491867, 43.5858282115718], [1.517333466840909, 43.58580988177512], [1.517358218293229, 43.585810219643754], [1.517357753491867, 43.5858282115718]], [[1.518706870995138, 43.58536066597027], [1.518731157894606, 43.58537899545419], [1.518706406620161, 43.5853786578985], [1.518706870995138, 43.58536066597027]], [[1.518346285249569, 43.584941787710044], [1.51827203199949, 43.5849407747632], [1.518346749733894, 43.58492379578881], [1.518346285249569, 43.584941787710044]], [[1.519286826644038, 43.58495461397686], [1.519262539746693, 43.584936284622586], [1.51928729083365, 43.584936622051494], [1.519286826644038, 43.58495461397686]], [[1.517214822891307, 43.58561028116076], [1.517238644582695, 43.58564660290672], [1.517213893201634, 43.585646265010844], [1.517214822891307, 43.58561028116076]], [[1.517238644582695, 43.58564660290672], [1.517262931134285, 43.58566493272254], [1.517238179745177, 43.5856645948322], [1.517238644582695, 43.58564660290672]], [[1.517213893201634, 43.585646265010844], [1.517188676967835, 43.58566391903464], [1.517189141820864, 43.58564592710937], [1.517213893201634, 43.585646265010844]], [[1.517334396458269, 43.58577389791991], [1.517309180205462, 43.58579155197322], [1.517309645021752, 43.58577356004586], [1.517334396458269, 43.58577389791991]], [[1.517286752878797, 43.585701254459295], [1.51726153664325, 43.58571890850065], [1.517262001473886, 43.58570091657438], [1.517286752878797, 43.585701254459295]], [[1.519872964900808, 43.585268573391815], [1.519824854504946, 43.585213923001], [1.519874356925204, 43.58521459759702], [1.519872964900808, 43.585268573391815]], [[1.518246816401074, 43.58495842902398], [1.518196849689441, 43.58497574560737], [1.518197314220881, 43.58495775368637], [1.518246816401074, 43.58495842902398]], [[1.518396716355081, 43.58490647913709], [1.518371500810081, 43.58492413342638], [1.518371965286359, 43.584906141505286], [1.518396716355081, 43.58490647913709]], [[1.519070566407389, 43.584699689991325], [1.519020600169509, 43.584717006950534], [1.519021064440648, 43.58469901502924], [1.519070566407389, 43.584699689991325]]], [[[1.519133213463314, 43.585150500505044], [1.51895856233882, 43.58520211391884], [1.519006207619804, 43.58527475662107], [1.518857235910504, 43.585290723506105], [1.519103819798, 43.585330082323985], [1.519246292665668, 43.58556600213998], [1.519368656953412, 43.58562166504883], [1.519370977797284, 43.58553170538073], [1.519569916771648, 43.58549842059001], [1.519740855836638, 43.58559074165863], [1.519358294925739, 43.58506357778909], [1.519183644268125, 43.58511519156165], [1.51920514591513, 43.58524147250428], [1.519133213463314, 43.585150500505044]], [[1.519233146595697, 43.58511586644983], [1.519282184731911, 43.58513453324308], [1.519232682387664, 43.585133858377226], [1.519233146595697, 43.58511586644983]]], [[[1.528104528944649, 43.58579439451042], [1.528231054849102, 43.585688119685514], [1.528081623195084, 43.585722091198406], [1.528104528944649, 43.58579439451042]]], [[[1.52866551109851, 43.58612596322011], [1.528744378411278, 43.58594704927041], [1.528725161704109, 43.58573081027541], [1.528650907250782, 43.58572980442265], [1.52866551109851, 43.58612596322011]], [[1.528721010554821, 43.585892738062945], [1.528697181495442, 43.5858564188292], [1.528721933034465, 43.5858567541086], [1.528721010554821, 43.585892738062945]]], [[[1.528639375641012, 43.58617960386867], [1.528735614927859, 43.5862888968957], [1.52871547565267, 43.58610864180765], [1.528639375641012, 43.58617960386867]]], [[[1.538004679312869, 43.57622711402327], [1.538306688370551, 43.57603320067143], [1.538856168178931, 43.57584261643907], [1.539702153061993, 43.57567401502055], [1.539923047399364, 43.575748977333525], [1.539950540481216, 43.57564135866764], [1.539679236743983, 43.57560171466284], [1.539207208864231, 43.57566735844656], [1.538083045693162, 43.57606618641796], [1.537910730655279, 43.57602787050393], [1.537883233564405, 43.576135488682375], [1.537584431236102, 43.57620345760777], [1.53743273764554, 43.576327401234664], [1.537529435559661, 43.576418693826795], [1.537655923351483, 43.57631240871666], [1.538004679312869, 43.57622711402327]], [[1.539899673118644, 43.57569466891581], [1.539875383558324, 43.57567634428861], [1.539900130773233, 43.575676677018635], [1.539899673118644, 43.57569466891581]]], [[[1.535632100860147, 43.57704105732464], [1.53625400706809, 43.57692345477623], [1.536831001613372, 43.57662526286093], [1.537429070172867, 43.576471336400274], [1.53740890704523, 43.57629108415333], [1.536556943123877, 43.57669356240668], [1.535410748082765, 43.57698407811175], [1.535114693401638, 43.5769440889147], [1.535043664508328, 43.576817144194294], [1.535039991014263, 43.5769610793282], [1.534893341511714, 43.576887108651164], [1.53486675683764, 43.57695874234574], [1.534693063378519, 43.57697439697816], [1.534448801563355, 43.57684511433046], [1.534052838606704, 43.576839770095404], [1.53397629795902, 43.57692872732645], [1.533729280367935, 43.576907394385394], [1.533328260085677, 43.57709995827185], [1.532210469126582, 43.577246839388415], [1.532134385182779, 43.577317803461376], [1.532181580504984, 43.57740843187202], [1.532258124573356, 43.577319475876095], [1.532802577977533, 43.57732683282609], [1.532952444829147, 43.57727486312915], [1.532954284205575, 43.57720289558005], [1.533075724344931, 43.577294526500204], [1.533374537690132, 43.57722656992734], [1.533676567645493, 43.57703266931586], [1.533749432158254, 43.577087647392474], [1.533801685196153, 43.576980364309385], [1.534022576854702, 43.57705533869079], [1.534125243760905, 43.57691273980028], [1.534347513797276, 43.57693373785103], [1.534346135581817, 43.57698771352012], [1.534470793058329, 43.576953399633965], [1.534641271325729, 43.57706368859733], [1.5348649198666, 43.577030709914986], [1.534987281102821, 43.57708635489947], [1.53501432488198, 43.57699672927596], [1.535229708635192, 43.57728760394612], [1.53523246341638, 43.57717965256503], [1.535480859892494, 43.577147006400004], [1.535632100860147, 43.57704105732464]], [[1.535233840803088, 43.577125676877515], [1.535208633854254, 43.577143334979425], [1.535184804322279, 43.577107017389515], [1.535233840803088, 43.577125676877515]], [[1.532954744048962, 43.57718490369333], [1.532930456075078, 43.57716657749403], [1.53295520389206, 43.57716691180682], [1.532954744048962, 43.57718490369333]]], [[[1.531062859727387, 43.577591284985864], [1.531360756308948, 43.5775593177054], [1.531384123270596, 43.57761362803089], [1.531387805972822, 43.57746969295549], [1.531487718339863, 43.57743504781165], [1.531885525885095, 43.577368433861146], [1.532082588840334, 43.57740709388169], [1.532112858062666, 43.57719152577416], [1.532085809661841, 43.57728115068732], [1.53146619259827, 43.57730876998597], [1.530993220374143, 43.5774103619144], [1.530642604526407, 43.57756760168804], [1.530690718812082, 43.577622246997215], [1.530591726813493, 43.57762090764788], [1.530589423873186, 43.57771086706091], [1.530735609390501, 43.577802835476234], [1.531062859727387, 43.577591284985864]]], [[[1.540705906411144, 43.578063251875804], [1.54073339913373, 43.57795563283858], [1.540558789326, 43.57800728072135], [1.540557874392245, 43.578043264579804], [1.54068253044748, 43.57800894353919], [1.540705906411144, 43.578063251875804]]], [[[1.540628002104059, 43.57820618966509], [1.540501515642301, 43.57831247837637], [1.540727452760606, 43.578189527935635], [1.540628002104059, 43.57820618966509]]], [[[1.536064222692289, 43.578540724925965], [1.535941398394532, 43.57850307301412], [1.53594369297956, 43.57841311343827], [1.535297480698537, 43.57851238864449], [1.535446430241481, 43.578496399288895], [1.535690701329718, 43.57862567984137], [1.535890065838815, 43.57857437340691], [1.535866694223107, 43.57852006401464], [1.536064222692289, 43.578540724925965]]], [[[1.535272273160365, 43.5785300467782], [1.53492625456888, 43.578507381361206], [1.534750259984133, 43.5786129956632], [1.535272273160365, 43.5785300467782]]], [[[1.539354850391664, 43.57862102796695], [1.539452470864043, 43.57867633512748], [1.539552838250429, 43.57862369060354], [1.539455217770875, 43.57856838353524], [1.539354850391664, 43.57862102796695]]], [[[1.538830094204219, 43.578811948064924], [1.538881881318664, 43.57872265433993], [1.538757222637056, 43.57875697333097], [1.538830094204219, 43.578811948064924]]], [[[1.53078636670881, 43.57872142633685], [1.530021468007391, 43.578621085223844], [1.529698816731319, 43.57865271380513], [1.530612206213848, 43.57875506635928], [1.53078636670881, 43.57872142633685]]], [[[1.533775419069781, 43.57897779933732], [1.534173234651182, 43.57891117693648], [1.534526145850404, 43.57866396605735], [1.533825375860285, 43.578960475660445], [1.533378522015634, 43.57900843646133], [1.532876191684719, 43.57928962162748], [1.532677741892675, 43.579304938731056], [1.532383517301882, 43.57919297438092], [1.53201412764184, 43.579115989507024], [1.53110809690369, 43.578725778319075], [1.530983894041993, 43.57874209649017], [1.532676362050244, 43.5793589144679], [1.532849603380854, 43.579361254947905], [1.533227271705348, 43.579114382543445], [1.533699794391045, 43.57903077267894], [1.533675965030152, 43.57899445471034], [1.533848745724043, 43.57901478550856], [1.533775419069781, 43.57897779933732]], [[1.53340143175787, 43.57908073831951], [1.533377142839252, 43.579062412195945], [1.533401891476153, 43.5790627464074], [1.53340143175787, 43.57908073831951]], [[1.533625548517357, 43.5790297702313], [1.533601259548756, 43.57901144415852], [1.533626008164989, 43.57901177831888], [1.533625548517357, 43.5790297702313]]], [[[1.537113731716968, 43.5791308061928], [1.537264057882792, 43.57906083855377], [1.537240684769123, 43.5790065294388], [1.537116941597072, 43.57900486269861], [1.537113731716968, 43.5791308061928]]], [[[1.537830527127516, 43.579176455209385], [1.537856650807949, 43.57912281261047], [1.538030349904822, 43.57910715289544], [1.537807611768608, 43.57910415428072], [1.53763299583511, 43.579155797501144], [1.537830527127516, 43.579176455209385]]], [[[1.536588045972808, 43.57935769938856], [1.536326361869125, 43.57894021645365], [1.53620353654467, 43.578902564827764], [1.536441388352888, 43.579283730678526], [1.536290142970224, 43.579389681045924], [1.536511964643011, 43.57942866663204], [1.536588045972808, 43.57935769938856]], [[1.536443223419615, 43.57921176296993], [1.536419392247927, 43.57917544559867], [1.536444140951253, 43.57917577911697], [1.536443223419615, 43.57921176296993]]], [[[1.539655066197666, 43.579470975666155], [1.540899826968881, 43.57919973665926], [1.541524945976436, 43.578956160151975], [1.541676180554836, 43.578850202527434], [1.541301751002486, 43.578971160647995], [1.541154631009589, 43.578915190265285], [1.541127595913552, 43.579004817536934], [1.54045434970169, 43.57919375074152], [1.540257732546134, 43.57913711392061], [1.540161940912476, 43.57900983970486], [1.540205032023594, 43.579262392213266], [1.539608772931559, 43.579344366489565], [1.539607399605253, 43.579398342315706], [1.539322776168666, 43.5789085660445], [1.538777390864574, 43.57893722563655], [1.538799849352408, 43.57902751828646], [1.538627983026443, 43.57897121149779], [1.538253546262201, 43.579092159120414], [1.53834795929447, 43.579273410831995], [1.538245298656107, 43.579416013947835], [1.538419456682363, 43.5793823616708], [1.53839974757519, 43.579184117308245], [1.538475368118653, 43.5791311406887], [1.538598195422222, 43.579168789751506], [1.538650441292566, 43.5790615041807], [1.538921302682325, 43.57911914278661], [1.539037718917811, 43.579408678484576], [1.538946967337175, 43.57908349186306], [1.539533610952182, 43.579379351964086], [1.539477246086883, 43.579648565479054], [1.539655066197666, 43.579470975666155]], [[1.538527614184289, 43.57902385517977], [1.538502407415157, 43.57904151406942], [1.538502865534364, 43.57902352213626], [1.538527614184289, 43.57902385517977]]], [[[1.537632537442209, 43.579173789432275], [1.537555999229835, 43.579262749330255], [1.537654994221826, 43.57926408233375], [1.537632537442209, 43.579173789432275]]], [[[1.53038071724383, 43.57909389858463], [1.530231304027605, 43.579127872899235], [1.530205633940229, 43.57916352176427], [1.530304628589992, 43.57916486146692], [1.53038071724383, 43.57909389858463]]], [[[1.531344533055305, 43.579160930992906], [1.531442607061126, 43.57919825346787], [1.531466435093634, 43.57923457193157], [1.53156635048499, 43.579199926672885], [1.531344533055305, 43.579160930992906]]], [[[1.535055918005564, 43.57924705301197], [1.535054540400658, 43.579301028776825], [1.535178284151214, 43.579302697867], [1.535651264559567, 43.57920108758057], [1.535801592691947, 43.57913112196218], [1.535753931257544, 43.579058486937875], [1.536155415938187, 43.578847921912214], [1.535786023440434, 43.578770949884564], [1.535364380353737, 43.578801260592584], [1.535263090549647, 43.578889885087484], [1.535164096258552, 43.57888854990431], [1.535116895010826, 43.578797922696474], [1.534669584191532, 43.578863880720085], [1.534692036189415, 43.578954174214644], [1.534417964036522, 43.57902246847366], [1.534465164365446, 43.579113095999375], [1.534392296596275, 43.57905811832553], [1.534242885847577, 43.579092098157574], [1.53443811873184, 43.579202721617996], [1.534481644188275, 43.57943728450903], [1.533931655891838, 43.579645839007064], [1.533927060309769, 43.57982575823334], [1.534030191934321, 43.579665167236264], [1.534529763695537, 43.579491928188475], [1.534771281195136, 43.579729162444536], [1.534872573239427, 43.5796405383566], [1.534749747370089, 43.57960288506843], [1.534680553276708, 43.5794039721864], [1.534779548445405, 43.57940530781077], [1.534882676929712, 43.57924471605118], [1.535055918005564, 43.57924705301197]], [[1.534680553276708, 43.5794039721864], [1.534656263812971, 43.57938564634476], [1.534681012596671, 43.579385980264846], [1.534680553276708, 43.5794039721864]], [[1.535702597972315, 43.57912978726959], [1.535677390287648, 43.57914744550487], [1.535677849293127, 43.579129453582325], [1.535702597972315, 43.57912978726959]], [[1.535752554313484, 43.5791124627045], [1.535727346651792, 43.57913012095119], [1.535727805641474, 43.579112129028644], [1.535752554313484, 43.5791124627045]]], [[[1.537309887254537, 43.5792054406349], [1.537232889980683, 43.579312392238634], [1.537278719474747, 43.57945699435815], [1.537402922093416, 43.57944066898085], [1.537309887254537, 43.5792054406349]]], [[[1.531564969600075, 43.57925390239166], [1.531635073266678, 43.57941683341928], [1.531709319606205, 43.57941783722781], [1.531737290085611, 43.57929222845929], [1.531564969600075, 43.57925390239166]]], [[[1.535318053390786, 43.57964654716915], [1.536165940145421, 43.579406005150226], [1.534872573239427, 43.5796405383566], [1.535318053390786, 43.57964654716915]]], [[[1.532225363337259, 43.57956879776584], [1.531954966725336, 43.57949315053279], [1.531908690424669, 43.57936653807301], [1.531810615828306, 43.57932921601454], [1.531953586198774, 43.57954712626751], [1.53219969429106, 43.57960444711306], [1.532390784617902, 43.579877001537234], [1.532418293797947, 43.57976938446971], [1.532225363337259, 43.57956879776584]]], [[[1.536902900824192, 43.57963191317089], [1.536728741151798, 43.5796655630221], [1.536727823790734, 43.5797015468897], [1.536876317386672, 43.579703547493956], [1.536902900824192, 43.57963191317089]]], [[[1.537817235407396, 43.57969822133458], [1.537666908246681, 43.579768189770235], [1.537494582373889, 43.57972987309737], [1.537491831724376, 43.57983782472709], [1.537067430247792, 43.579976093708815], [1.537510162605637, 43.58009004516993], [1.537636200124527, 43.58000175175253], [1.537732904551778, 43.58009304439665], [1.537657282055948, 43.58014602053467], [1.537831900979756, 43.58009437723969], [1.537809901941139, 43.57998609238049], [1.537907064932473, 43.58005939292538], [1.537885524085435, 43.579933116142094], [1.538057392563058, 43.579989424143214], [1.538083974659097, 43.5799177895169], [1.538230636015494, 43.57999175604159], [1.538160971159287, 43.57981083726485], [1.538358504895733, 43.579831494022315], [1.538361253915112, 43.579723542371106], [1.538043183729041, 43.57957527635934], [1.538121554572193, 43.5794143483517], [1.537773696123386, 43.57946365973793], [1.537603204710489, 43.579353375507345], [1.537524374067765, 43.579532295069306], [1.537402922093416, 43.57944066898085], [1.537423086308551, 43.579620921623494], [1.537671492102492, 43.579588270393124], [1.537817235407396, 43.57969822133458]], [[1.537808068563083, 43.580058060150876], [1.537733821289057, 43.58005706051078], [1.537712280823995, 43.57993078369335], [1.537761320538525, 43.57994944207684], [1.537808068563083, 43.580058060150876]], [[1.537541329714921, 43.57983849126964], [1.537590369295041, 43.57985714972913], [1.537540871287838, 43.57985648320893], [1.537541329714921, 43.57983849126964]], [[1.537590827706614, 43.579839157789635], [1.537640784095236, 43.57982183234758], [1.537640325699458, 43.57983982428706], [1.537590827706614, 43.579839157789635]], [[1.53806105868503, 43.579845488604455], [1.538111931433265, 43.57979217906359], [1.538136680412314, 43.579792512196384], [1.538135305691103, 43.57984648802071], [1.53806105868503, 43.579845488604455]], [[1.537648118388603, 43.57953396134593], [1.537623827922508, 43.57951563616629], [1.537648576779495, 43.57951596941022], [1.537648118388603, 43.57953396134593]]], [[[1.531690449053182, 43.58015550569448], [1.531840784512391, 43.580085545511686], [1.53182247854266, 43.57983332411353], [1.531722562203414, 43.579867969623045], [1.531690449053182, 43.58015550569448]], [[1.531743629223302, 43.58001223953918], [1.531772060152831, 43.579868638794714], [1.531796809127972, 43.579868973372086], [1.531816955889802, 43.58004922710864], [1.531743629223302, 43.58001223953918]]], [[[1.530554169579303, 43.581022047064664], [1.530923569546899, 43.58109903700555], [1.530848399977021, 43.581134016512394], [1.531095895143215, 43.58113736413986], [1.531093132392831, 43.58124531571269], [1.531340167671308, 43.58126665471346], [1.531387825354057, 43.58133929178582], [1.531389666822348, 43.58126732406003], [1.531561993235077, 43.58130565045935], [1.531910788587602, 43.581220375038214], [1.531706348392258, 43.581469585533], [1.531880516481934, 43.58143594369276], [1.531801665142066, 43.58161485935961], [1.532050082761655, 43.581582220940234], [1.532119730507235, 43.581763143858325], [1.532218269574146, 43.58178247375968], [1.532269609559528, 43.58171117494346], [1.532742155016386, 43.581627569094344], [1.532872342380488, 43.581377353658596], [1.532829741857322, 43.581106805936074], [1.532929659684663, 43.581072159378266], [1.532733503463624, 43.58099751692908], [1.532519498462942, 43.58065266077388], [1.532768831368425, 43.580584036877525], [1.532932418972944, 43.58096420777174], [1.532983757339454, 43.58089290865845], [1.532463191490296, 43.5799499725041], [1.53245537111783, 43.58025583516092], [1.532404492705669, 43.58030914206949], [1.53228212710349, 43.580253494050694], [1.532303655744252, 43.580379771973], [1.532204198848628, 43.58039642601461], [1.532325184479734, 43.5805060499021], [1.532320123723409, 43.58070396109564], [1.532097839830062, 43.580682958840896], [1.532077691963799, 43.580502705077095], [1.532200978112074, 43.5805223694851], [1.532179909755528, 43.58037809960659], [1.53191042978239, 43.580266468376024], [1.532072630354477, 43.58070061625863], [1.532066188255771, 43.580952503255936], [1.532167946754397, 43.58084588968629], [1.532238514175078, 43.58099082857358], [1.532113846596401, 43.581025139993926], [1.532018069869328, 43.580897858429665], [1.531919072190937, 43.58089652028706], [1.532023591847406, 43.58068195529707], [1.531899845215413, 43.58068028261125], [1.531853568079303, 43.580553670023605], [1.531918611993204, 43.580914512215784], [1.531865891639457, 43.58103978661623], [1.531603773917354, 43.580640283741495], [1.531430068428696, 43.58065593319576], [1.53142868738061, 43.580709908967386], [1.531380569804392, 43.58065526386789], [1.531008409196819, 43.580686227033674], [1.530738930055412, 43.58057459287276], [1.529750341976751, 43.580507219986515], [1.529480405164412, 43.580413574630434], [1.52950745910909, 43.580323950171106], [1.529388323184213, 43.58014235552337], [1.529402469716088, 43.58055650460006], [1.529278723430984, 43.58055482892822], [1.528794806539704, 43.58011631903205], [1.528921779780862, 43.57999205191702], [1.528968972229661, 43.58008268189196], [1.5290936396412, 43.58004837410362], [1.528970816690184, 43.58001071427001], [1.529023081319641, 43.57990343326813], [1.529221073120576, 43.5799061147402], [1.529247205178256, 43.57985247418509], [1.529078112228944, 43.57968820083629], [1.528707801427864, 43.579647188493055], [1.528957134522541, 43.57957857339436], [1.528685358571864, 43.57955689371828], [1.528632632408995, 43.57968216643122], [1.528363623902718, 43.57955253455714], [1.528504736709354, 43.57984241698299], [1.52847860396246, 43.5798960573591], [1.528238495791052, 43.57960483339254], [1.527594102946711, 43.57963209525818], [1.527397958584795, 43.57955744324834], [1.527345691233211, 43.57966472344245], [1.527274214511927, 43.579555765293996], [1.52722102361023, 43.579699029215405], [1.527075762305551, 43.57957107216518], [1.526976305294569, 43.5795877214105], [1.526929116398726, 43.57949709060095], [1.527002901032407, 43.57951608951674], [1.527004747939585, 43.579444121956485], [1.526907599911946, 43.579370811691085], [1.527084072948284, 43.57924721815426], [1.526764187336429, 43.57917088670841], [1.526717460931466, 43.57906226394922], [1.526840280374832, 43.57909992630608], [1.526892086398802, 43.579010638280884], [1.526965408659758, 43.57904762909978], [1.526942968778864, 43.57895733400262], [1.527090536716693, 43.578995331751244], [1.52716847580185, 43.578852403595484], [1.527440247844293, 43.57887408705643], [1.527515416531555, 43.57883910996309], [1.527785342734633, 43.578932760100095], [1.527762440125024, 43.57886045706499], [1.528309675443172, 43.57875988523508], [1.528828471220878, 43.57880291051574], [1.528558082693176, 43.57872725486667], [1.528658460158586, 43.57867462040845], [1.528509969511465, 43.578672608570805], [1.528461856421356, 43.5786179622557], [1.528338114342573, 43.578616285514514], [1.528310598066035, 43.57872390146231], [1.527739076082324, 43.57880614591333], [1.527737691608232, 43.57886012156861], [1.527616256677832, 43.57876848458047], [1.526524090895786, 43.578879659098774], [1.52662216128681, 43.57891698591892], [1.526469513076751, 43.579076898232806], [1.526880080591942, 43.57947842733287], [1.527212252008886, 43.580040875236286], [1.527607313323716, 43.58008222822152], [1.528352390954691, 43.58095623854343], [1.528455078923292, 43.58081364462661], [1.528578825742289, 43.58081532123709], [1.528873051227223, 43.58092729601957], [1.528944532691108, 43.581036253219615], [1.52914206732653, 43.581056926755686], [1.529049063720391, 43.58082169107124], [1.529101790021149, 43.58069641805703], [1.529200787288705, 43.580697758767165], [1.529612307346325, 43.5810632941525], [1.52981030317534, 43.58106597455264], [1.529861184667375, 43.581012668831264], [1.529762647715704, 43.58099333680193], [1.529716375041216, 43.58086672327626], [1.529791544950884, 43.58083174455932], [1.529649040495191, 43.58059583935082], [1.529650423213921, 43.58054186360612], [1.529774169481923, 43.58054353885448], [1.529723288324916, 43.580596844517736], [1.529847034713569, 43.58059851968316], [1.530039499538383, 43.580817102674395], [1.530287453999387, 43.58080246022359], [1.530331885100396, 43.58100104119133], [1.530504670649514, 43.58102137733746], [1.530478078584081, 43.58109301016347], [1.530601365452178, 43.581112676395165], [1.530554169579303, 43.581022047064664]], [[1.532303655744252, 43.580379771973], [1.532352234026389, 43.58041642472854], [1.532327484811982, 43.58041609027758], [1.532303655744252, 43.580379771973]], [[1.532352234026389, 43.58041642472854], [1.532376523190721, 43.58043475109852], [1.532351773968271, 43.5804344166531], [1.532352234026389, 43.58041642472854]], [[1.530145408329262, 43.58054856375368], [1.530120198312132, 43.58056622071663], [1.530120659070751, 43.58054822879987], [1.530145408329262, 43.58054856375368]], [[1.529457499828963, 43.58034127187837], [1.529433211636117, 43.58032294485686], [1.529457960793486, 43.58032327996725], [1.529457499828963, 43.58034127187837]], [[1.529023081319641, 43.57990343326813], [1.528998793450744, 43.57988510615505], [1.529023542416806, 43.57988544136431], [1.529023081319641, 43.57990343326813]], [[1.528429106027837, 43.57989538668657], [1.528403434478046, 43.57993103514467], [1.528404357060959, 43.57989505134185], [1.528429106027837, 43.57989538668657]], [[1.528015294826244, 43.57961980659277], [1.528064331122873, 43.579638469350186], [1.528014833415202, 43.579637798489], [1.528015294826244, 43.57961980659277]], [[1.52724531083281, 43.57971735672365], [1.527270521361419, 43.579699700438375], [1.527343844746379, 43.57973669101951], [1.527269598070899, 43.579735684226684], [1.52724531083281, 43.57971735672365]], [[1.52724531083281, 43.57971735672365], [1.527219638627489, 43.57975300489757], [1.527220561949606, 43.579717021109225], [1.52724531083281, 43.57971735672365]], [[1.527122028111324, 43.57969768670181], [1.527170602507643, 43.57973434175733], [1.527169679153932, 43.57977032554566], [1.527120181343024, 43.57976965427673], [1.527122028111324, 43.57969768670181]], [[1.527123413184511, 43.57964371102297], [1.527098202635244, 43.579661367273424], [1.52709866433377, 43.57964337538079], [1.527123413184511, 43.57964371102297]], [[1.527098202635244, 43.579661367273424], [1.527048243204798, 43.57967868786455], [1.527049166633158, 43.57964270407954], [1.527098202635244, 43.579661367273424]], [[1.52695525041188, 43.57944345061253], [1.526930039898839, 43.579461106821476], [1.526930501648462, 43.579443114932076], [1.52695525041188, 43.57944345061253]], [[1.526930501648462, 43.579443114932076], [1.526906214642421, 43.579424787356935], [1.526930963397795, 43.57942512304291], [1.526930501648462, 43.579443114932076]], [[1.526958944336408, 43.57929951550451], [1.526885621757884, 43.57926252467477], [1.526959867814645, 43.57926353172973], [1.526958944336408, 43.57929951550451]], [[1.527034113874012, 43.57926453873393], [1.527009826910444, 43.57924621118422], [1.527034575589434, 43.57924654684654], [1.527034113874012, 43.57926453873393]], [[1.526816455325109, 43.57906360683097], [1.526841665698514, 43.579045950653246], [1.526841203924243, 43.579063942537296], [1.526816455325109, 43.57906360683097]], [[1.526942968778864, 43.57895733400262], [1.52691914372335, 43.57892101455363], [1.526943892261611, 43.578921350236534], [1.526942968778864, 43.57895733400262]], [[1.527193224311988, 43.57885273922156], [1.527218434476903, 43.57883508295898], [1.527217972822415, 43.57885307484201], [1.527193224311988, 43.57885273922156]], [[1.528461395158327, 43.5786359541413], [1.528386688600349, 43.57865293999865], [1.528387149886929, 43.57863494811317], [1.528461395158327, 43.5786359541413]], [[1.526545144488086, 43.579023929923814], [1.526569431209251, 43.579042257574606], [1.526544682621055, 43.57904192180635], [1.526545144488086, 43.579023929923814]], [[1.530333727881701, 43.580929073500364], [1.530358937992507, 43.58091141648341], [1.530358477305657, 43.580929408405716], [1.530333727881701, 43.580929073500364]], [[1.532084955801319, 43.581186732875985], [1.532060666411881, 43.58116840643125], [1.532085415949096, 43.58116874094315], [1.532084955801319, 43.581186732875985]], [[1.531400715535132, 43.58083551778009], [1.531446991899611, 43.580962130585455], [1.531497411449867, 43.58092681602835], [1.53156981851081, 43.58099978764392], [1.531518478292486, 43.5810710860942], [1.531272824993481, 43.5809957717195], [1.531400715535132, 43.58083551778009]], [[1.53124761512674, 43.581013428949596], [1.531223326077966, 43.58099510231981], [1.531248075535579, 43.58099543702247], [1.53124761512674, 43.581013428949596]], [[1.531643606611871, 43.58101878342702], [1.531595488572146, 43.58096413841102], [1.5316449874653, 43.58096480764109], [1.531643606611871, 43.58101878342702]], [[1.531668816359155, 43.58100112610495], [1.531693105552706, 43.58101945263518], [1.531668356082144, 43.58101911803393], [1.531668816359155, 43.58100112610495]], [[1.531693565821962, 43.58100146070609], [1.531719235807194, 43.58096581144392], [1.531718315285058, 43.58100179530162], [1.531693565821962, 43.58100146070609]], [[1.531718315285058, 43.58100179530162], [1.531742604494696, 43.5810201218208], [1.531717855023557, 43.581019787230815], [1.531718315285058, 43.58100179530162]], [[1.530555090831528, 43.580986063216294], [1.530530802015432, 43.580967736432], [1.530555551457208, 43.580968071292475], [1.530555090831528, 43.580986063216294]], [[1.531990559398154, 43.58100547548013], [1.531966730298929, 43.58096915708675], [1.531991479749689, 43.580969491620024], [1.531990559398154, 43.58100547548013]], [[1.530534947703345, 43.580805809128435], [1.530605971561099, 43.58093275714901], [1.530481763781403, 43.580949074770906], [1.53043410756915, 43.58087643732068], [1.530533105178271, 43.580877776816706], [1.530534947703345, 43.580805809128435]], [[1.531670657464311, 43.580929158391285], [1.531573040658933, 43.580873844150396], [1.531648209446536, 43.5808388641484], [1.531670657464311, 43.580929158391285]], [[1.532413140543467, 43.58093919395988], [1.532389311204393, 43.58090287566086], [1.532414060629038, 43.58090321009783], [1.532413140543467, 43.58093919395988]], [[1.530408897496828, 43.580894094354655], [1.530384608766322, 43.58087576753885], [1.530409358167591, 43.58087610243258], [1.530408897496828, 43.580894094354655]], [[1.530360780737019, 43.58083944879641], [1.530336492044996, 43.580821121970544], [1.530361241422425, 43.58082145687524], [1.530360780737019, 43.58083944879641]], [[1.528529788273066, 43.5807966586967], [1.52850550018373, 43.580778331461936], [1.52853024953202, 43.58077866678381], [1.528529788273066, 43.5807966586967]], [[1.530336952737869, 43.58080313004969], [1.530312664068821, 43.58078480321894], [1.530337413430451, 43.58078513812905], [1.530336952737869, 43.58080313004969]], [[1.528400205428742, 43.58005697846163], [1.52863939386951, 43.58038418597832], [1.528786044246741, 43.58045816527904], [1.528782816007237, 43.580584108653454], [1.528877662738353, 43.580747376869866], [1.528778204211943, 43.58076402777871], [1.528583438166617, 43.58063540211389], [1.528226500831977, 43.58007262278636], [1.528348862116849, 43.58012827536702], [1.528400205428742, 43.58005697846163]], [[1.528226500831977, 43.58007262278636], [1.528202213145819, 43.580054295493], [1.528226962180172, 43.580054630883815], [1.528226500831977, 43.58007262278636]], [[1.530288375415282, 43.580766476383005], [1.530313585468629, 43.58074881937858], [1.53031312476887, 43.58076681129865], [1.530288375415282, 43.580766476383005]], [[1.530288836122797, 43.58074848446303], [1.530265008206925, 43.58071216570281], [1.530289757536959, 43.580712500623754], [1.530288836122797, 43.58074848446303]], [[1.530265008206925, 43.58071216570281], [1.530241180321204, 43.58067584693828], [1.530265929635441, 43.58067618186465], [1.530265008206925, 43.58071216570281]], [[1.530241180321204, 43.58067584693828], [1.53021689173659, 43.58065752008774], [1.530241641042783, 43.58065785501964], [1.530241180321204, 43.58067584693828]], [[1.531525843448319, 43.580783215257114], [1.531476805048439, 43.580764554047626], [1.531526303768106, 43.580765223331696], [1.531525843448319, 43.580783215257114]], [[1.531575802488927, 43.580765892593206], [1.531601012146006, 43.58074823528999], [1.531600551849771, 43.580766227215506], [1.531575802488927, 43.580765892593206]], [[1.531577183400029, 43.58071191681762], [1.531551973751571, 43.58072957411488], [1.531527684725735, 43.580711247556756], [1.531577183400029, 43.58071191681762]], [[1.530217352465635, 43.58063952816943], [1.530193063903996, 43.580621201314024], [1.530217813194392, 43.58062153625135], [1.530217352465635, 43.58063952816943]], [[1.528833236864438, 43.580548795342295], [1.528808948783094, 43.58053046817855], [1.528833698026291, 43.58053080343122], [1.528833236864438, 43.580548795342295]], [[1.532051102101604, 43.580574338262394], [1.532026812982102, 43.58055601181786], [1.532051562255084, 43.58055634633737], [1.532051102101604, 43.580574338262394]], [[1.532721172565215, 43.5805114004492], [1.532695043453853, 43.580565041864574], [1.532620795613277, 43.580564038729065], [1.532621715562663, 43.58052805487463], [1.532721172565215, 43.5805114004492]], [[1.528570220007972, 43.58018526909636], [1.528545932164413, 43.58016694187842], [1.528570681249341, 43.58016727719095], [1.528570220007972, 43.58018526909636]], [[1.528696271485813, 43.58009698604737], [1.528647695808421, 43.58006033166492], [1.528697193887826, 43.58006100223789], [1.528696271485813, 43.58009698604737]], [[1.5274363780116, 43.57998991988489], [1.527484952855932, 43.58002657480728], [1.52743545482038, 43.58002590368187], [1.5274363780116, 43.57998991988489]], [[1.527486337595803, 43.57997259911148], [1.527560584581513, 43.57997360575629], [1.527585795125689, 43.57995594939469], [1.527559661468414, 43.58000958955393], [1.527486337595803, 43.57997259911148]], [[1.528524873124385, 43.58002267132672], [1.528626636551746, 43.579916061143614], [1.528648157024503, 43.580042339760745], [1.528524873124385, 43.58002267132672]], [[1.528527640645699, 43.57991471991092], [1.528502430409326, 43.57993237649061], [1.528478142694411, 43.57991404926073], [1.528527640645699, 43.57991471991092]], [[1.528527640645699, 43.57991471991092], [1.528552850866563, 43.579897063325596], [1.528552389621777, 43.579915055227545], [1.528527640645699, 43.57991471991092]], [[1.528697655088399, 43.5800430103335], [1.528673367264345, 43.580024683145865], [1.528698116288683, 43.580025018429325], [1.528697655088399, 43.5800430103335]], [[1.527636216167515, 43.579920636654606], [1.527684791080825, 43.57995729148585], [1.527635293102678, 43.57995662045155], [1.527636216167515, 43.579920636654606]], [[1.527710001579632, 43.57993963509563], [1.527785171497834, 43.579904657789726], [1.527784710012375, 43.579922649688534], [1.527710001579632, 43.57993963509563]], [[1.527636216167515, 43.579920636654606], [1.527611928734123, 43.57990230923117], [1.527636677699499, 43.57990264475645], [1.527636216167515, 43.579920636654606]], [[1.527833746492737, 43.57994131255394], [1.527809458987531, 43.579922985174434], [1.527834207962976, 43.57992332065471], [1.527833746492737, 43.57994131255394]], [[1.528700422285767, 43.579935058911765], [1.528725632462418, 43.5799174022861], [1.528725171271623, 43.579935394189036], [1.528700422285767, 43.579935058911765]], [[1.528726093652924, 43.579899410383355], [1.528652307956229, 43.579880412633116], [1.528726554843141, 43.57988141848085], [1.528726093652924, 43.579899410383355]], [[1.5288003405657, 43.579900416180685], [1.528825550696404, 43.57988275953223], [1.528825089537204, 43.57990075143519], [1.5288003405657, 43.579900416180685]], [[1.528800801732654, 43.57988242427784], [1.528776513943613, 43.57986409711531], [1.528801262899319, 43.57986443237523], [1.528800801732654, 43.57988242427784]], [[1.527193504720458, 43.57980664496112], [1.527169217476641, 43.57978831744017], [1.527193966390284, 43.57978865306629], [1.527193504720458, 43.57980664496112]], [[1.527268213132948, 43.57978965991083], [1.527243925872465, 43.5797713324068], [1.527268674779221, 43.5797716680159], [1.527268213132948, 43.57978965991083]], [[1.52688238941615, 43.5793884678881], [1.52685810244859, 43.579370140302885], [1.526882851180123, 43.5793704759998], [1.52688238941615, 43.5793884678881]], [[1.526893933428644, 43.578938670747796], [1.5268701084119, 43.578902351288534], [1.526894856941827, 43.578902686982595], [1.526893933428644, 43.578938670747796]], [[1.52701767616016, 43.57894034913468], [1.526993389338999, 43.57892202158543], [1.527018137878127, 43.57892235725142], [1.52701767616016, 43.57894034913468]], [[1.526920067220448, 43.57888503078866], [1.526895780453854, 43.57886670321828], [1.526920528968562, 43.5788670389065], [1.526920067220448, 43.57888503078866]]], [[[1.530076689821602, 43.58033165589432], [1.529704530608819, 43.58036261458569], [1.529584472133099, 43.58021700396924], [1.529701765279148, 43.58047056606503], [1.530147251329832, 43.58047659608847], [1.530076689821602, 43.58033165589432]]], [[[1.530476696630322, 43.58114698593937], [1.530599523000525, 43.581184644099864], [1.53082365046199, 43.58113368171864], [1.530476696630322, 43.58114698593937]]], [[[1.530399716541714, 43.5880212573909], [1.530351593815726, 43.58796661155863], [1.530153113348822, 43.58798192414171], [1.530399716541714, 43.5880212573909]]], [[[1.531023938695276, 43.588785627527294], [1.531050994175935, 43.58869600216341], [1.530979499173602, 43.588587045771206], [1.530951522506114, 43.58871265515401], [1.530998264780762, 43.58882127681836], [1.531023938695276, 43.588785627527294]], [[1.530999646428806, 43.58876730074875], [1.531025320318317, 43.58873165145867], [1.531024399236578, 43.5887676355042], [1.530999646428806, 43.58876730074875]]], [[[1.53131038211536, 43.58920346077624], [1.5313131448402, 43.589095508602554], [1.531235202166898, 43.58923844074722], [1.53131038211536, 43.58920346077624]]], [[[1.531406631558776, 43.589312751665624], [1.531259955179234, 43.5892387754491], [1.531258113292536, 43.58931074357024], [1.531474445033345, 43.589565644102855], [1.531406631558776, 43.589312751665624]]], [[[1.531536274046858, 43.590052433058034], [1.531411125934765, 43.590104735928904], [1.53150369386135, 43.59035796314846], [1.53158117700812, 43.590233022743945], [1.53160316822251, 43.59034130963328], [1.531676507995033, 43.59037829756234], [1.531536274046858, 43.590052433058034]]], [[[1.537313894776567, 43.59070632977631], [1.537238257909677, 43.59075930601222], [1.537138784459395, 43.59077596469198], [1.53728730672256, 43.59077796474973], [1.537313894776567, 43.59070632977631]]], [[[1.53317037656717, 43.59102841990822], [1.531966185950146, 43.59067018519093], [1.531676507995033, 43.59037829756234], [1.531698499444952, 43.59048658444327], [1.531599024859663, 43.59050323804741], [1.531989558822645, 43.59072449587981], [1.532849037237716, 43.59100608193886], [1.53317037656717, 43.59102841990822]]], [[[1.536765185058909, 43.59086092402308], [1.536615744989014, 43.59089490739716], [1.536713842473681, 43.59093222541591], [1.536765185058909, 43.59086092402308]]], [[[1.550181687607377, 43.57144091646963], [1.549982360644312, 43.57149224888086], [1.549705160464234, 43.57168652457844], [1.55053175822763, 43.57130160618428], [1.550655485184142, 43.57130325763249], [1.551133367372687, 43.57100366976147], [1.551406927345595, 43.57095332559329], [1.551361523080364, 43.570790738408874], [1.551460957775929, 43.570774066937716], [1.551462319752003, 43.57072009128624], [1.551237343145405, 43.570807079649136], [1.55131067061156, 43.5708440538207], [1.551233710633989, 43.57095101472541], [1.551134275565973, 43.57096768599057], [1.551160837168396, 43.57089604861458], [1.551012819990901, 43.57087607566759], [1.55093676773225, 43.57094705259488], [1.551086147400583, 43.57091304999253], [1.551083876841983, 43.571003009417005], [1.550708609828047, 43.57115998307831], [1.550610991293626, 43.571104686324304], [1.550510647192625, 43.57115734079061], [1.550558320736345, 43.57122996893901], [1.550408939930823, 43.57126397082285], [1.55038192288494, 43.571353599920094], [1.55015830537675, 43.571386610423076], [1.550181687607377, 43.57144091646963]], [[1.551310216571316, 43.57086204570523], [1.551334507744295, 43.57088036771353], [1.551309762530787, 43.57088003758999], [1.551310216571316, 43.57086204570523]], [[1.550609628508058, 43.57115866197957], [1.550632556817227, 43.57123095980663], [1.550607811456648, 43.57123062952306], [1.550609628508058, 43.57115866197957]]], [[[1.551987198449255, 43.57150100323506], [1.552030789764447, 43.571735557830976], [1.552104572726116, 43.571754539591474], [1.551987198449255, 43.57150100323506]]], [[[1.552303898702254, 43.57170320327582], [1.552281421841901, 43.57161291387962], [1.552183347250236, 43.57157561041904], [1.552230115740658, 43.571684221651395], [1.552303898702254, 43.57170320327582]]], [[[1.54891193855924, 43.57172992159763], [1.548985720482437, 43.57174890547693], [1.549259740579074, 43.57168057480598], [1.54903794018898, 43.57164161546446], [1.54891193855924, 43.57172992159763]]], [[[1.549528759372858, 43.57181015421313], [1.549408668506659, 43.57166456637959], [1.549260195268378, 43.57166258291977], [1.549432050141403, 43.57171887259805], [1.549430231596125, 43.57179084014992], [1.54923181214524, 43.57180618741846], [1.549355085491187, 43.571825832236655], [1.549276756495862, 43.571986767498416], [1.549425685212981, 43.57197075904528], [1.549528759372858, 43.57181015421313]], [[1.549402758128168, 43.57189846092614], [1.549428867684174, 43.57184481581618], [1.549427503769658, 43.57189879148444], [1.549402758128168, 43.57189846092614]]], [[[1.549153482831159, 43.571967122589086], [1.549231357445905, 43.57182417930635], [1.549157120622155, 43.57182318748049], [1.549153482831159, 43.571967122589086]]], [[[1.54944815772227, 43.57206104905496], [1.549250646733167, 43.57204041257711], [1.549224082217783, 43.572112049543], [1.54944815772227, 43.57206104905496]]], [[[1.548573869656169, 43.57237333034508], [1.548647652294456, 43.57239231446257], [1.548724619022072, 43.57228535528308], [1.548650836495794, 43.572266371219285], [1.548575234384512, 43.5723193546697], [1.548573869656169, 43.57237333034508]], [[1.54862427112742, 43.572338008049755], [1.548598615497566, 43.57237366109237], [1.548599525301242, 43.572337677308326], [1.54862427112742, 43.572338008049755]]], [[[1.548566136147087, 43.57267919254365], [1.549047224022547, 43.572253670325445], [1.548899658886876, 43.57221570258717], [1.548795672558234, 43.572412290654256], [1.548596340983388, 43.57246362055636], [1.548567045975962, 43.572643208752226], [1.548321406379228, 43.572567933377314], [1.548343877385567, 43.57265822365307], [1.548566136147087, 43.57267919254365]]], [[[1.551979267758647, 43.572796750266185], [1.551880737464369, 43.57277743841288], [1.551754283797452, 43.57288373982587], [1.551853268117972, 43.57288505988293], [1.551850998683423, 43.57297501944707], [1.5519508908762, 43.57294035558889], [1.551878921955137, 43.5728494060588], [1.551979267758647, 43.572796750266185]]], [[[1.552024221526628, 43.57297732933363], [1.55179878302119, 43.573082310911765], [1.551922967717718, 43.5730659690036], [1.552024221526628, 43.57297732933363]]], [[[1.54855567303305, 43.573093006209255], [1.548633095767574, 43.57296805514279], [1.548559312394171, 43.572949071007805], [1.54855567303305, 43.573093006209255]]], [[[1.548572685613371, 43.57339919931326], [1.548603800617722, 43.57314764341169], [1.548480069745369, 43.57314598962392], [1.548477340067873, 43.573253941036484], [1.548578599528155, 43.573165304567375], [1.548572685613371, 43.57339919931326]]], [[[1.548348149119119, 43.57346818994732], [1.548393546967837, 43.57363077869475], [1.548418293350204, 43.57363110948341], [1.548422388056043, 43.57346918232727], [1.548348149119119, 43.57346818994732]]], [[[1.548291376382694, 43.57375539883614], [1.548260259679973, 43.57400695475469], [1.548285006223723, 43.574007285573806], [1.548291376382694, 43.57375539883614]]], [[[1.548114055758002, 43.57391501017119], [1.548236423193652, 43.57397064010801], [1.54816627906384, 43.57380772041593], [1.548141532606797, 43.57380738956983], [1.548114055758002, 43.57391501017119]]], [[[1.547765784040882, 43.57398234527933], [1.5477887098964, 43.57405464384896], [1.547986227289718, 43.57407528301451], [1.548064107670464, 43.57393234035889], [1.547765784040882, 43.57398234527933]], [[1.547988047717543, 43.574003315372316], [1.547962846062934, 43.574020976395644], [1.547963301177215, 43.57400298448553], [1.547988047717543, 43.574003315372316]]], [[[1.540751598779788, 43.575292164721844], [1.539953286306246, 43.57553340729063], [1.539950540481216, 43.57564135866764], [1.540651238317239, 43.575344810231556], [1.541572365872, 43.57514120815835], [1.541649349466886, 43.575034253788765], [1.542370209213623, 43.57491794565267], [1.542197437833019, 43.57489762846794], [1.542198808616503, 43.574843652777965], [1.542396326714326, 43.57486430212083], [1.542348203598478, 43.57480966210248], [1.54254709208751, 43.574776335481324], [1.542573666167462, 43.57470470001599], [1.542697856998662, 43.57468836863792], [1.542718949698801, 43.57483263590443], [1.544448839134088, 43.57397393321053], [1.545582034248884, 43.57321520208565], [1.546183233469265, 43.57293528457453], [1.547755891551635, 43.57241638818853], [1.548026730729863, 43.572474003821036], [1.548194036520875, 43.572710214419466], [1.548220322299249, 43.5736284630163], [1.548144717996927, 43.573681446217265], [1.548292286400842, 43.57371941502006], [1.548327497769218, 43.57330593200857], [1.548324767797227, 43.57341388342933], [1.548373350412537, 43.57345052884137], [1.548472335632468, 43.57345185198041], [1.548398551690449, 43.573432867729785], [1.548391549434492, 43.57273085282854], [1.5485386606342, 43.57278681316789], [1.548540935251565, 43.57269685368483], [1.548367713394952, 43.57269453824296], [1.548314126494143, 43.57285580370216], [1.548248078636488, 43.57253095714302], [1.5480789528881, 43.57236671421547], [1.547759077710571, 43.57229044496928], [1.545535277088567, 43.57310658787488], [1.545407443221162, 43.573266857592714], [1.544401171040938, 43.57390130224163], [1.543097002431835, 43.57456773806627], [1.543453044212751, 43.57419455568109], [1.543204665045846, 43.5742272200112], [1.542911359347201, 43.57407930079309], [1.542835292829409, 43.57415027220503], [1.542714300524539, 43.574040660509645], [1.542466835277683, 43.574037339371635], [1.542344930165688, 43.573963711045764], [1.542367392318821, 43.57405400264558], [1.54221799931464, 43.5740879933296], [1.542216171650869, 43.57415996087914], [1.542117642301903, 43.5741406401502], [1.542237719857317, 43.5742862362965], [1.542041117749832, 43.57422960289712], [1.541989796591032, 43.57430090596056], [1.541967791929927, 43.574192622379805], [1.541715298260301, 43.574387210301246], [1.541546185733789, 43.57422295698866], [1.541543442966701, 43.57433090830748], [1.541471488790876, 43.57423995179346], [1.541297805359136, 43.57425561695854], [1.541295976536483, 43.57432758450098], [1.541493035389365, 43.57436622736557], [1.541045309141543, 43.5744502033309], [1.541066397601358, 43.574594470894375], [1.540942206509203, 43.574610800405814], [1.540939462587864, 43.57471875173854], [1.540815271190751, 43.57473508110624], [1.540862935439437, 43.5748077136911], [1.540738743828106, 43.57482404297231], [1.540734627353051, 43.574985969990706], [1.54053665198508, 43.57498330951505], [1.540582028908409, 43.57514590169843], [1.540429887098991, 43.575287841315024], [1.540578369407183, 43.575289836851965], [1.540679644653734, 43.57520120762236], [1.540751598779788, 43.575292164721844]], [[1.542197437833019, 43.57489762846794], [1.542172234004477, 43.57491528815853], [1.542172690940631, 43.57489729626155], [1.542197437833019, 43.57489762846794]], [[1.54239861103905, 43.574774342636566], [1.542350944875169, 43.57470171072738], [1.54255028980447, 43.57465039220821], [1.542548462539354, 43.57472235979152], [1.542499425734121, 43.5747037036372], [1.54239861103905, 43.574774342636566]], [[1.542473765243358, 43.574739355291555], [1.542522802070705, 43.57475801145792], [1.542473308402818, 43.57475734718783], [1.542473765243358, 43.574739355291555]], [[1.540934889362701, 43.574898670644245], [1.540862478093519, 43.57482570558146], [1.540936718656206, 43.57482670307928], [1.540934889362701, 43.574898670644245]], [[1.540610435319603, 43.57500229912723], [1.540634724829359, 43.57502062358145], [1.540609977893, 43.57502029101896], [1.540610435319603, 43.57500229912723]], [[1.540609977893, 43.57502029101896], [1.540584773522285, 43.57503795034267], [1.540585230956928, 43.575019958450824], [1.540609977893, 43.57502029101896]], [[1.540480296139626, 43.57525252272769], [1.540554079801511, 43.57527151238171], [1.540479838670244, 43.57527051462201], [1.540480296139626, 43.57525252272769]], [[1.540976151536197, 43.57522318970594], [1.540927114814136, 43.575204532835215], [1.540976608849657, 43.57520519781012], [1.540976151536197, 43.57522318970594]], [[1.541076054206299, 43.57518853579625], [1.541052221773969, 43.57515221954313], [1.54107696876976, 43.57515255200487], [1.541076054206299, 43.57518853579625]], [[1.540705306465112, 43.57516555638045], [1.540658099530995, 43.57507493181547], [1.540756172610733, 43.57511224577458], [1.540705306465112, 43.57516555638045]], [[1.541078340612803, 43.575098576319476], [1.541006843513969, 43.57498962755547], [1.541157154091035, 43.57491965472992], [1.541251569428548, 43.575100903391615], [1.541078340612803, 43.575098576319476]], [[1.541005928909148, 43.575025611342184], [1.540980267347016, 43.57506126265165], [1.540981181968489, 43.57502527886426], [1.541005928909148, 43.575025611342184]], [[1.540981181968489, 43.57502527886426], [1.540956892346176, 43.57500695448746], [1.540981639278796, 43.57500728697091], [1.540981181968489, 43.57502527886426]], [[1.540732797801128, 43.575057937560246], [1.540782749080917, 43.57504061073069], [1.540782291708012, 43.57505860262363], [1.540732797801128, 43.575057937560246]], [[1.540733255189539, 43.57503994566752], [1.540684676106281, 43.57500329679746], [1.5407341699655, 43.57500396188275], [1.540733255189539, 43.57503994566752]], [[1.540883566231816, 43.57496997321813], [1.540859276664061, 43.57495164882022], [1.540884023572274, 43.57495198132589], [1.540883566231816, 43.57496997321813]], [[1.541750165540318, 43.57496361547209], [1.54167638187852, 43.574944626634725], [1.541750622609134, 43.574945623576276], [1.541750165540318, 43.57496361547209]], [[1.541850981365653, 43.57489297706531], [1.542025123556804, 43.574859319112754], [1.541849610253963, 43.57494695275275], [1.541850981365653, 43.57489297706531]], [[1.541381247719433, 43.57486867078648], [1.541357872417686, 43.574814362715884], [1.541382619269608, 43.57481469510791], [1.541381247719433, 43.57486867078648]], [[1.541060452933085, 43.57482836546289], [1.540989413510153, 43.57470142481803], [1.541162641123906, 43.574703752031354], [1.541210763022584, 43.57475839257098], [1.541060452933085, 43.57482836546289]], [[1.541431655806712, 43.574833351767914], [1.541481149528068, 43.574834016512725], [1.541505439244549, 43.57485234077006], [1.541431655806712, 43.574833351767914]], [[1.542051241353288, 43.574805675666084], [1.541854637650889, 43.574749041908696], [1.541704328370667, 43.57481901569124], [1.541783596570043, 43.574622101790304], [1.541956366974992, 43.57464241962945], [1.542051241353288, 43.574805675666084]], [[1.541783596570043, 43.574622101790304], [1.541759763925278, 43.574585785706745], [1.541784510680996, 43.57458611800715], [1.541783596570043, 43.574622101790304]], [[1.541902303226154, 43.57482167403811], [1.541853723581299, 43.5747850256965], [1.541903217265878, 43.574785690248945], [1.541902303226154, 43.57482167403811]], [[1.542373407326517, 43.574792002372355], [1.54234911735852, 43.574773678309896], [1.542373864198642, 43.574774010476055], [1.542373407326517, 43.574792002372355]], [[1.542153427353075, 43.574681061304304], [1.542277618252683, 43.574664730407086], [1.542325284293089, 43.57473736234658], [1.542176346419552, 43.57475336109365], [1.542153427353075, 43.574681061304304]], [[1.541064111196216, 43.574684430339346], [1.541039821691645, 43.57466610598542], [1.541064568477817, 43.574666438449896], [1.541064111196216, 43.574684430339346]], [[1.5412144209044, 43.574614457449364], [1.541262542777512, 43.57466909796264], [1.541213049200868, 43.57466843311828], [1.5412144209044, 43.574614457449364]], [[1.541982484737046, 43.57458877620743], [1.542080100884196, 43.5746440808512], [1.542030150340993, 43.574661408272625], [1.541982484737046, 43.57458877620743]], [[1.542130051397246, 43.57462675340701], [1.542105761576844, 43.57460842929221], [1.542130508344324, 43.574608761513794], [1.542130051397246, 43.57462675340701]], [[1.542649733743304, 43.57463372875988], [1.542625443754075, 43.574615404761225], [1.542650190527569, 43.574615736864395], [1.542649733743304, 43.57463372875988]], [[1.542477419957372, 43.57459542012933], [1.542303735724707, 43.574611086906955], [1.542305106401409, 43.574557111226405], [1.542477419957372, 43.57459542012933]], [[1.541289575621088, 43.57457947092765], [1.54126528608896, 43.57456114662552], [1.541290032831193, 43.57456147903858], [1.541289575621088, 43.57457947092765]], [[1.54141330937532, 43.57458113290898], [1.541389934160321, 43.57452682485614], [1.541488921074682, 43.57452815436095], [1.541488463927174, 43.574546146250455], [1.54141330937532, 43.57458113290898]], [[1.542479704144324, 43.57450546066022], [1.542156168989881, 43.57457310994378], [1.542233150735324, 43.574466155202686], [1.542479704144324, 43.57450546066022]], [[1.541538414533583, 43.57452881907954], [1.54161356894071, 43.57449383233571], [1.541612197615338, 43.574547808005136], [1.541538414533583, 43.57452881907954]], [[1.541861036105937, 43.57449715541896], [1.541834918272083, 43.57455079880837], [1.541761135112816, 43.57453181003402], [1.541762049236409, 43.574495826253326], [1.541861036105937, 43.57449715541896]], [[1.54168689491716, 43.57453081309995], [1.541663062371464, 43.574494496997474], [1.54168780908727, 43.574494829319896], [1.54168689491716, 43.57453081309995]], [[1.5425534875074, 43.57452444894604], [1.542578691047076, 43.57450678917178], [1.542602980975427, 43.57452511317949], [1.5425534875074, 43.57452444894604]], [[1.541688266171896, 43.574476837430204], [1.541663976555934, 43.57445851321854], [1.541688723256234, 43.57445884554074], [1.541688266171896, 43.574476837430204]], [[1.542184571180107, 43.574429507018145], [1.542087412255743, 43.57435621058667], [1.542234978387558, 43.57439418763752], [1.542184571180107, 43.574429507018145]], [[1.542333965092785, 43.57439551637203], [1.542335792616391, 43.57432354880873], [1.542385285908699, 43.57432421314126], [1.542409118840571, 43.57436052908095], [1.542333965092785, 43.57439551637203]], [[1.542484272496753, 43.57432554173873], [1.542460439531866, 43.574289225816415], [1.542485186163802, 43.574289557957115], [1.542484272496753, 43.57432554173873]], [[1.541940303323394, 43.57430024144779], [1.541916013701703, 43.57428191729474], [1.541940760327339, 43.57428224955947], [1.541940303323394, 43.57430024144779]], [[1.542215257817265, 43.574195944655244], [1.54219096815194, 43.574177620565024], [1.54221571473421, 43.57417795276708], [1.542215257817265, 43.574195944655244]], [[1.548268905029476, 43.57366510848055], [1.548245068679621, 43.573628793844414], [1.548269815060277, 43.57362912466689], [1.548268905029476, 43.57366510848055]], [[1.548356338880144, 43.573144335695204], [1.548332502691203, 43.57310802109145], [1.548357248847888, 43.573108351893886], [1.548356338880144, 43.573144335695204]], [[1.548268274474981, 43.57271120690425], [1.548243983505927, 43.57269288418676], [1.548268729483161, 43.57269321500928], [1.548268274474981, 43.57271120690425]], [[1.548244438521574, 43.57267489229212], [1.548220602598322, 43.57263857767567], [1.548245348552014, 43.5726389085035], [1.548244438521574, 43.57267489229212]]], [[[1.548652110329125, 43.57417417441002], [1.548753826009739, 43.574067545806926], [1.548680950962514, 43.57401257791274], [1.548629183338551, 43.57410187601664], [1.548652110329125, 43.57417417441002]]], [[[1.548795586640505, 43.57437406979054], [1.549350471913379, 43.57396752971447], [1.549648339500227, 43.57393551235779], [1.549400874306401, 43.5739322070195], [1.549525970771321, 43.573879884013145], [1.549452185930776, 43.57386090047268], [1.549001291749688, 43.57407085261985], [1.548828975415448, 43.5740325540816], [1.54889775723218, 43.57424944912115], [1.548795586640505, 43.57437406979054]]], [[[1.541921040811476, 43.574084006539195], [1.542067235244887, 43.57417595947014], [1.542046601392382, 43.57401370025761], [1.542019569997079, 43.57410332744573], [1.541921040811476, 43.574084006539195]]], [[[1.548738815246712, 43.574661279094386], [1.548959262677778, 43.574754214898476], [1.548887751051996, 43.57464527134912], [1.548738815246712, 43.574661279094386]]], [[[1.551955451479815, 43.57472221607918], [1.551805154582624, 43.57479220383893], [1.552003129811724, 43.574794843773645], [1.551955451479815, 43.57472221607918]]], [[[1.547024453563765, 43.57490832520774], [1.546951123667016, 43.57487134803751], [1.546972682555422, 43.57499762257771], [1.546398490740665, 43.57518791651638], [1.546296313053467, 43.57531253491597], [1.547996865631287, 43.574633363247656], [1.54824842903486, 43.57447474452372], [1.54823232792752, 43.57413256731367], [1.548080662798512, 43.5742565256324], [1.548076111990573, 43.57443644478018], [1.547952833476576, 43.574416798474516], [1.547927631629622, 43.57443445949476], [1.547950557869512, 43.57450675805296], [1.547699903906528, 43.574629392256604], [1.547626118706527, 43.574610407465656], [1.547775965045159, 43.574558417414025], [1.547753039004514, 43.57448611881636], [1.547553244049957, 43.57455543879401], [1.547075769012291, 43.57483701973524], [1.547350261434546, 43.5747507018195], [1.547299401732813, 43.57480401550007], [1.547024453563765, 43.57490832520774]], [[1.548000506491093, 43.574489427910564], [1.547976214855097, 43.57447110511049], [1.548001416703192, 43.57445344407853], [1.548000506491093, 43.574489427910564]], [[1.54770263511131, 43.57452144076019], [1.547726926681289, 43.57453976362211], [1.547702179911227, 43.5745394326757], [1.54770263511131, 43.57452144076019]], [[1.547350716746596, 43.57473270990281], [1.547451069995113, 43.574680058225084], [1.54757571462611, 43.574645729353634], [1.547449704153711, 43.57473403397509], [1.547350716746596, 43.57473270990281]], [[1.547272378166197, 43.57489364404467], [1.547248086591556, 43.57487532107659], [1.54727283350379, 43.57487565212652], [1.547272378166197, 43.57489364404467]]], [[[1.550491297509971, 43.574864664810775], [1.551780407680267, 43.57479187382173], [1.551806516330411, 43.57473822803208], [1.550491297509971, 43.574864664810775]]], [[[1.54622161609918, 43.575329533000634], [1.54612034918244, 43.57541816740569], [1.546271110303684, 43.57533019556284], [1.54622161609918, 43.575329533000634]]], [[[1.547403558419824, 43.57557932330603], [1.547306846218062, 43.57548803955895], [1.547183110338856, 43.5754863842909], [1.547279367000108, 43.57559566007502], [1.54735406398747, 43.57557866125974], [1.547277545633372, 43.57566762778508], [1.547376534650863, 43.57566895192487], [1.547403558419824, 43.57557932330603]], [[1.547255530474624, 43.575559345172934], [1.547281188362278, 43.575523692368506], [1.547280277681764, 43.57555967622132], [1.547255530474624, 43.575559345172934]], [[1.547376989961962, 43.5756509599966], [1.547352698033482, 43.57563263704226], [1.547377445272776, 43.57563296806854], [1.547376989961962, 43.5756509599966]]], [[[1.545696457000436, 43.57553847775608], [1.545495744099728, 43.575643777841115], [1.545770698568739, 43.57553947195009], [1.545696457000436, 43.57553847775608]]], [[[1.545495744099728, 43.575643777841115], [1.545271195128776, 43.575712762221485], [1.545245535908332, 43.575748414555726], [1.545369728237241, 43.57573208011062], [1.545495744099728, 43.575643777841115]]], [[[1.54257557256827, 43.575604627223356], [1.54225203133219, 43.57567227684426], [1.5423244454353, 43.575745241023576], [1.54257557256827, 43.575604627223356]]], [[[1.542423891336227, 43.57572857776935], [1.542519225674422, 43.575873841610274], [1.54261730132866, 43.57591115390952], [1.542618671741583, 43.57585717817621], [1.542423891336227, 43.57572857776935]]], [[[1.544970579484412, 43.575852719132435], [1.544696534368265, 43.575921039179576], [1.544526496383355, 43.57579277416937], [1.544472439576397, 43.57597203000078], [1.54457006047434, 43.57602733245981], [1.544970579484412, 43.575852719132435]]], [[[1.542590269930909, 43.57600078135803], [1.542517855167601, 43.57592781734298], [1.542445440588368, 43.575854853283346], [1.542516027821164, 43.5759997849897], [1.542590269930909, 43.57600078135803]]], [[[1.545091701683473, 43.57693422413934], [1.545388219205991, 43.57695619420429], [1.545435891084618, 43.577028824894356], [1.54528786008657, 43.5770088440593], [1.545261288326967, 43.57708048030356], [1.545433155497978, 43.577136776522025], [1.546077056113586, 43.57712740081208], [1.547179169100081, 43.57662020709959], [1.54728134719828, 43.576495587756064], [1.547604887147125, 43.576427923114586], [1.54763191091684, 43.576338294391576], [1.547779941001589, 43.5763582720225], [1.548034243219137, 43.57609170198795], [1.548132322829847, 43.57612900931268], [1.548483791911459, 43.575935729368425], [1.548586875825403, 43.57577512498687], [1.548263795747618, 43.57582480058867], [1.548091929728669, 43.57576850890079], [1.548074008828368, 43.57549829907441], [1.547877396812982, 43.57544167619233], [1.547732100244884, 43.575313747150275], [1.547782959996366, 43.57526043324818], [1.547536399714532, 43.57522113980913], [1.547487816135071, 43.575184493977524], [1.547562967774556, 43.57514950310097], [1.547539131254923, 43.575113188272404], [1.546286744404334, 43.57569036527271], [1.546062651925412, 43.575741359366795], [1.545137882547129, 43.57608893499429], [1.544236936935884, 43.576472818423696], [1.544578841186087, 43.57665738149943], [1.544552268704403, 43.57672901755268], [1.545091701683473, 43.57693422413934]], [[1.547958635501041, 43.57614468515021], [1.547861011139303, 43.57608938573244], [1.547960000897496, 43.57609070934083], [1.547958635501041, 43.57614468515021]], [[1.5481900088247, 43.57580581616502], [1.548164806440935, 43.57582347725738], [1.548165261506211, 43.57580548532384], [1.5481900088247, 43.57580581616502]], [[1.54806763752226, 43.57575018610484], [1.54804243512527, 43.57576784716813], [1.548042890228456, 43.57574985523581], [1.54806763752226, 43.57575018610484]], [[1.547536399714532, 43.57522113980913], [1.547511197386366, 43.57523880074263], [1.54751165265185, 43.57522080881917], [1.547536399714532, 43.57522113980913]], [[1.545286367090705, 43.576090924095915], [1.546235882882451, 43.5757436784901], [1.546556686416455, 43.57578396855268], [1.546684522680433, 43.575623697201344], [1.546807803352083, 43.57564334496314], [1.546809625306926, 43.57557137726217], [1.547278000975485, 43.575649635857225], [1.547084577041913, 43.5754670680502], [1.547183110338856, 43.5754863842909], [1.547411753810697, 43.57525546864921], [1.547624917681414, 43.5756362780212], [1.54782107494214, 43.575710893298684], [1.547745922725069, 43.575745884367485], [1.547766573308922, 43.57590814269237], [1.547618544389519, 43.57588816504947], [1.547375624027809, 43.57570493578214], [1.547421931488148, 43.57583154132752], [1.547544757598541, 43.57586918018662], [1.547541570770797, 43.57599512371336], [1.547191919646186, 43.57611643288181], [1.547090652839463, 43.5762050682401], [1.546742366028929, 43.57627240017375], [1.546862915250512, 43.57639999948709], [1.546666756880538, 43.576325382443336], [1.546763013965677, 43.57643465874885], [1.546388610887173, 43.57655563420184], [1.546436283698849, 43.57662826443256], [1.546087537829935, 43.5767135862236], [1.546113652673904, 43.57665994173089], [1.545915671284172, 43.57665729105718], [1.546017396447108, 43.576550664832745], [1.54566773871811, 43.576671969141266], [1.545571483319968, 43.57656269184703], [1.545471125056547, 43.576615341856986], [1.545517884953327, 43.576723956360595], [1.545421173821699, 43.576632670861756], [1.545121921805647, 43.57671865248014], [1.545748363364682, 43.57642107630008], [1.545577409788491, 43.57632879674976], [1.545451392547918, 43.576417099156075], [1.545228208471894, 43.57643210769405], [1.545231856387548, 43.57628817226972], [1.545105382675978, 43.576394466200455], [1.545107206788874, 43.57632249849045], [1.544959177726567, 43.57630251721724], [1.545010040929217, 43.576249204577024], [1.544986661632479, 43.57619489723533], [1.545083827370368, 43.57626819116689], [1.545232312375718, 43.57627018034269], [1.545184185382108, 43.57621554152752], [1.545258427817147, 43.57621653607216], [1.545286367090705, 43.576090924095915]], [[1.546990752031346, 43.57623972770662], [1.547039791608144, 43.57625838185302], [1.546990296594527, 43.576257719640665], [1.546990752031346, 43.57623972770662]], [[1.546436739312241, 43.57661027249622], [1.546486690221035, 43.57659294302465], [1.546486234623436, 43.576610934960996], [1.546436739312241, 43.57661027249622]], [[1.546486690221035, 43.57659294302465], [1.546511893458867, 43.57657528231225], [1.546511437869307, 43.57659327424846], [1.546486690221035, 43.57659294302465]], [[1.545121921805647, 43.57671865248014], [1.545096718077263, 43.576736312871766], [1.545097174111347, 43.57671832093968], [1.545121921805647, 43.57671865248014]], [[1.545096718077263, 43.576736312871766], [1.545046766624135, 43.57675364170579], [1.545047222674012, 43.57673564977371], [1.545096718077263, 43.576736312871766]], [[1.545548103364434, 43.57650838461435], [1.545523811656875, 43.57649006124004], [1.545548559255238, 43.57649039268324], [1.545548103364434, 43.57650838461435]], [[1.544959177726567, 43.57630251721724], [1.544933974130815, 43.576320177566], [1.544934430212598, 43.57630218563981], [1.544959177726567, 43.57630251721724]], [[1.544986205567917, 43.5762128891604], [1.544961002019829, 43.576230549514314], [1.54496145809243, 43.57621255758914], [1.544986205567917, 43.5762128891604]], [[1.545235048298739, 43.576162228785165], [1.545209844849444, 43.57617988919619], [1.545210300843653, 43.5761618972706], [1.545235048298739, 43.576162228785165]], [[1.545209844849444, 43.57617988919619], [1.545184641384642, 43.5761975496016], [1.545185097386891, 43.57617955767589], [1.545209844849444, 43.57617988919619]], [[1.545210300843653, 43.5761618972706], [1.54518600939053, 43.576143573825156], [1.545210756837576, 43.576143905345226], [1.545210300843653, 43.5761618972706]], [[1.544749337992398, 43.57676765457355], [1.544626967973955, 43.57671202059959], [1.544750250278523, 43.576731670711766], [1.544749337992398, 43.57676765457355]], [[1.545632050258359, 43.57710344419762], [1.545582098647375, 43.57712077328228], [1.545582554532388, 43.57710278134336], [1.545632050258359, 43.57710344419762]], [[1.545953772505028, 43.57710775220056], [1.545928568861723, 43.57712541278997], [1.545929024638185, 43.57710742084955], [1.545953772505028, 43.57710775220056]], [[1.545583466301558, 43.57706679746617], [1.545658621565926, 43.577031807861545], [1.545658165705316, 43.577049799799894], [1.545583466301558, 43.57706679746617]], [[1.545336899767024, 43.57702749898457], [1.545311695969179, 43.577045159429865], [1.54531215193834, 43.57702716749303], [1.545336899767024, 43.57702749898457]], [[1.545536250103206, 43.57697617490181], [1.545461094837085, 43.577011164420426], [1.545438170732294, 43.576938865210785], [1.545536250103206, 43.57697617490181]], [[1.545561453801682, 43.576958514405256], [1.545687016211171, 43.57688820377444], [1.545710852296195, 43.57692451905435], [1.545561453801682, 43.576958514405256]], [[1.545019738622745, 43.57684326981144], [1.544969330978175, 43.57687859054467], [1.544970243128166, 43.576842606678255], [1.545019738622745, 43.57684326981144]], [[1.545838237659398, 43.57678224050719], [1.545861162205496, 43.57685453962453], [1.545786463115923, 43.57687153742813], [1.545762627005067, 43.57683522216615], [1.545838237659398, 43.57678224050719]], [[1.546086170658111, 43.576767562032785], [1.545886365750615, 43.57683687905407], [1.546062790132243, 43.576713254903154], [1.546086170658111, 43.576767562032785]], [[1.545691118853443, 43.576726276354385], [1.545840972467402, 43.576674288895966], [1.54569020715716, 43.57676226022393], [1.545691118853443, 43.576726276354385]], [[1.545251132109894, 43.57650440692255], [1.545175065271402, 43.576575380092976], [1.545126938076416, 43.576520741240834], [1.545251132109894, 43.57650440692255]], [[1.54512648205323, 43.57653873317056], [1.545101278405239, 43.57655639356104], [1.545101734436465, 43.57653840163119], [1.54512648205323, 43.57653873317056]], [[1.545251132109894, 43.57650440692255], [1.545277247640291, 43.57645076263875], [1.545300627316126, 43.57650506992757], [1.545251132109894, 43.57650440692255]], [[1.545673664805739, 43.57643807402096], [1.545648461370274, 43.57645573453717], [1.545648917229208, 43.57643774260629], [1.545673664805739, 43.57643807402096]], [[1.547506352092213, 43.576408607243884], [1.547481149233492, 43.576426268185], [1.54748160451781, 43.5764082762468], [1.547506352092213, 43.576408607243884]], [[1.546987108528801, 43.576383663185155], [1.546963727307002, 43.57632935626397], [1.547063172872993, 43.57631268875515], [1.547062262043307, 43.576348672625876], [1.546987108528801, 43.576383663185155]], [[1.547606252882921, 43.57637394729902], [1.547581050070151, 43.576391608262895], [1.547581505322884, 43.576373616324716], [1.547606252882921, 43.57637394729902]], [[1.546938979769893, 43.576329025143245], [1.546913776771563, 43.57634668595174], [1.54691423223307, 43.576328694016915], [1.546938979769893, 43.576329025143245]], [[1.547165806057053, 43.57617007761352], [1.547312014203451, 43.57626202361779], [1.547211202693793, 43.57633266716089], [1.547136960074759, 43.576331673951024], [1.547237316314464, 43.57627902241221], [1.547165806057053, 43.57617007761352]], [[1.547312014203451, 43.57626202361779], [1.547361964545007, 43.57624469374789], [1.54736150922449, 43.576262685683545], [1.547312014203451, 43.57626202361779]], [[1.547163984529729, 43.576242045350455], [1.547088375810438, 43.576295027912415], [1.547089286622904, 43.576259044042814], [1.547163984529729, 43.576242045350455]], [[1.547139237029104, 43.576241714275376], [1.54711494492653, 43.57622339126033], [1.547139692419116, 43.57622372234091], [1.547139237029104, 43.576241714275376]], [[1.545084739438892, 43.576232207314796], [1.545135602462641, 43.576178894618366], [1.545109486923563, 43.57623253885797], [1.545084739438892, 43.576232207314796]], [[1.547411914856406, 43.576227363855224], [1.547386712048202, 43.5762450247722], [1.54738716736068, 43.576227032836655], [1.547411914856406, 43.576227363855224]], [[1.547487067907369, 43.5761923730058], [1.547461865137647, 43.57621003393979], [1.547462320426294, 43.57619204200438], [1.547487067907369, 43.5761923730058]], [[1.547314290880717, 43.57617206394283], [1.547289088066757, 43.576189724836496], [1.547289543409393, 43.57617173290206], [1.547314290880717, 43.57617206394283]], [[1.547412825464999, 43.5761913799846], [1.547463231002732, 43.57615605813422], [1.547462775714656, 43.576174050069184], [1.547412825464999, 43.5761913799846]], [[1.547537018135478, 43.57617504305622], [1.54751181538873, 43.5761927040016], [1.547512270661585, 43.576174712066184], [1.547537018135478, 43.57617504305622]], [[1.547364241143312, 43.57615473407298], [1.547339038352327, 43.57617239497801], [1.54733949367917, 43.57615440304357], [1.547364241143312, 43.57615473407298]], [[1.547562676123496, 43.57613939017007], [1.547586968333428, 43.57615771308389], [1.547561765609656, 43.57617537404063], [1.547562676123496, 43.57613939017007]], [[1.547612171041694, 43.57614005212153], [1.547637373734453, 43.57612239115352], [1.547636918501221, 43.57614038308879], [1.547612171041694, 43.57614005212153]], [[1.547389899229556, 43.57611908122813], [1.547364696462116, 43.576136742138665], [1.547365151780636, 43.57611875020456], [1.547389899229556, 43.57611908122813]], [[1.547464141578029, 43.57612007426495], [1.547438938832993, 43.57613773519274], [1.547439394128252, 43.57611974325831], [1.547464141578029, 43.57612007426495]], [[1.547687323856296, 43.57610506113566], [1.547563586636194, 43.57610340630039], [1.547564041892115, 43.57608541436586], [1.547663942085572, 43.57605075437574], [1.547687323856296, 43.57610506113566]], [[1.547691876014997, 43.57592514179526], [1.547766118117881, 43.57592613462553], [1.547813792149575, 43.5759987642198], [1.547739094751718, 43.576015763356224], [1.547691876014997, 43.57592514179526]], [[1.548139148968065, 43.575859130277955], [1.548187733534238, 43.57589577583539], [1.548039249394979, 43.57589379070056], [1.548139148968065, 43.575859130277955]], [[1.548040614709672, 43.5758398148996], [1.548116221950584, 43.5757868316915], [1.548114401626886, 43.575858799425184], [1.548040614709672, 43.5758398148996]], [[1.546458152819525, 43.5757646517397], [1.546433861136205, 43.575746328578404], [1.546459064018608, 43.57572866788867], [1.546458152819525, 43.5757646517397]], [[1.54641002508301, 43.575710013486926], [1.546384822193711, 43.57572767416507], [1.546385277816084, 43.575709682240216], [1.54641002508301, 43.575710013486926]], [[1.546634572674704, 43.5756410267522], [1.546608914333033, 43.57567667940677], [1.546609825436221, 43.57564069555665], [1.546634572674704, 43.5756410267522]], [[1.5467839671051, 43.57560702995636], [1.54675876437605, 43.57562469071999], [1.54675921988041, 43.57560669879484], [1.5467839671051, 43.57560702995636]], [[1.546982855781204, 43.57557369519379], [1.546957653127973, 43.57559135600318], [1.546958108569736, 43.57557336407762], [1.546982855781204, 43.57557369519379]], [[1.547035538126524, 43.575448413934325], [1.5470103355445, 43.575466074754395], [1.547010790968759, 43.575448082830185], [1.547035538126524, 43.575448413934325]], [[1.546986499243004, 43.57542975979652], [1.546962207532756, 43.575411436757655], [1.5469874101056, 43.575393775949436], [1.546986499243004, 43.57542975979652]], [[1.547287107757791, 43.575289797347075], [1.547237158224484, 43.57530712717102], [1.547237613576394, 43.575289135247864], [1.547287107757791, 43.575289797347075]], [[1.547362259657459, 43.57525480660683], [1.547336601940329, 43.575290459423705], [1.547337512581268, 43.57525447557717], [1.547362259657459, 43.57525480660683]]], [[[1.543045856541111, 43.57658283189088], [1.543397345525773, 43.57638956834603], [1.544345508890776, 43.57609631494474], [1.543547656854512, 43.576319592143975], [1.543400541467259, 43.57626362490653], [1.543272694610037, 43.57642389246375], [1.543099005062401, 43.57643956053312], [1.542902851449759, 43.57636493668955], [1.542787335398465, 43.57603942191923], [1.542664512043231, 43.57600177767562], [1.542565065738889, 43.57601844115334], [1.54294549592619, 43.57663547956785], [1.542948236166884, 43.576527528040536], [1.543045856541111, 43.57658283189088]], [[1.542614560495085, 43.57601910538221], [1.542638394275636, 43.57605542131439], [1.542613646881602, 43.576055089208204], [1.542614560495085, 43.57601910538221]], [[1.542708068685, 43.57623633674692], [1.542733272928694, 43.57621867691572], [1.542732816157713, 43.576236668831626], [1.542708068685, 43.57623633674692]], [[1.542899197689767, 43.57650887204329], [1.542949606283366, 43.57647355227989], [1.542948692872664, 43.576509536120106], [1.542899197689767, 43.57650887204329]], [[1.542759390681904, 43.57616503324805], [1.542735100009754, 43.576146709254395], [1.542759847443986, 43.57614704133294], [1.542759390681904, 43.57616503324805]]], [[[1.543482639578022, 43.576930653757735], [1.543600443901873, 43.57716620833108], [1.54349460429347, 43.57743475973614], [1.54379340603224, 43.57736677449309], [1.543839706932714, 43.577493381712], [1.543763637038779, 43.577564353942705], [1.543540904589779, 43.57756136708841], [1.543421273443253, 43.577397780117664], [1.543244841269482, 43.5775214000366], [1.542699014310606, 43.577568071227], [1.542554637573937, 43.57740415120829], [1.542755818796641, 43.577280864500324], [1.542731984433029, 43.57724454856295], [1.542177477571822, 43.577633063818396], [1.541830547532182, 43.57764640427296], [1.541778308893061, 43.57775369126785], [1.541901135415485, 43.57779133655949], [1.541304894025018, 43.57787332006291], [1.541374109226796, 43.578072228512674], [1.541278316894978, 43.57794495537569], [1.541129370407624, 43.57796095272267], [1.541252196947947, 43.5779985987536], [1.541395657049488, 43.57819850444072], [1.541344788763043, 43.578251815460504], [1.541419033764995, 43.578252812631014], [1.541703671835303, 43.57874258318576], [1.541676180554836, 43.578850202527434], [1.541750426336472, 43.57885119947183], [1.541754997320452, 43.57867128003725], [1.542004310577861, 43.57860263503595], [1.541814093001985, 43.578294113891914], [1.541993272741456, 43.578062544612315], [1.542091351793172, 43.5780998574433], [1.542167424464199, 43.5780288863574], [1.542389701762726, 43.57804986796639], [1.542461205297511, 43.57815881605193], [1.542806311234228, 43.57821744134074], [1.542926855791196, 43.578345045195206], [1.542929596148549, 43.578237093540054], [1.543053794520474, 43.578220761714874], [1.543106487869764, 43.578095482130756], [1.54390756121578, 43.57774626431228], [1.543798883384183, 43.57715087129394], [1.543922622753394, 43.57715253041945], [1.544115585963412, 43.57735309600718], [1.544462969936935, 43.57732175631958], [1.544484980504067, 43.57743003963046], [1.544609176687404, 43.577413706035905], [1.544762226083844, 43.57723577648071], [1.544809897402635, 43.577308407459654], [1.545009249185468, 43.57725708433416], [1.544987237695745, 43.57714880114255], [1.545257184446949, 43.577242407747256], [1.545234716501048, 43.57715211654488], [1.545135724975496, 43.577150790451626], [1.545139829191568, 43.576988863022784], [1.544648522441282, 43.576838295762805], [1.544625599428892, 43.57676599639035], [1.544575191609673, 43.576801316938756], [1.544552268704403, 43.57672901755268], [1.544330908277869, 43.57667205653185], [1.543808468650947, 43.57677304077276], [1.543613682472777, 43.57664444241777], [1.543561448077907, 43.576751730195504], [1.543488118057125, 43.57671475063974], [1.543237444921011, 43.576837374732726], [1.54293362143076, 43.57710326961238], [1.543157722005394, 43.57705228192609], [1.543110052989641, 43.57697965023493], [1.543260366213624, 43.576909674401755], [1.54340839625022, 43.57692965799874], [1.543356617794154, 43.57701895377052], [1.543429948118811, 43.57705593342288], [1.543434057139594, 43.57689400606924], [1.543560078530059, 43.5768057059743], [1.543700348369115, 43.577131551960655], [1.543482639578022, 43.576930653757735]], [[1.541908973010879, 43.57845737046745], [1.541883310475497, 43.578493022075364], [1.541884224585584, 43.5784570381945], [1.541908973010879, 43.57845737046745]], [[1.542091808780025, 43.57808186550678], [1.542067517509877, 43.578063541339425], [1.542092265766591, 43.57806387357052], [1.542091808780025, 43.57808186550678]], [[1.54295480120254, 43.578219433632896], [1.542930509598709, 43.57820110965678], [1.542955257919723, 43.57820144169126], [1.54295480120254, 43.578219433632896]], [[1.542930509598709, 43.57820110965678], [1.542906218010387, 43.57818278567547], [1.54293096632336, 43.5781831177155], [1.542930509598709, 43.57820110965678]], [[1.544762226083844, 43.57723577648071], [1.544738846619752, 43.5771814690484], [1.544788342403823, 43.57718213228719], [1.544762226083844, 43.57723577648071]], [[1.544961121576791, 43.577202445382646], [1.544935917586533, 43.577220105742896], [1.544936373674857, 43.57720211380545], [1.544961121576791, 43.577202445382646]], [[1.544962033737074, 43.5771664615082], [1.544937741938115, 43.57714813799441], [1.544962489816787, 43.57714846957129], [1.544962033737074, 43.5771664615082]], [[1.543637060653742, 43.57669875007199], [1.543611399977721, 43.57673440204459], [1.543612312976601, 43.576698418193196], [1.543637060653742, 43.57669875007199]], [[1.543334609513014, 43.576910670261924], [1.543359813860031, 43.576893010277075], [1.54335935728005, 43.57691100220403], [1.543334609513014, 43.576910670261924]], [[1.543700348369115, 43.577131551960655], [1.543723726830438, 43.57718585961463], [1.543698978942806, 43.577185527755475], [1.543700348369115, 43.577131551960655]], [[1.543723726830438, 43.57718585961463], [1.543747561797069, 43.57722217533289], [1.543722813893643, 43.57722184347915], [1.543723726830438, 43.57718585961463]], [[1.54156386654821, 43.57839874231769], [1.541539575312498, 43.57838041802823], [1.541564323702766, 43.57838075037967], [1.54156386654821, 43.57839874231769]], [[1.541517569936884, 43.578272134049], [1.541493278769525, 43.57825380975079], [1.541518027104942, 43.578254142112755], [1.541517569936884, 43.578272134049]], [[1.541816378375606, 43.578204154205345], [1.541792087141631, 43.578185829974814], [1.54181683544947, 43.57818616226869], [1.541816378375606, 43.578204154205345]], [[1.541866332066009, 43.57818682683952], [1.54184204082342, 43.57816850262041], [1.541866789124079, 43.57816883490289], [1.541866332066009, 43.57818682683952]], [[1.542831973073183, 43.57818178952158], [1.542809051812174, 43.578109489698214], [1.542833800092987, 43.57810982176036], [1.542831973073183, 43.57818178952158]], [[1.54209272275287, 43.57804588163445], [1.542068431497658, 43.57802755746775], [1.542093179738864, 43.578027889698625], [1.54209272275287, 43.57804588163445]], [[1.543210960610247, 43.57788090679532], [1.542813162659768, 43.57794756224949], [1.543312236363421, 43.577792274951236], [1.543210960610247, 43.57788090679532]], [[1.542838367622454, 43.577929902372915], [1.542814076178306, 43.57791157837445], [1.542838824373826, 43.5779119104354], [1.542838367622454, 43.577929902372915]], [[1.543312236363421, 43.577792274951236], [1.543362189243894, 43.5777749469024], [1.543361732657643, 43.57779293884042], [1.543312236363421, 43.577792274951236]], [[1.542689421608924, 43.57794590185908], [1.542640838817684, 43.57790925378992], [1.542690335205001, 43.57790991798511], [1.542689421608924, 43.57794590185908]], [[1.542592712916526, 43.577854613764195], [1.5426412956308, 43.57789126185348], [1.542591342431511, 43.57790858957217], [1.542592712916526, 43.577854613764195]], [[1.54256842158265, 43.57783628971174], [1.542544587106981, 43.57779997371921], [1.542569335252828, 43.577800305841556], [1.54256842158265, 43.57783628971174]], [[1.542297105664261, 43.577796652185825], [1.542174735828946, 43.57774101540924], [1.542298933342352, 43.57772468445285], [1.542297105664261, 43.577796652185825]], [[1.543534969696437, 43.57779526227493], [1.543560630894135, 43.57775961029407], [1.54355971784598, 43.57779559417159], [1.543534969696437, 43.57779526227493]], [[1.54361104017906, 43.577724290193], [1.543386937383681, 43.57777527883843], [1.543562913509513, 43.577669650604165], [1.54361104017906, 43.577724290193]], [[1.54200241303293, 43.57770270594227], [1.542050995241795, 43.57773935429173], [1.542001041996514, 43.577756681737085], [1.54200241303293, 43.57770270594227]], [[1.542471713267325, 43.577745001516085], [1.542373177679115, 43.577725680970794], [1.542472170132142, 43.577727009582425], [1.542471713267325, 43.577745001516085]], [[1.541952459804876, 43.57772003336484], [1.541829176335514, 43.57770038006351], [1.541952916832236, 43.57770204143369], [1.541952459804876, 43.57772003336484]], [[1.54366327536619, 43.57761700231885], [1.543710489134877, 43.57770762573777], [1.543635788298447, 43.57772462207231], [1.54366327536619, 43.57761700231885]], [[1.542820470776005, 43.57765969127413], [1.54279617945191, 43.57764136727511], [1.542820927530836, 43.57764169934007], [1.542820470776005, 43.57765969127413]], [[1.542846132356839, 43.57762403946545], [1.542919919849403, 43.57764302754353], [1.542845218862971, 43.57766002333357], [1.542846132356839, 43.57762403946545]], [[1.542551896551239, 43.57751210279147], [1.542524407450211, 43.57761972225579], [1.542401580886253, 43.57758207767348], [1.542477652487599, 43.577511106395846], [1.542551896551239, 43.57751210279147]], [[1.542551896551239, 43.57751210279147], [1.542577101403104, 43.57749444298086], [1.542576644573026, 43.57751243491205], [1.542551896551239, 43.57751210279147]], [[1.543044116938815, 43.57762669573616], [1.54294603807623, 43.57758938377781], [1.543045030307477, 43.5775907118672], [1.543044116938815, 43.57762669573616]], [[1.543144935848793, 43.57755605599743], [1.543193518662936, 43.577592703832124], [1.543119274483919, 43.57759170787504], [1.543144935848793, 43.57755605599743]], [[1.543119731144559, 43.577573715940574], [1.543095439761321, 43.57755539200956], [1.543120187804914, 43.57755572400632], [1.543119731144559, 43.577573715940574]], [[1.542649518217934, 43.577567407035914], [1.542625226987457, 43.57754908299981], [1.54264997502561, 43.57754941510372], [1.542649518217934, 43.577567407035914]], [[1.543771396793856, 43.577258491046834], [1.543747105335996, 43.57724016726559], [1.543771853247462, 43.577240499113785], [1.543771396793856, 43.577258491046834]], [[1.544169645185155, 43.57717384018121], [1.544267267835109, 43.577229142958615], [1.5441435282908, 43.577227484225666], [1.544169645185155, 43.57717384018121]], [[1.544965226289061, 43.57704051795463], [1.54483920654448, 43.57712881969437], [1.544665059118834, 43.57716248221211], [1.544793359865118, 43.576984220999506], [1.544965226289061, 43.57704051795463]], [[1.543800252715732, 43.57709689549917], [1.543726465633959, 43.57707790802637], [1.543800709159009, 43.57707890356804], [1.543800252715732, 43.57709689549917]], [[1.543850204843806, 43.5770795672343], [1.543826369871453, 43.57704325154216], [1.543851117698487, 43.577043583372244], [1.543850204843806, 43.5770795672343]], [[1.544570629613419, 43.57698123625806], [1.54454679422615, 43.57694492072649], [1.544571542014958, 43.57694525239241], [1.544570629613419, 43.57698123625806]], [[1.544499123542082, 43.57687228965043], [1.544450084266463, 43.57685363434893], [1.54449957976454, 43.576854297719166], [1.544499123542082, 43.57687228965043]], [[1.544229179767401, 43.57677868118572], [1.54420488836645, 43.576760357512974], [1.544229636073717, 43.57676068925675], [1.544229179767401, 43.57677868118572]]], [[[1.541160520501517, 43.57770939815627], [1.541083989708858, 43.577798360449655], [1.540960249029673, 43.57779669808942], [1.5409332141569, 43.57788632524302], [1.541157776842608, 43.57781734972716], [1.541160520501517, 43.57770939815627]]], [[[1.56354616839638, 43.565607240438304], [1.563670333580745, 43.565590885183084], [1.563695976820787, 43.565555228749446], [1.563598355308982, 43.565499943886344], [1.56354616839638, 43.565607240438304]]], [[[1.562959515628094, 43.5663013931839], [1.562808803786532, 43.56638938763616], [1.562534374581938, 43.56647574411618], [1.562706226941293, 43.56653201258478], [1.562708479113443, 43.56644205319891], [1.562883033819386, 43.56639037012653], [1.562959515628094, 43.5663013931839]]], [[[1.56191173403011, 43.56662948003143], [1.561864049945446, 43.56655685710078], [1.561813210979256, 43.56661017727241], [1.56191173403011, 43.56662948003143]]], [[[1.565402360552692, 43.56660366349515], [1.565325882126998, 43.56669264217699], [1.565425305669184, 43.56667595796812], [1.565402360552692, 43.56660366349515]]], [[[1.562259944551847, 43.56656209990786], [1.562058392132773, 43.56670341369513], [1.562005750591699, 43.56682870147565], [1.562181208308818, 43.56674103576207], [1.562259944551847, 43.56656209990786]]], [[[1.559516050291007, 43.56740762809136], [1.559763939307868, 43.56739291849042], [1.560314167562962, 43.56716624310573], [1.560561604221141, 43.56716952356217], [1.561760118255456, 43.5667534568024], [1.561611657291913, 43.56675149023528], [1.561739882157645, 43.56657321030169], [1.561465901291585, 43.56664157221741], [1.561618869733341, 43.566463620248804], [1.561370985203875, 43.56647833407443], [1.560845962201433, 43.56668735078835], [1.560867097561345, 43.5668316137218], [1.56071818536587, 43.56684763780705], [1.560616504695899, 43.566954277077286], [1.560468494391928, 43.56693431707282], [1.560466238690871, 43.567024276443114], [1.560344776568779, 43.56693267680928], [1.560171120395587, 43.56694837207585], [1.560265582644532, 43.567129603196115], [1.559990694785538, 43.567233945168816], [1.559889463404403, 43.56732259191056], [1.559516050291007, 43.56740762809136]], [[1.561611657291913, 43.56675149023528], [1.561561719510832, 43.56676882654366], [1.561562170306325, 43.56675083466781], [1.561611657291913, 43.56675149023528]], [[1.561565325866862, 43.56662489154317], [1.561540131627483, 43.56664255562588], [1.561540582428749, 43.56662456375171], [1.561565325866862, 43.56662489154317]], [[1.560040182169568, 43.56723460145266], [1.560064474593537, 43.56725292146183], [1.560039730893347, 43.56725259332825], [1.560040182169568, 43.56723460145266]], [[1.560340264772042, 43.567112595550114], [1.560364557240139, 43.56713091549061], [1.560339813590813, 43.56713058742544], [1.560340264772042, 43.567112595550114]], [[1.561092945884285, 43.5667086219051], [1.560992619079535, 43.566761285894366], [1.560968777548663, 43.566724974226055], [1.561092945884285, 43.5667086219051]], [[1.561143334680672, 43.566673293939886], [1.561167627219139, 43.56669161369509], [1.561142883754542, 43.56669128581302], [1.561143334680672, 43.566673293939886]]], [[[1.569582302680925, 43.56772068042232], [1.569992642267938, 43.56814003525117], [1.570190147287863, 43.56816063395001], [1.570243668360278, 43.567999358231084], [1.569934544426591, 43.56749134836536], [1.569685761081114, 43.567542065021705], [1.569911145122169, 43.56743704672294], [1.569392421327061, 43.56739421801596], [1.56927363448183, 43.56719467685949], [1.569051837847675, 43.56715575851553], [1.569104912747087, 43.5670124753809], [1.569081065981587, 43.56697616548745], [1.569006835085559, 43.56697518723342], [1.5689856792212, 43.56683092587048], [1.568813819813793, 43.56677466732772], [1.568885359442694, 43.566883597155865], [1.568859270322062, 43.56693724675613], [1.568716191301008, 43.56671938701848], [1.568810231619391, 43.56691860258338], [1.568784142412654, 43.56697225216691], [1.568618562976216, 43.56666410662356], [1.568055745295405, 43.566404716359266], [1.567658953481691, 43.56643547847586], [1.567582478777094, 43.56652445873646], [1.567511390995971, 43.566397536181285], [1.567933374785714, 43.56634910904799], [1.56771158232641, 43.56631018798966], [1.5677376722345, 43.56625653868862], [1.567027750565559, 43.56594120910364], [1.56642942181492, 43.56611328929557], [1.566627816990995, 43.5660979106682], [1.566724993263503, 43.5661711847207], [1.567171270273969, 43.56614107905603], [1.567268447313077, 43.56621435262442], [1.567070051906247, 43.56622973242344], [1.567490239101795, 43.56625327458523], [1.567339534330362, 43.56634127532238], [1.566893704973783, 43.56635338978978], [1.567089855555234, 43.56642796978169], [1.567313893001975, 43.56637693263595], [1.567312546030469, 43.56643090832155], [1.567484402937918, 43.566487169226676], [1.567333697543623, 43.56657516997014], [1.566715111389254, 43.56656700635153], [1.567208633224873, 43.56662751322003], [1.566536067238843, 43.56679861454825], [1.566833438900461, 43.566784542117], [1.566632795372814, 43.56688988061707], [1.56680465298797, 43.56694614261598], [1.566629201703652, 43.56703381581219], [1.566852792784563, 43.5670007714959], [1.56675112323755, 43.56710741652129], [1.567073240117333, 43.56709367003465], [1.567123625571838, 43.567058339285104], [1.567446639994505, 43.56700860788687], [1.566823557668263, 43.56718036392726], [1.566947276209781, 43.56718199681002], [1.566943683310704, 43.567325932044895], [1.567240159562532, 43.56734784230531], [1.567113746293056, 43.567454161197425], [1.567362082546436, 43.56742144234458], [1.567111500983427, 43.567544120738084], [1.567185283543181, 43.56756309219718], [1.567433171265224, 43.56754836508825], [1.567652274957737, 43.567695238221795], [1.567678814436235, 43.56762359697097], [1.567801187415717, 43.567679204618585], [1.568350489333211, 43.56748847229246], [1.568497606549075, 43.56754440539004], [1.568567800715742, 43.567707311234315], [1.56864158396639, 43.567726281706136], [1.568599722221362, 43.56741976678365], [1.568947032714092, 43.567388349005974], [1.569186399418791, 43.56771546430581], [1.569239922895671, 43.56755418913169], [1.569338450062786, 43.56757348516536], [1.569262424834788, 43.567644474760414], [1.569309222429887, 43.5677530783376], [1.569435183956709, 43.56766474878733], [1.569582302680925, 43.56772068042232]], [[1.569685761081114, 43.567542065021705], [1.569660568937684, 43.56755973099962], [1.569661017201512, 43.56754173908032], [1.569685761081114, 43.567542065021705]], [[1.568884013936602, 43.56693757288004], [1.568907860561457, 43.56697388281579], [1.568883116931134, 43.56697355669729], [1.568884013936602, 43.56693757288004]], [[1.568906515074402, 43.56702785854366], [1.568956450862862, 43.567010518854666], [1.568955105420626, 43.56706449458451], [1.568906515074402, 43.56702785854366]], [[1.568807540461784, 43.56702655403454], [1.568832732633736, 43.567008888261086], [1.568856579255781, 43.56704519820992], [1.568807540461784, 43.56702655403454]], [[1.567123625571838, 43.567058339285104], [1.567099330977901, 43.56704002085761], [1.567124074626728, 43.56704034738258], [1.567123625571838, 43.567058339285104]], [[1.567347665448258, 43.56700730204721], [1.567323370804437, 43.566988983670484], [1.567348114432544, 43.56698931014439], [1.567347665448258, 43.56700730204721]], [[1.566971121711351, 43.567218307177235], [1.566996314532462, 43.56720064182744], [1.566995865436283, 43.56721863373145], [1.566971121711351, 43.567218307177235]], [[1.566996314532462, 43.56720064182744], [1.56702150733807, 43.56718297647201], [1.567021058249924, 43.5672009683759], [1.566996314532462, 43.56720064182744]], [[1.567116889714717, 43.56732821784992], [1.567166826304862, 43.56731087898023], [1.567166377261253, 43.56732887088634], [1.567116889714717, 43.56732821784992]], [[1.567166826304862, 43.56731087898023], [1.567216762864847, 43.56729354008779], [1.567216313837022, 43.567311531993866], [1.567166826304862, 43.56731087898023]], [[1.567436313991373, 43.5674224217232], [1.56741246811084, 43.56738611145295], [1.567486699510958, 43.567387090797105], [1.567436313991373, 43.5674224217232]], [[1.567486699510958, 43.567387090797105], [1.567536636040629, 43.56736975175666], [1.567536187112444, 43.56738774366502], [1.567486699510958, 43.567387090797105]], [[1.567185732582697, 43.567545100288065], [1.567210925481168, 43.567527434884454], [1.567210476449684, 43.56754542679346], [1.567185732582697, 43.567545100288065]], [[1.569239922895671, 43.56755418913169], [1.569215627416727, 43.56753587117133], [1.569240371291271, 43.5675361972142], [1.569239922895671, 43.56755418913169]], [[1.569286271992553, 43.567680784631], [1.569336208234191, 43.56766344475946], [1.569335759867629, 43.56768143667897], [1.569286271992553, 43.567680784631]], [[1.567507402875469, 43.56754934441835], [1.567483107951326, 43.56753102607045], [1.567507851813938, 43.56753135250808], [1.567507402875469, 43.56754934441835]], [[1.567610867421714, 43.56737073101591], [1.567561828754195, 43.567352086273786], [1.567611316326364, 43.56735273910745], [1.567610867421714, 43.56737073101591]], [[1.567660803899658, 43.56735339191855], [1.567636509009488, 43.56733507360748], [1.567661252788525, 43.56733540001011], [1.567660803899658, 43.56735339191855]], [[1.567735484127323, 43.56733637918416], [1.567686445448677, 43.56731773449876], [1.567735932992654, 43.56731838727562], [1.567735484127323, 43.56733637918416]], [[1.567834908083985, 43.56731969276168], [1.567761125622364, 43.567300721747166], [1.567835356918031, 43.56730170085293], [1.567834908083985, 43.56731969276168]], [[1.567118685949474, 43.567256250227715], [1.567167724391236, 43.56727489516869], [1.567118236891207, 43.567274242132925], [1.567118685949474, 43.567256250227715]], [[1.567168173434001, 43.56725690326327], [1.567268046429108, 43.56722222545569], [1.567267597417911, 43.567240217361096], [1.567168173434001, 43.56725690326327]], [[1.567316635894336, 43.567258862234645], [1.567292341153971, 43.56724054384777], [1.567317084890313, 43.56724087032879], [1.567316635894336, 43.567258862234645]], [[1.567910485836969, 43.56726669609049], [1.567861895986181, 43.56723005957705], [1.567911383456585, 43.567230712273904], [1.567910485836969, 43.56726669609049]], [[1.567911383456585, 43.567230712273904], [1.567937024795196, 43.567195054798], [1.567936127192208, 43.567231038613876], [1.567911383456585, 43.567230712273904]], [[1.567317533886008, 43.56722287842317], [1.567293239160582, 43.56720456003696], [1.567317982881421, 43.56720488651777], [1.567317533886008, 43.56722287842317]], [[1.567515483724861, 43.56722549006758], [1.567491188935175, 43.56720717172562], [1.567515932658265, 43.56720749816133], [1.567515483724861, 43.56722549006758]], [[1.567071892902779, 43.56714764574427], [1.567170418643604, 43.56716694373948], [1.567046251048062, 43.56718330301473], [1.567071892902779, 43.56714764574427]], [[1.56721945702589, 43.567185588655946], [1.567195162347534, 43.56716727024826], [1.567219906051745, 43.56716759675141], [1.56721945702589, 43.567185588655946]], [[1.569001453494213, 43.56719109016211], [1.569027542597333, 43.56713744051818], [1.569026197218955, 43.56719141625369], [1.569001453494213, 43.56719109016211]], [[1.567270291480874, 43.56713226593202], [1.567245996808862, 43.56711394753639], [1.567270740490383, 43.56711427402795], [1.567270291480874, 43.56713226593202]], [[1.567816896908149, 43.567049487792474], [1.567793499786585, 43.56699518571052], [1.567818243420038, 43.566995512077284], [1.567816896908149, 43.567049487792474]], [[1.567223498248458, 43.567023661523294], [1.56719920363733, 43.56700534311861], [1.567223947271781, 43.56700566962081], [1.567223498248458, 43.567023661523294]], [[1.567398050658105, 43.56697197117248], [1.56749747408181, 43.56695528506316], [1.567496127269316, 43.56700926077286], [1.567472281522549, 43.566972950526214], [1.567398050658105, 43.56697197117248]], [[1.569055425451221, 43.56701182322804], [1.569031130260639, 43.566993505233334], [1.5690558739004, 43.56699383131811], [1.569055425451221, 43.56701182322804]], [[1.566854140201642, 43.566946795794514], [1.56682984574088, 43.566928477308174], [1.566854589340105, 43.56692880389451], [1.566854140201642, 43.566946795794514]], [[1.566978756439879, 43.566912444841314], [1.566954461953894, 43.566894126383275], [1.566979205539024, 43.5668944529412], [1.566978756439879, 43.566912444841314]], [[1.567376449863081, 43.566845701397376], [1.567349910366873, 43.56691734253539], [1.567226641405808, 43.566897718210484], [1.56722709042716, 43.56687972630956], [1.567376449863081, 43.566845701397376]], [[1.566756513282984, 43.566891513716826], [1.566732218876761, 43.566873195209354], [1.566756962451607, 43.566873521817925], [1.566756513282984, 43.566891513716826]], [[1.56717850133992, 43.56684308950023], [1.567202795875789, 43.56686140790749], [1.567178052303628, 43.5668610814005], [1.56717850133992, 43.56684308950023]], [[1.567277475599249, 43.566844395493895], [1.567228886509758, 43.56680775870804], [1.56732786070933, 43.56680906465577], [1.567277475599249, 43.566844395493895]], [[1.567204142960568, 43.56680743220703], [1.567156452034141, 43.56673481159142], [1.566957605694285, 43.566768183089636], [1.56690856775353, 43.56674953806034], [1.567356645080512, 43.56664746403355], [1.567204142960568, 43.56680743220703]], [[1.567748052250279, 43.5668326058295], [1.567723757552636, 43.566814287544595], [1.567748501107734, 43.566814613927214], [1.567748052250279, 43.5668326058295]], [[1.568466961592431, 43.566788092761], [1.568442666684261, 43.5667697746375], [1.568467410224262, 43.56677010085631], [1.568466961592431, 43.566788092761]], [[1.568541192237373, 43.56678907138394], [1.568492153764544, 43.56677042706948], [1.568541640845951, 43.56677107947893], [1.568541192237373, 43.56678907138394]], [[1.567701258358386, 43.566724001649405], [1.567676963721626, 43.56670568335541], [1.567701707229656, 43.56670600974868], [1.567701258358386, 43.566724001649405]], [[1.567653117986577, 43.56666937315615], [1.567628823388291, 43.56665105485211], [1.567653566872505, 43.56665138125632], [1.567653117986577, 43.56666937315615]], [[1.568030104383474, 43.56644037384353], [1.56800580976181, 43.56642205562675], [1.56803055314948, 43.56642238194502], [1.568030104383474, 43.56644037384353]], [[1.567436711923032, 43.56641454875041], [1.56736293075612, 43.566395577477344], [1.56743716087478, 43.56639655685467], [1.567436711923032, 43.56641454875041]]], [[[1.556081955323543, 43.5681359253327], [1.556155282497934, 43.56817289616424], [1.556029751968624, 43.56824321846944], [1.556129633405878, 43.56820855088219], [1.556153472492277, 43.56824486365047], [1.555875403691429, 43.56847513840582], [1.555301759389097, 43.56864748667153], [1.555250459689014, 43.568718795722695], [1.555325598134143, 43.568683799632666], [1.555347173117366, 43.56881007196538], [1.555274751212588, 43.56873711682226], [1.555198707056029, 43.56880809662815], [1.55497600798318, 43.56880513324176], [1.554823465638912, 43.56896508426757], [1.55474968536311, 43.56894610439116], [1.554694760989042, 43.569161348208645], [1.55456967951578, 43.56921367699641], [1.554497258089848, 43.569140721314255], [1.55426685505914, 43.56944361840254], [1.554091376999222, 43.569531271493574], [1.553863689652303, 43.56972621651291], [1.554163798402038, 43.569604227466286], [1.554262777123858, 43.56960554532428], [1.554285256314242, 43.56969583418402], [1.554314531931396, 43.569516244815155], [1.554638930232122, 43.56941257579095], [1.554588535029489, 43.56944790080544], [1.554611920660945, 43.56950220582465], [1.554962874477881, 43.5693268976857], [1.554989430544127, 43.569255259455396], [1.555137444926221, 43.569275226959924], [1.555139256237934, 43.56920325943891], [1.55546274583073, 43.56913557173393], [1.555390323368513, 43.569062616651316], [1.555690878058266, 43.568922631563694], [1.555738556299209, 43.56899525732477], [1.555968497203013, 43.568710349085904], [1.556366215875271, 43.568643645880634], [1.556492651664527, 43.56853733941222], [1.556665861305495, 43.568539641888336], [1.557165720129183, 43.56834830820299], [1.557241761245005, 43.56827732704251], [1.557363221261086, 43.568368930232964], [1.557467170931018, 43.568172334518046], [1.55771461176225, 43.56817562146376], [1.557770879850927, 43.5679064006427], [1.557696195929819, 43.5679234065311], [1.557717775840915, 43.568049678325785], [1.557643543751348, 43.56804869230351], [1.557381758101393, 43.56763126339862], [1.55762422419668, 43.56783246112661], [1.55750592941846, 43.567614915168804], [1.557730432016763, 43.56754590588371], [1.557707044232581, 43.56749160161019], [1.557855055013083, 43.56751156538619], [1.558179887454739, 43.56738989406133], [1.558306317125031, 43.567283585574366], [1.558158306775328, 43.56726362241663], [1.557435314657261, 43.56746999405394], [1.557337243793996, 43.56743269535549], [1.557836638776709, 43.567259350594256], [1.557864998130358, 43.56711574430301], [1.55816553659529, 43.56697575255684], [1.55826812551242, 43.566833131853365], [1.559113017495534, 43.56670036402655], [1.559614657766579, 43.56643705186649], [1.559813055885932, 43.56642168568603], [1.560007843661464, 43.566550254070144], [1.55996151593507, 43.56642365471159], [1.560059135515486, 43.56647894287976], [1.560134719338599, 43.56642595165157], [1.560181949901338, 43.56651656720188], [1.5601599139153, 43.566408287897566], [1.560409603067526, 43.56632160937316], [1.560558062878353, 43.56632357758303], [1.560505869535678, 43.56643087273556], [1.560579648482003, 43.56644984866791], [1.561172587305754, 43.56649370310179], [1.561249522793319, 43.56638673548746], [1.56174889686654, 43.566213372861725], [1.56197654351003, 43.566018411789415], [1.562250971367759, 43.56593205674672], [1.562103864368758, 43.56587611524981], [1.561855081106355, 43.565926813909215], [1.562255026514087, 43.56577012994104], [1.562183050259285, 43.565679187694805], [1.562405737578877, 43.56568213629542], [1.562830873139485, 43.56550778596344], [1.563003623560982, 43.56552807019165], [1.563031518812246, 43.565402454589794], [1.563278047530386, 43.56544171258297], [1.564499898996257, 43.56507991906743], [1.564024835936575, 43.56527161330439], [1.56409816456698, 43.56530857869855], [1.563699577750429, 43.565411293800146], [1.563695976820787, 43.565555228749446], [1.563794948780846, 43.565556537915974], [1.563722520246454, 43.56548358857266], [1.563823742467364, 43.56539493837175], [1.564245721998475, 43.565346525602344], [1.564297007513812, 43.565275212470326], [1.56451924351792, 43.56529614860466], [1.564545785796629, 43.56522450823961], [1.564694242912361, 43.56522647079333], [1.564693343307897, 43.565262454532906], [1.56474192947181, 43.5652990924137], [1.564770270586572, 43.565155484516325], [1.565118918482341, 43.56507010342671], [1.564482803947103, 43.56477373024164], [1.564356841144217, 43.56486205386906], [1.564111214140257, 43.56478681461723], [1.564032486100882, 43.564965751591735], [1.563907872325066, 43.56500009911725], [1.563687438151717, 43.564907194288736], [1.563632551146515, 43.56512244201819], [1.563359930115889, 43.56513683305006], [1.563233064269576, 43.56526113912479], [1.562887114624565, 43.565238562993564], [1.562810183726262, 43.565345531682254], [1.562463783237436, 43.565340946064126], [1.562311721506862, 43.56548291535705], [1.562016608694336, 43.56540701608686], [1.561962616269738, 43.56558627932094], [1.561739027883145, 43.565619313535876], [1.561783105288609, 43.56583587138793], [1.561434447782843, 43.56592124181299], [1.560932369375655, 43.56620255415068], [1.560560318408015, 43.566233618254856], [1.560512636361431, 43.56616099475088], [1.560510831880783, 43.56623296220852], [1.560411407677841, 43.56624964191273], [1.560437504379451, 43.566195994368094], [1.56016442622183, 43.56622836925273], [1.560141487908294, 43.56615607369093], [1.559869763737409, 43.56613447224636], [1.559915188412974, 43.56629705534444], [1.559768985461151, 43.56620512694577], [1.559146340439978, 43.566358846976], [1.558945232684779, 43.56648216310259], [1.558673507420774, 43.56646055865979], [1.558299646296781, 43.56656358246794], [1.558024757575111, 43.566667919422976], [1.557243694594688, 43.56721547792207], [1.557165846178796, 43.56735842648986], [1.556713674307743, 43.56762238530696], [1.556710055726433, 43.56776632024631], [1.556458545093411, 43.56792495782686], [1.556430181822257, 43.568068563831915], [1.556231777106934, 43.56808392384955], [1.55618455148929, 43.567993306482144], [1.556081955323543, 43.5681359253327]], [[1.554638930232122, 43.56941257579095], [1.554664127810183, 43.56939491327524], [1.554663674832277, 43.56941290515561], [1.554638930232122, 43.56941257579095]], [[1.554788303715326, 43.56937856813274], [1.554764465021633, 43.56934225503606], [1.554789209592202, 43.569342584372095], [1.554788303715326, 43.56937856813274]], [[1.554963327361348, 43.569308905805194], [1.554889999503634, 43.56927193413952], [1.55496423312743, 43.569272922044846], [1.554963327361348, 43.569308905805194]], [[1.557781275602982, 43.56749258758866], [1.557806471371752, 43.56747492436756], [1.557806019393683, 43.567492916236866], [1.557781275602982, 43.56749258758866]], [[1.557336791669221, 43.56745068722234], [1.557311595766597, 43.56746835033418], [1.557312047899406, 43.56745035846722], [1.557336791669221, 43.56745068722234]], [[1.55996151593507, 43.56642365471159], [1.559937223894806, 43.56640533468999], [1.559961967229286, 43.566405662846705], [1.55996151593507, 43.56642365471159]], [[1.561855081106355, 43.565926813909215], [1.561805144116023, 43.565944150319545], [1.561805594828764, 43.56592615845305], [1.561855081106355, 43.565926813909215]], [[1.562182149073953, 43.56571517142495], [1.562156955423513, 43.565732835639565], [1.562157406024354, 43.565714843774245], [1.562182149073953, 43.56571517142495]], [[1.562156955423513, 43.565732835639565], [1.562131761757572, 43.56575049984854], [1.562132212366445, 43.565732507983114], [1.562156955423513, 43.565732835639565]], [[1.562606384640806, 43.56557680569448], [1.562581191181593, 43.565594470005784], [1.562581641648413, 43.56557647814048], [1.562606384640806, 43.56557680569448]], [[1.563727471422388, 43.56528567802977], [1.563678435796719, 43.56526703156116], [1.563727921527599, 43.56526768616357], [1.563727471422388, 43.56528567802977]], [[1.563727921527599, 43.56526768616357], [1.56375311449064, 43.56525002159024], [1.563752664393462, 43.565268013456304], [1.563727921527599, 43.56526768616357]], [[1.564499898996257, 43.56507991906743], [1.564549834421294, 43.56506258142837], [1.564549384575237, 43.56508057329539], [1.564499898996257, 43.56507991906743]], [[1.564549834421294, 43.56506258142837], [1.564599769816175, 43.565045243766576], [1.564599319985901, 43.56506323563357], [1.564549834421294, 43.56506258142837]], [[1.564718086177007, 43.56526278160567], [1.564743278833271, 43.56524511680267], [1.564742829046399, 43.56526310867278], [1.564718086177007, 43.56526278160567]], [[1.560411407677841, 43.56624964191273], [1.560386213248124, 43.566267305723116], [1.56038666440803, 43.56624931385844], [1.560411407677841, 43.56624964191273]], [[1.560386213248124, 43.566267305723116], [1.560311532233692, 43.566284313390675], [1.560311983417133, 43.566266321526115], [1.560386213248124, 43.566267305723116]], [[1.560311532233692, 43.566284313390675], [1.560286337758035, 43.5663019771783], [1.56028678894951, 43.566283985313625], [1.560311532233692, 43.566284313390675]], [[1.559940383000652, 43.56627939164298], [1.559964223696121, 43.56631570352577], [1.559939480400396, 43.566315375369584], [1.559940383000652, 43.56627939164298]], [[1.556507580644115, 43.567943607590216], [1.556532777002643, 43.56792594465908], [1.556532324621894, 43.56794393652876], [1.556507580644115, 43.567943607590216]], [[1.556380241331208, 43.56808589777346], [1.55635504485556, 43.56810356067118], [1.55635549729312, 43.56808556880023], [1.556380241331208, 43.56808589777346]], [[1.55635504485556, 43.56810356067118], [1.556329848364408, 43.568121223563296], [1.556330300810004, 43.56810323169222], [1.55635504485556, 43.56810356067118]], [[1.556329848364408, 43.568121223563296], [1.556304651857755, 43.56813888644978], [1.556305104311385, 43.56812089457859], [1.556329848364408, 43.568121223563296]], [[1.556256521143604, 43.568084252850966], [1.556280812719743, 43.56810257371738], [1.556256068675038, 43.5681022447215], [1.556256521143604, 43.568084252850966]], [[1.554189449338405, 43.56956857317793], [1.55421374088294, 43.56958689452569], [1.554188996210378, 43.569586565058465], [1.554189449338405, 43.56956857317793]], [[1.554214194003215, 43.56956890264503], [1.554239391780548, 43.569551240225955], [1.554238938668309, 43.56956923210648], [1.554214194003215, 43.56956890264503]], [[1.554713616995843, 43.56939557198741], [1.554689325372742, 43.56937725075393], [1.554714069957962, 43.569377580107094], [1.554713616995843, 43.56939557198741]], [[1.555113606054612, 43.56923891394252], [1.555089767213159, 43.56920260092078], [1.555114511725404, 43.56920293018268], [1.555113606054612, 43.56923891394252]], [[1.555265242744304, 43.569114946236596], [1.555189650886992, 43.56916793417486], [1.555115417395061, 43.5691669464237], [1.555265242744304, 43.569114946236596]], [[1.55492289616732, 43.56894840964792], [1.554898604666628, 43.56893008846694], [1.55492334906033, 43.56893041777233], [1.55492289616732, 43.56894840964792]], [[1.555022779499693, 43.56891374306165], [1.554998487981795, 43.56889542190345], [1.555023232361129, 43.568895751186055], [1.555022779499693, 43.56891374306165]], [[1.555921724063204, 43.56860173968873], [1.555846133487446, 43.56865472806499], [1.555847491290736, 43.56860075243838], [1.555921724063204, 43.56860173968873]], [[1.555920818907804, 43.56863772344021], [1.555945110610989, 43.568656044388824], [1.555920366329678, 43.56865571531632], [1.555920818907804, 43.56863772344021]], [[1.556844046127474, 43.56834403343724], [1.557201316471722, 43.56791683199313], [1.557375428502159, 43.56788314959239], [1.557473048073732, 43.567938440141624], [1.557518467389692, 43.56810102444698], [1.557268766134538, 43.56818769643137], [1.557192725170809, 43.56825867760634], [1.557216564950384, 43.56829499014251], [1.556844046127474, 43.56834403343724]], [[1.557243117727345, 43.56822335141269], [1.557267409677152, 43.56824167206017], [1.557242665566848, 43.56824134328907], [1.557243117727345, 43.56822335141269]], [[1.556230872154016, 43.568119907590635], [1.556206580586479, 43.56810158671282], [1.556231324630617, 43.56810191571998], [1.556230872154016, 43.568119907590635]], [[1.557523440176725, 43.567903113825814], [1.557499600365779, 43.56786680136694], [1.557524344316138, 43.567867130079414], [1.557523440176725, 43.567903113825814]], [[1.556658306222171, 43.56785562178796], [1.556682597829787, 43.56787394256158], [1.556657853881312, 43.567873613657305], [1.556658306222171, 43.56785562178796]], [[1.556683050162895, 43.56785595069215], [1.556708246428975, 43.56783828772136], [1.556707794103902, 43.56785627959067], [1.556683050162895, 43.56785595069215]], [[1.556708246428975, 43.56783828772136], [1.556733442679553, 43.56782062474493], [1.556732990362514, 43.56783861661413], [1.556708246428975, 43.56783828772136]], [[1.557030822034859, 43.56780657914708], [1.557153185090499, 43.5678621988002], [1.557029013138198, 43.567878546629494], [1.557030822034859, 43.56780657914708]], [[1.55685806686846, 43.56778628538497], [1.55683377524194, 43.56776796465173], [1.556858519145891, 43.567768293515904], [1.55685806686846, 43.56778628538497]], [[1.557254873800793, 43.567755562705315], [1.557181094275537, 43.56773658449681], [1.5572557781062, 43.567719578964855], [1.557254873800793, 43.567755562705315]], [[1.557308430828999, 43.56759429340922], [1.557284139140002, 43.567575972779174], [1.557308882963791, 43.56757630154069], [1.557308430828999, 43.56759429340922]], [[1.557259395316495, 43.56757564401203], [1.557235555808514, 43.56753933150349], [1.557260299616235, 43.56753966027608], [1.557259395316495, 43.56757564401203]], [[1.5579805817071, 43.56744124100696], [1.557956289868383, 43.56742292052924], [1.557981033630061, 43.56742324913757], [1.5579805817071, 43.56744124100696]], [[1.558256377883179, 43.56730092036917], [1.558207342313326, 43.56728227140385], [1.558256829718612, 43.56728292850038], [1.558256377883179, 43.56730092036917]], [[1.558843549369177, 43.566588800685494], [1.558892584553422, 43.56660744935452], [1.558842646076656, 43.56662478441075], [1.558843549369177, 43.566588800685494]], [[1.561173940050715, 43.56643972749014], [1.561124904268755, 43.566421079853455], [1.561174390965137, 43.56642173562003], [1.561173940050715, 43.56643972749014]], [[1.560037099775497, 43.56637066355337], [1.560012807733537, 43.56635234354937], [1.560037551045611, 43.56635267168887], [1.560037099775497, 43.56637066355337]], [[1.56006274562005, 43.56633500795832], [1.560111780983533, 43.5663536560735], [1.560061843095606, 43.566370991687336], [1.56006274562005, 43.56633500795832]], [[1.560855433544027, 43.56630952152655], [1.560879725836726, 43.566327841341504], [1.56085498253054, 43.566327513393915], [1.560855433544027, 43.56630952152655]], [[1.560881078853088, 43.56627386573977], [1.560957112628433, 43.5662028820806], [1.561230641112537, 43.56615251333625], [1.561178900093811, 43.56624181693134], [1.560979150039031, 43.5663111612076], [1.560881078853088, 43.56627386573977]], [[1.560855884557232, 43.566291529659395], [1.560831592287503, 43.566273209839565], [1.560856335570154, 43.56627353779249], [1.560855884557232, 43.566291529659395]], [[1.560881529857976, 43.56625587387296], [1.56085723759515, 43.56623755405932], [1.560881980862582, 43.56623788200638], [1.560881529857976, 43.56625587387296]], [[1.563328884101684, 43.565388391769055], [1.563304591425027, 43.565370072514], [1.563329334332597, 43.56537039990322], [1.563328884101684, 43.565388391769055]], [[1.563404463471479, 43.56533539830546], [1.563454849640504, 43.565300069301564], [1.563504335397309, 43.565300724005866], [1.563503435045966, 43.56533670773745], [1.563404463471479, 43.56533539830546]], [[1.563829143359555, 43.565179035970985], [1.563927664632406, 43.56519833688173], [1.563828243213677, 43.56521501970221], [1.563829143359555, 43.565179035970985]], [[1.563977150306923, 43.56519899137051], [1.563952857503569, 43.565180672262905], [1.563977600333218, 43.56518099950437], [1.563977150306923, 43.56519899137051]], [[1.564597520661984, 43.565135203103836], [1.564621363827564, 43.56517151393511], [1.564571878169386, 43.56517085973991], [1.564597520661984, 43.565135203103836]], [[1.564277213904804, 43.56507697476251], [1.564252921057338, 43.565058655723604], [1.564277663836117, 43.565058982896666], [1.564277213904804, 43.56507697476251]], [[1.564624962413393, 43.565027578993714], [1.564673998141948, 43.565046225031764], [1.564624512591151, 43.56504557086061], [1.564624962413393, 43.565027578993714]], [[1.564674447948688, 43.56502823316467], [1.564724383276069, 43.565010895445994], [1.564723933485112, 43.56502888731306], [1.564674447948688, 43.56502823316467]], [[1.564700989909901, 43.5649565927751], [1.564676696978164, 43.56493827383254], [1.564701439707482, 43.56493860090901], [1.564700989909901, 43.5649565927751]]], [[[1.5594656598489, 43.567442955319585], [1.559340586467618, 43.56749528953951], [1.559116086002556, 43.567564302150906], [1.55926500050386, 43.56754828025455], [1.5594656598489, 43.567442955319585]]], [[[1.566757001760743, 43.56786340319982], [1.566857774347914, 43.56779274193374], [1.566734952858025, 43.56775512512829], [1.566757001760743, 43.56786340319982]]], [[[1.558118199209751, 43.56787501748763], [1.557872567492275, 43.5677997639661], [1.557895955558539, 43.56785406821564], [1.557698908020807, 43.56781545528878], [1.557672808024245, 43.5678691022359], [1.557697099961281, 43.56788742278276], [1.558118199209751, 43.56787501748763]], [[1.557895955558539, 43.56785406821564], [1.557920247560418, 43.567872388712374], [1.557895503605526, 43.5678720600901], [1.557895955558539, 43.56785406821564]]], [[[1.566380450238578, 43.568074406407824], [1.566331860680556, 43.56803776918914], [1.566332759301598, 43.568001785366256], [1.566258077792806, 43.568018797143914], [1.566380450238578, 43.568074406407824]]], [[[1.558438515329419, 43.56793326410962], [1.558140231908243, 43.567983297317085], [1.558438063545801, 43.567951255987325], [1.558438515329419, 43.56793326410962]]], [[[1.556260593347935, 43.56792232602628], [1.5563568546041, 43.56803159318869], [1.556408604735835, 43.5679422917797], [1.556260593347935, 43.56792232602628]]], [[[1.553147257609045, 43.570652565026485], [1.55420422529155, 43.56996472407106], [1.557408188495538, 43.568549506514024], [1.557881040959553, 43.568447800191294], [1.558583365335116, 43.568079170049565], [1.559055308662714, 43.56801344240521], [1.559706326915683, 43.56771611588705], [1.559877728884771, 43.56779038076153], [1.559954668522224, 43.56768341396774], [1.561526156648107, 43.56720030383636], [1.562127215143658, 43.56692029924502], [1.562750308695406, 43.566748570182284], [1.563097168013854, 43.5667351630089], [1.563350005793391, 43.56652253454365], [1.564414422340132, 43.56651861487094], [1.564905242856551, 43.56668708352197], [1.56485170801251, 43.56684835646175], [1.564998370459882, 43.56692228616618], [1.565195419840422, 43.56696088582391], [1.565396515847892, 43.56683755808156], [1.565712338601907, 43.567075702151925], [1.565690291971754, 43.56696742392782], [1.565545876258879, 43.566803535688166], [1.564465708692867, 43.566447301600846], [1.563351806724451, 43.566450567024305], [1.562975251954462, 43.56666155821665], [1.562128567001248, 43.56686632360542], [1.561927463873785, 43.56698964529849], [1.561579250368948, 43.56705702437607], [1.561477570927432, 43.56716366446813], [1.560030254027362, 43.56763042276767], [1.559583058852806, 43.567696482874794], [1.559181738085158, 43.56790713285282], [1.558784479461349, 43.567955854455654], [1.557882848806162, 43.56837583266611], [1.556859744650869, 43.5687041998687], [1.555105907807044, 43.569544775937395], [1.554181292990463, 43.56989242706198], [1.553273703782577, 43.5705462621569], [1.552827385249592, 43.57057631079942], [1.552606493968012, 43.570501375002614], [1.552507967402013, 43.570482063749274], [1.552433278571691, 43.57049906604876], [1.55272704410481, 43.57062896729418], [1.553147257609045, 43.570652565026485]]], [[[1.555202782295061, 43.56864616976137], [1.55512583251452, 43.56875313326011], [1.555252270841512, 43.56864682822773], [1.555202782295061, 43.56864616976137]]], [[[1.564870618268072, 43.569062341834325], [1.56496914655469, 43.56908164185248], [1.565070373194164, 43.56899299026686], [1.564870618268072, 43.569062341834325]]], [[[1.558332338393606, 43.572161361530156], [1.558650419891517, 43.57230956735876], [1.558606801096058, 43.57207501532683], [1.558753920571075, 43.57213096180303], [1.558731433399536, 43.57204067371511], [1.558904202029888, 43.57206096455726], [1.559429281242833, 43.57185195644773], [1.559053128253858, 43.57204494290121], [1.559252449024165, 43.571993593822235], [1.560853768180158, 43.57131290911117], [1.561151615575866, 43.571280860264956], [1.561251950132667, 43.57122819596273], [1.561205164946724, 43.57111958865071], [1.561596582766887, 43.57130475319571], [1.561551149367741, 43.57114217023293], [1.561774759370897, 43.57110913627749], [1.561802660022575, 43.57098352050205], [1.561974975857603, 43.57102179837444], [1.562102307816004, 43.5708795013398], [1.562475289138804, 43.57081244799038], [1.562460455896936, 43.57041629799058], [1.56280103134049, 43.57065477870512], [1.562904516124627, 43.57047616940005], [1.563075930470475, 43.57055042936954], [1.563078182220973, 43.57046046972379], [1.563175361347122, 43.57053374717574], [1.563152417522013, 43.57046145203279], [1.563250497336526, 43.57049874555834], [1.563303139526315, 43.570373456853574], [1.563549239574104, 43.57043070629637], [1.563550139976623, 43.57039472243646], [1.563599630125741, 43.57039537709966], [1.563650020615363, 43.570360047880456], [1.563650920953609, 43.570324064021484], [1.56374855071869, 43.570379349023476], [1.563999151841825, 43.57025667814738], [1.564147171938125, 43.57027663338591], [1.564198911975988, 43.570187328125115], [1.564321287049342, 43.57024293979354], [1.564373026786007, 43.57015363445189], [1.564446811794353, 43.57017260780611], [1.56447605586893, 43.569993015639746], [1.564696510845095, 43.57008591919719], [1.564945309620462, 43.570035213880935], [1.565022692560496, 43.56991025139963], [1.565221550907256, 43.56987688337123], [1.565199953806111, 43.569750612907285], [1.565345275213846, 43.569878518082206], [1.565544133263209, 43.56984514946391], [1.565430300386992, 43.5694476925614], [1.565754678225979, 43.56934399033899], [1.565782569312217, 43.569218373695854], [1.565980975391226, 43.569202996216916], [1.565885592773554, 43.569057753651286], [1.566080403090206, 43.56918631137904], [1.565959826308898, 43.5690587340403], [1.566012461266083, 43.568933444148165], [1.566110989715323, 43.56895274312861], [1.566088492219203, 43.568862456764535], [1.566136632941136, 43.568917086034965], [1.566310293437634, 43.56890138120723], [1.566337284463476, 43.568811748302586], [1.566313888023178, 43.56875744583502], [1.56668774905009, 43.56865439427849], [1.566765126336656, 43.56852943067598], [1.567087251191091, 43.568515684134155], [1.56713898506891, 43.56842637758239], [1.567019305726196, 43.568262817651515], [1.567289246607644, 43.56835636891496], [1.567268094549989, 43.56821210707837], [1.566609885423207, 43.56780746773175], [1.566735851222014, 43.56771914130918], [1.566663416223022, 43.56764619381725], [1.566514054282176, 43.56768021776775], [1.566441170340906, 43.56762526203671], [1.566493353677625, 43.567517963942294], [1.566393928987752, 43.567534649138835], [1.566323291891848, 43.567389733812526], [1.566199123573139, 43.56740609212169], [1.566152781504844, 43.567279495329174], [1.566104192764809, 43.56724285802894], [1.565979575286211, 43.56727720798648], [1.565884195871299, 43.567131965614806], [1.565712338601907, 43.567075702151925], [1.56575957850177, 43.567166315317245], [1.566343991969581, 43.56755198765583], [1.566391682547155, 43.56762460866966], [1.566316552233924, 43.56765961239011], [1.566533856511774, 43.567878455428165], [1.56631295772379, 43.56780354765211], [1.566361097771439, 43.5678581767827], [1.566261672453994, 43.5678748618621], [1.566234681750544, 43.56796449468938], [1.56630981251264, 43.56792949101813], [1.566429039858612, 43.568111043605704], [1.56630397136961, 43.568163385869845], [1.566156405338448, 43.56812544168829], [1.566227042918265, 43.568270357197605], [1.566102872667655, 43.5682867154068], [1.566030437756829, 43.56821376746378], [1.566077229702418, 43.56832237247677], [1.565979151769696, 43.568285081560774], [1.565953059296632, 43.56833873051528], [1.565976455225036, 43.56839303304468], [1.566175307762544, 43.5683596633052], [1.565949463832728, 43.56848266583346], [1.565922921799278, 43.56855430670457], [1.565945418914287, 43.56864459308357], [1.566218505303522, 43.568612203606946], [1.566093435530889, 43.568664545646925], [1.566192412905451, 43.5686658526312], [1.566115932957233, 43.56875483199752], [1.565791559099351, 43.56885853525638], [1.566067342992164, 43.568718194643075], [1.565894581889852, 43.568697915243575], [1.565568859286083, 43.56885559359247], [1.565495525178619, 43.56881862909987], [1.565468982423438, 43.56889026987684], [1.565094218260869, 43.569029301092094], [1.565092419433005, 43.56910126876986], [1.564744196835803, 43.56916865809526], [1.564617325077561, 43.56929296613713], [1.56469110906056, 43.569311939314005], [1.564615975502555, 43.56934694189911], [1.564663665385372, 43.56941956376278], [1.564538592436528, 43.56947190404153], [1.56463577175333, 43.56954518013615], [1.564534993355607, 43.56961583942665], [1.564557488703963, 43.569706126160014], [1.564385175095984, 43.569667852420395], [1.564412619411895, 43.569560228023384], [1.564263701128985, 43.56957625700101], [1.564186766983187, 43.56968322698884], [1.564112982689704, 43.5696642534644], [1.564209261810336, 43.56977351379857], [1.564034247967655, 43.56984319104949], [1.564057192656094, 43.56991548597498], [1.563934818536506, 43.569859874021645], [1.563907823267235, 43.56994950639471], [1.563559594134929, 43.57001689196152], [1.563511004733067, 43.56998025343106], [1.563686019628565, 43.56991057701671], [1.56353890103739, 43.56985463730848], [1.563412475394508, 43.5699609520779], [1.563015656515967, 43.5699916973045], [1.56303859998114, 43.57006399245266], [1.562887427977047, 43.57016997916977], [1.562814544346594, 43.570115020909306], [1.562566644358439, 43.57012973750175], [1.562415020754541, 43.5702537154899], [1.562317843072823, 43.570180437371874], [1.562041141644571, 43.57035675245177], [1.561986693949674, 43.57055400824249], [1.561787831377674, 43.57058737036318], [1.561735636457072, 43.57069466642597], [1.561537224086379, 43.57071003616477], [1.561507519608641, 43.570907619557005], [1.561382440540849, 43.570959956255116], [1.56150120774932, 43.57115950656658], [1.561110693166997, 43.57093835784327], [1.561057594687426, 43.57108163746244], [1.560984260641251, 43.571044669866154], [1.560982456598302, 43.571116637576885], [1.559357753364982, 43.57174302001334], [1.559031092274878, 43.57193666295028], [1.558907363713079, 43.5719350210434], [1.558885779725155, 43.571808749142974], [1.558610415193638, 43.571931079891804], [1.558657647879373, 43.57202169645307], [1.558461489141487, 43.5719471009395], [1.558555050658363, 43.572164318040684], [1.55833640503234, 43.57199943416729], [1.558332338393606, 43.572161361530156]], [[1.56285412507434, 43.570511498276204], [1.562829830381463, 43.570493178849446], [1.562854575494208, 43.570493506348], [1.56285412507434, 43.570511498276204]], [[1.562904516124627, 43.57047616940005], [1.562880221430621, 43.570457849985004], [1.562904966528426, 43.57045817747209], [1.562904516124627, 43.57047616940005]], [[1.56332788459016, 43.570373784244275], [1.563353079916856, 43.5703561197008], [1.563352629654287, 43.57037411162934], [1.56332788459016, 43.570373784244275]], [[1.563625275555602, 43.570359720563154], [1.563600980680892, 43.570341401310834], [1.563625725732618, 43.57034172863366], [1.563625275555602, 43.570359720563154]], [[1.565420858633285, 43.5698255230491], [1.56539701302931, 43.5697892122754], [1.565421757853278, 43.56978953918888], [1.565420858633285, 43.5698255230491]], [[1.56539701302931, 43.5697892122754], [1.565372717830701, 43.56977089342674], [1.565397462646636, 43.56977122034573], [1.56539701302931, 43.5697892122754]], [[1.565372268205624, 43.5697888853563], [1.565347073749108, 43.569806550361236], [1.565347523382219, 43.56978855843155], [1.565372268205624, 43.5697888853563]], [[1.565373617080011, 43.569734909568275], [1.565348422647596, 43.56975257457286], [1.565324127479995, 43.56973425571379], [1.565373617080011, 43.569734909568275]], [[1.565732181136869, 43.569253703876434], [1.565707886057924, 43.56923538510959], [1.565732630644968, 43.569235711952096], [1.565732181136869, 43.569253703876434]], [[1.565782569312217, 43.569218373695854], [1.565758274232145, 43.569200054940744], [1.56578301880425, 43.56920038177176], [1.565782569312217, 43.569218373695854]], [[1.566187020572179, 43.56888175567504], [1.566162725505504, 43.568863437014706], [1.566187469934834, 43.56886376375349], [1.566187020572179, 43.56888175567504]], [[1.566312540055711, 43.56881142159794], [1.566263500579299, 43.56879277625077], [1.566312989378481, 43.56879342967675], [1.566312540055711, 43.56881142159794]], [[1.566994561551126, 43.56826249110241], [1.56691808338335, 43.568351471008604], [1.566818657373533, 43.56836815660372], [1.56689603398942, 43.568243192932904], [1.566994561551126, 43.56826249110241]], [[1.56612803775848, 43.56727916858284], [1.56610239525886, 43.56731482563369], [1.566103294012398, 43.56727884183087], [1.56612803775848, 43.56727916858284]], [[1.566361097771439, 43.5678581767827], [1.566385392476034, 43.56787649538579], [1.566360648471063, 43.56787616869234], [1.566361097771439, 43.5678581767827]], [[1.566335455157964, 43.567893833902986], [1.566359749869466, 43.567912152512285], [1.566335005849274, 43.56791182581297], [1.566335455157964, 43.567893833902986]], [[1.566353459626751, 43.5681640392771], [1.566327367558451, 43.56821768831702], [1.566228390953405, 43.568216381456146], [1.566254033777427, 43.56818072435309], [1.566353459626751, 43.5681640392771]], [[1.566177105209811, 43.56828769564675], [1.566201400037449, 43.568306014296496], [1.566176655848416, 43.568305687561036], [1.566177105209811, 43.56828769564675]], [[1.566200051974831, 43.56835999004101], [1.566275183275568, 43.56832498638405], [1.566249540400251, 43.56836064349569], [1.566200051974831, 43.56835999004101]], [[1.566324671671672, 43.568325639804485], [1.5662513377545, 43.56828867583597], [1.566350314484696, 43.568289982676], [1.566324671671672, 43.568325639804485]], [[1.5664245470353, 43.5682909627468], [1.56637595726587, 43.56825432554233], [1.566425445602215, 43.568254978916805], [1.5664245470353, 43.5682909627468]], [[1.565973309243451, 43.56851897645275], [1.565998502942283, 43.56850131131841], [1.565998053523248, 43.56851930323462], [1.565973309243451, 43.56851897645275]], [[1.56521884007207, 43.568994952108554], [1.565243134893237, 43.56901327098171], [1.565218390404848, 43.56901294402774], [1.56521884007207, 43.568994952108554]], [[1.564186766983187, 43.56968322698884], [1.564211061766297, 43.56970154610171], [1.56418631698715, 43.56970121891239], [1.564186766983187, 43.56968322698884]], [[1.564211061766297, 43.56970154610171], [1.564234906583813, 43.569737857133575], [1.56421016178888, 43.569737529949684], [1.564211061766297, 43.56970154610171]], [[1.563039050339687, 43.57004600052931], [1.563113735439158, 43.57002899094134], [1.563113285104149, 43.570046982864774], [1.563039050339687, 43.57004600052931]], [[1.562814093917151, 43.57013301283259], [1.562788898522531, 43.570150677248286], [1.562789348960009, 43.57013268532489], [1.562814093917151, 43.57013301283259]], [[1.562415020754541, 43.5702537154899], [1.56243931521373, 43.57027203500641], [1.562414570198808, 43.57027170741326], [1.562415020754541, 43.5702537154899]], [[1.561107987343617, 43.57104630940586], [1.561131830757054, 43.571082621153074], [1.561107085400229, 43.571082293261846], [1.561107987343617, 43.57104630940586]], [[1.558657647879373, 43.57202169645307], [1.558681941887733, 43.57204001683268], [1.558657196132256, 43.572039688383], [1.558657647879373, 43.57202169645307]], [[1.558555050658363, 43.572164318040684], [1.558579344694334, 43.57218263844504], [1.558554598877971, 43.57218230997197], [1.558555050658363, 43.572164318040684]], [[1.558857872290341, 43.57193436424118], [1.558833578270549, 43.5719160439023], [1.558858323973741, 43.571916372311755], [1.558857872290341, 43.57193436424118]], [[1.558859227339691, 43.57188038845355], [1.558834933342306, 43.57186206811564], [1.558859679022241, 43.57186239652478], [1.558859227339691, 43.57188038845355]], [[1.559529166905492, 43.57181728564653], [1.559504872721029, 43.5717989654593], [1.559529618377597, 43.57179929371578], [1.559529166905492, 43.57181728564653]], [[1.559554815498517, 43.57178163003597], [1.559603855348997, 43.571800278451384], [1.559554364034447, 43.57179962196661], [1.559554815498517, 43.57178163003597]], [[1.559604306797562, 43.571782286520516], [1.559629503888039, 43.571764622823586], [1.559629052447509, 43.57178261475432], [1.559604306797562, 43.571782286520516]], [[1.559629503888039, 43.571764622823586], [1.559679446598019, 43.571747287343335], [1.559678995173277, 43.571765279274075], [1.559629503888039, 43.571764622823586]], [[1.559679446598019, 43.571747287343335], [1.559704643650017, 43.571729623629416], [1.55970419223331, 43.57174761556003], [1.559679446598019, 43.571747287343335]], [[1.559954356632641, 43.57164294583], [1.559930062386273, 43.571624625740085], [1.559954807970127, 43.571624953899644], [1.559954356632641, 43.57164294583]], [[1.561103026640992, 43.57124422062486], [1.561078732196811, 43.57122590079699], [1.561103477615371, 43.571226228694734], [1.561103026640992, 43.57124422062486]], [[1.561178164823587, 43.57120922042389], [1.561154321328267, 43.57117290868362], [1.561179066724419, 43.571173236564114], [1.561178164823587, 43.57120922042389]], [[1.56152505145847, 43.57119581823034], [1.561500756900106, 43.5711774984975], [1.561525502300214, 43.57117782629907], [1.56152505145847, 43.57119581823034]], [[1.563451609913615, 43.57037542111319], [1.563402570030452, 43.570356774453785], [1.563452060145177, 43.57035742918422], [1.563451609913615, 43.57037542111319]], [[1.562714213168529, 43.5701676866143], [1.562663371794527, 43.5702210073183], [1.562613431313242, 43.57023834415229], [1.562614332299265, 43.57020236030496], [1.562714213168529, 43.5701676866143]], [[1.564122876932049, 43.57025831425141], [1.564098581941475, 43.57023999511171], [1.564123326952332, 43.57024032232112], [1.564122876932049, 43.57025831425141]], [[1.564297891932598, 43.570188636837486], [1.564273596915667, 43.57017031773782], [1.56429834189749, 43.57017064490736], [1.564297891932598, 43.570188636837486]], [[1.565280933028811, 43.569481714858604], [1.565112666946869, 43.56928151496371], [1.565187350437524, 43.569264503958756], [1.56535561673003, 43.56946470373559], [1.565280933028811, 43.569481714858604]], [[1.565163055527846, 43.5692461850699], [1.565088821763747, 43.56924520413612], [1.565089721182753, 43.56920922029322], [1.565163055527846, 43.5692461850699]], [[1.564938105458161, 43.56933320172433], [1.564889065982436, 43.56931455574974], [1.564938555215724, 43.569315209802284], [1.564938105458161, 43.56933320172433]], [[1.564790537323034, 43.56929525565578], [1.564741497927645, 43.56927660961504], [1.564790987126544, 43.56927726373481], [1.564790537323034, 43.56929525565578]], [[1.565040681763686, 43.569190574388685], [1.565016836663859, 43.5691542635476], [1.565041581212007, 43.56915459054756], [1.565040681763686, 43.569190574388685]], [[1.56516755237905, 43.56906626586111], [1.56519184721403, 43.56908458474666], [1.565167102695198, 43.569084257780986], [1.56516755237905, 43.56906626586111]], [[1.56519229689013, 43.5690665928267], [1.565242235573452, 43.569049254820975], [1.565241785913136, 43.56906724674096], [1.56519229689013, 43.5690665928267]], [[1.565242235573452, 43.569049254820975], [1.565292174226612, 43.56903191679253], [1.565291724582081, 43.56904990871247], [1.565242235573452, 43.569049254820975]], [[1.565813157166038, 43.568984805524096], [1.565861297728578, 43.569039434921265], [1.565811808722491, 43.56903878128933], [1.565813157166038, 43.568984805524096]], [[1.565391601829489, 43.56901523258726], [1.565367306960121, 43.56899691374726], [1.565392051442449, 43.56899724066733], [1.565391601829489, 43.56901523258726]], [[1.565293073514827, 43.56899593295329], [1.565268778685063, 43.568977614091494], [1.565293523158512, 43.568977941034], [1.565293073514827, 43.56899593295329]], [[1.565591805512189, 43.56892788814388], [1.565516223432237, 43.56898088326278], [1.565467184069689, 43.56896223755383], [1.565591805512189, 43.56892788814388]], [[1.565961624048152, 43.56898676635031], [1.565937329008956, 43.568968447638206], [1.565962073482261, 43.56896877442836], [1.565961624048152, 43.56898676635031]], [[1.565987267381924, 43.56895110929108], [1.565962972349635, 43.56893279058519], [1.565987716807718, 43.56893311736948], [1.565987267381924, 43.56895110929108]], [[1.565666038874607, 43.56892886873362], [1.565617449049339, 43.56889223117345], [1.565666937926893, 43.56889288489388], [1.565666038874607, 43.56892886873362]], [[1.565766365180095, 43.56887620034712], [1.565742070249986, 43.568857881592756], [1.565766814674528, 43.568858208427386], [1.565766365180095, 43.56887620034712]], [[1.565843744770991, 43.56875123738177], [1.565868039688415, 43.56876955611204], [1.565843295301504, 43.56876922930048], [1.565843744770991, 43.56875123738177]], [[1.56586848915015, 43.568751564193214], [1.565893682983293, 43.56873389908031], [1.565893233529591, 43.56875189099902], [1.56586848915015, 43.568751564193214]], [[1.566242800281685, 43.568630522251595], [1.566392164855456, 43.56859649865162], [1.566217157249796, 43.568666179363184], [1.566242800281685, 43.568630522251595]], [[1.56644165348692, 43.56859715201888], [1.566417358459432, 43.56857883341914], [1.566442102767554, 43.56857916009984], [1.56644165348692, 43.56859715201888]], [[1.566170364759325, 43.568557574384414], [1.566194659699012, 43.568575893039124], [1.566169915393707, 43.56857556630205], [1.566170364759325, 43.568557574384414]], [[1.566195109056879, 43.56855790112139], [1.566269791285561, 43.56854088938065], [1.56626934195123, 43.56855888129848], [1.566195109056879, 43.56855790112139]], [[1.566541529252201, 43.568562474847035], [1.566517234207521, 43.5685441562701], [1.566541978501265, 43.56854448292802], [1.566541529252201, 43.568562474847035]], [[1.566073185155609, 43.56848429971353], [1.566048890293437, 43.568465981032816], [1.566073634550825, 43.56846630779743], [1.566073185155609, 43.56848429971353]], [[1.566394860628052, 43.56848854714206], [1.566445697002486, 43.56843522475565], [1.56649518549555, 43.568435878098434], [1.566394860628052, 43.56848854714206]], [[1.56649518549555, 43.568435878098434], [1.566545123236833, 43.568418539501224], [1.566544673989739, 43.56843653141866], [1.56649518549555, 43.568435878098434]], [[1.566545123236833, 43.568418539501224], [1.566570316715659, 43.56840087423545], [1.566569867476599, 43.56841886615279], [1.566545123236833, 43.568418539501224]], [[1.566173060947123, 43.568449622883286], [1.566148766067759, 43.56843130422536], [1.566173510310771, 43.56843163096721], [1.566173060947123, 43.568449622883286]], [[1.566273385950072, 43.568396954046], [1.566249091060985, 43.56837863541119], [1.566273835281868, 43.56837896213019], [1.566273385950072, 43.568396954046]], [[1.566619805180532, 43.56840152752143], [1.566595510178982, 43.56838320896404], [1.566620254403808, 43.56838353560411], [1.566619805180532, 43.56840152752143]], [[1.566793014816457, 43.56840381384474], [1.566768719758676, 43.5683854953261], [1.566793463985473, 43.568385821926704], [1.566793014816457, 43.56840381384474]], [[1.566423199182815, 43.5683449384935], [1.566374160068902, 43.568326293202375], [1.566423648467258, 43.56832694657769], [1.566423199182815, 43.5683449384935]], [[1.56642589488525, 43.56823698700213], [1.566476731008126, 43.568183664610544], [1.566501475146278, 43.5681839912776], [1.566500127368625, 43.56823796702124], [1.56642589488525, 43.56823698700213]], [[1.566452885418288, 43.56814735411027], [1.566403846463494, 43.568128708835125], [1.566453334691883, 43.56812936219686], [1.566452885418288, 43.56814735411027]], [[1.566560846707727, 43.567788822531924], [1.566536551984251, 43.56777050396918], [1.566561295944685, 43.56777083062255], [1.566560846707727, 43.567788822531924]], [[1.566512257276277, 43.567752185401254], [1.566487962583805, 43.56773386682812], [1.566512706528174, 43.56773419349255], [1.566512257276277, 43.567752185401254]], [[1.566464117173673, 43.567697556341734], [1.566439822519677, 43.56767923775853], [1.566464566440228, 43.56767956443392], [1.566464117173673, 43.567697556341734]], [[1.566296750830083, 43.567461374720345], [1.566248611176355, 43.56740674557638], [1.566298098780697, 43.5674073990085], [1.566296750830083, 43.567461374720345]]], [[[1.563710764495092, 43.569910904320075], [1.563911423941386, 43.56980557099686], [1.56388802939052, 43.569751267969075], [1.563663525570551, 43.56982029008996], [1.563710764495092, 43.569910904320075]], [[1.563861934297122, 43.569804916476], [1.563837639581668, 43.56978659728374], [1.563862384395625, 43.5697869245525], [1.563861934297122, 43.569804916476]]], [[[1.5540130644107, 43.569692209913576], [1.553837585203529, 43.56977986260976], [1.554086845401781, 43.56971119030031], [1.5540130644107, 43.569692209913576]]], [[[1.553686396963287, 43.56988583649724], [1.553837131963569, 43.56979785449147], [1.553813293697387, 43.5697615411754], [1.553637813973323, 43.56984919355299], [1.553686396963287, 43.56988583649724]]], [[[1.553461426995584, 43.56997282941689], [1.553309330737443, 43.570114786561746], [1.553409670449545, 43.57006212954787], [1.553461426995584, 43.56997282941689]]], [[[1.553485265126943, 43.57000914281555], [1.55328322559401, 43.570168432539845], [1.553279144833027, 43.57033035950653], [1.553485265126943, 43.57000914281555]]], [[[1.552789234433554, 43.5701258541177], [1.552413524125589, 43.57030082545786], [1.552711824577106, 43.57025080789933], [1.552709556591941, 43.57034076731624], [1.552882771521782, 43.57034307582919], [1.552808990116739, 43.57032409461607], [1.552789234433554, 43.5701258541177]]], [[[1.559070382950528, 43.57037136586068], [1.558773442507354, 43.57036742515912], [1.558718983575391, 43.57056467931285], [1.559063157239919, 43.570659236462696], [1.559488791280262, 43.570466906697476], [1.559341223833171, 43.57042895319425], [1.559191398746786, 43.57048095905229], [1.559070382950528, 43.57037136586068]], [[1.559365065872797, 43.57046526531373], [1.559315124183106, 43.570482600633895], [1.559315575711792, 43.57046460872076], [1.559365065872797, 43.57046526531373]], [[1.559315124183106, 43.570482600633895], [1.559289476021552, 43.57051825615558], [1.559265634007729, 43.57048194401816], [1.559315124183106, 43.570482600633895]]], [[[1.558160925373992, 43.57208709399014], [1.558312563006218, 43.57196312178314], [1.558111433828701, 43.5720864368477], [1.558160925373992, 43.57208709399014]]], [[[1.552278699384992, 43.57172086527229], [1.552517535504492, 43.57206601019864], [1.552514359796667, 43.57219195353755], [1.552392445718425, 43.572118336584644], [1.552464868225741, 43.57219129382188], [1.552388362306413, 43.57228026373788], [1.552537290917125, 43.5722642510145], [1.552533207903269, 43.572426178189666], [1.552024221526628, 43.57297732933363], [1.55247827188985, 43.572641421408264], [1.552607445564988, 43.57242716770816], [1.552569748899182, 43.57195871846432], [1.552278699384992, 43.57172086527229]], [[1.552545003213789, 43.57195838862198], [1.552519803858693, 43.57197605067753], [1.552520257528681, 43.57195805877399], [1.552545003213789, 43.57195838862198]]], [[[1.552256919361147, 43.57258447670361], [1.552381556568539, 43.57255014236688], [1.552259188144204, 43.57249451715546], [1.552256919361147, 43.57258447670361]]], [[[1.557167350936238, 43.57320776732487], [1.557291082191226, 43.57320941121555], [1.557244755082128, 43.57308281011006], [1.557391875812381, 43.5731387584706], [1.557394136571083, 43.57304879878063], [1.557517415377544, 43.57306843435083], [1.557570072434966, 43.57294314820106], [1.557667700797934, 43.57299843877041], [1.557671769370581, 43.572836511338004], [1.557794595792134, 43.57287413852696], [1.557773917957906, 43.57271188245275], [1.557921490236851, 43.572749838146024], [1.55787516210844, 43.57262323734997], [1.558046576359165, 43.57269750536876], [1.558075841740971, 43.57251791461038], [1.558198215850578, 43.57257353326869], [1.558152339162891, 43.57242894067332], [1.55830171841282, 43.57239492811106], [1.558305333295412, 43.57225099265411], [1.558475843378508, 43.57236124384086], [1.558260360339978, 43.57207041627847], [1.558133468130652, 43.57219471699653], [1.557984541261527, 43.572210737393135], [1.558078553335144, 43.5724099630127], [1.557908495854243, 43.5722817192684], [1.558000699954326, 43.572552912696835], [1.557757308540137, 43.57238769900797], [1.557801828142367, 43.57258626756502], [1.557608833144112, 43.57238572696077], [1.557409057400826, 43.572455064967166], [1.557558437159074, 43.57242105342664], [1.557650639829346, 43.57269224717858], [1.557479678227347, 43.57259998660289], [1.557548491009341, 43.572816875946195], [1.557427473425444, 43.572707280745476], [1.557447246012926, 43.57290552075639], [1.557100800338141, 43.572900918006425], [1.557146674754598, 43.57304551109351], [1.55702384839106, 43.57300788316732], [1.557022943856984, 43.57304386703851], [1.557144413608262, 43.573135470778126], [1.557167350936238, 43.57320776732487]], [[1.558202282896799, 43.572411605864346], [1.558177988884263, 43.57239328537272], [1.558202734789408, 43.572393613931645], [1.558202282896799, 43.572411605864346]], [[1.558182959769538, 43.57219537412899], [1.558231095763487, 43.57225000703059], [1.558230191998023, 43.572285990892844], [1.558132112391552, 43.57224869278695], [1.558182959769538, 43.57219537412899]], [[1.557047690035939, 43.57304419586079], [1.557072888466853, 43.573026532741515], [1.557072436215179, 43.573044524677435], [1.557047690035939, 43.57304419586079]], [[1.557272666604731, 43.5729571953259], [1.557247468265715, 43.57297485849066], [1.557247920461987, 43.57295686655488], [1.557272666604731, 43.5729571953259]]], [[[1.557154362599133, 43.57273964820772], [1.557201141442064, 43.57284825738728], [1.557299221467992, 43.57288555634948], [1.55727718847434, 43.572777275979284], [1.557154362599133, 43.57273964820772]]], [[[1.556673783121111, 43.57314721454456], [1.556745307655554, 43.57325615285318], [1.556918983845187, 43.573240462995905], [1.556698529342614, 43.57314754344641], [1.556653108356224, 43.57298495822611], [1.556673783121111, 43.57314721454456]]], [[[1.549449653586517, 43.57494074629588], [1.549769545777221, 43.57501701070345], [1.549913937110785, 43.57518092085875], [1.549794747313261, 43.57499934924865], [1.549720506373859, 43.574998357805704], [1.549747071605356, 43.57492672057442], [1.549653538913793, 43.57470949546868], [1.549459655944006, 43.574544923934745], [1.54956318924635, 43.57436632686106], [1.54956046154752, 43.57447427839256], [1.549897825878332, 43.57483874372751], [1.549828130508017, 43.57465783308392], [1.5499532281647, 43.574605509558985], [1.550847293064742, 43.57449145810991], [1.550696541158758, 43.57457943625343], [1.550150293797707, 43.57464413672302], [1.549999540422663, 43.57473211390844], [1.550097618987718, 43.574769419423134], [1.550521041949402, 43.57466708388897], [1.550594373884557, 43.57470405864359], [1.551068651547969, 43.57454840576318], [1.551464146253814, 43.574571679887555], [1.551663482583851, 43.57452034464657], [1.552033776698116, 43.574561278578976], [1.552036499750274, 43.574453326978876], [1.552130948667726, 43.57463456612245], [1.551438491389434, 43.57460733365645], [1.55036983471637, 43.574773053520026], [1.550070599806086, 43.57485904866177], [1.551636011996221, 43.57462796619226], [1.552155241698894, 43.574652887995306], [1.55220292022598, 43.574725515598566], [1.552159325937205, 43.574490960583276], [1.552445398133368, 43.574926725884055], [1.552455379833397, 43.57453090325115], [1.552551191246621, 43.57465816622703], [1.552603406935978, 43.57455087428286], [1.552823406602913, 43.57466179417402], [1.553122182859409, 43.57459378339855], [1.552770737610272, 43.57478707817206], [1.553169862560676, 43.57466641057432], [1.553190981568572, 43.57481067580358], [1.553388956925065, 43.574813313212196], [1.553213007635447, 43.57491895715594], [1.553412343607413, 43.57486761869275], [1.553384876132138, 43.57497524070679], [1.553956323206676, 43.5748928615348], [1.554257818211231, 43.57471689595625], [1.554931872352995, 43.574491893893025], [1.554934137019796, 43.57440193416958], [1.555080353104113, 43.57449386960287], [1.555034935635296, 43.57433128355343], [1.555230192387274, 43.574441869271105], [1.55520861554486, 43.574315596419524], [1.555333254745176, 43.574281258653976], [1.555263542923486, 43.574100351569015], [1.555409305985131, 43.574210278483115], [1.5553652461933, 43.57399371677986], [1.555510103679356, 43.57413962743537], [1.55565948894583, 43.574105618466874], [1.555688309820275, 43.57394402011713], [1.555809779346555, 43.57403562540688], [1.555715319800694, 43.573854389538276], [1.556008657336553, 43.57400227415275], [1.555940754175733, 43.57374939977403], [1.556086517643016, 43.573859325752395], [1.5560653917089, 43.57371506118181], [1.556261553374133, 43.573789661115036], [1.556241332059834, 43.57360941270574], [1.556362801760561, 43.57370101735561], [1.556292634899253, 43.57353810294342], [1.556438398503818, 43.57364802843334], [1.556392977858152, 43.573485443047566], [1.556661116438276, 43.57365098883081], [1.556590948791575, 43.573488074617025], [1.556517614547775, 43.57345110394269], [1.556719204294423, 43.57330979977463], [1.556520781543107, 43.5733251603764], [1.556525305798049, 43.57314524101501], [1.55630711475692, 43.57296236101071], [1.556483504791207, 43.572838720267306], [1.556656727409238, 43.57284102276491], [1.55672734681141, 43.57298594492879], [1.556610854390148, 43.57269642949147], [1.556782267223845, 43.57277069950952], [1.556807917948796, 43.57273504452401], [1.556612663962797, 43.57262446177425], [1.556137964682859, 43.5727981305847], [1.556207677678699, 43.57297903694437], [1.556496035246062, 43.573324831434], [1.556494225505135, 43.57339679918441], [1.556419081603987, 43.57343179619798], [1.556248119778877, 43.57333953363608], [1.55632009623598, 43.573430480301745], [1.556293992398247, 43.57348412712751], [1.556172975802659, 43.57337453047798], [1.556243142124485, 43.573537444948904], [1.556122125513581, 43.573427848238666], [1.556117147417187, 43.5736257595579], [1.555897145356874, 43.57351484641874], [1.555944827672543, 43.573587472321684], [1.555918723412755, 43.573641119063105], [1.55577341348354, 43.573513200939644], [1.555912839353692, 43.573875014285186], [1.555813853233097, 43.57387369792716], [1.555620860851229, 43.5736731536104], [1.555641532946518, 43.57383541020313], [1.555544810584371, 43.573744133902885], [1.555519158624092, 43.57377978861512], [1.555539830470337, 43.57394204523922], [1.555171349268041, 43.57382915552465], [1.555094392481823, 43.57393611938754], [1.555212238303363, 43.57417166087312], [1.555017435408838, 43.57404308320386], [1.555111893062008, 43.57422431970321], [1.555085787734297, 43.57427796626822], [1.554843756271466, 43.57405877002905], [1.554960695469494, 43.574330295692945], [1.554762721706514, 43.57432766115025], [1.554834697049318, 43.57441860886288], [1.554659204649661, 43.57450626317531], [1.554562482719106, 43.57441498595761], [1.554386989914898, 43.57450263982997], [1.554112962451411, 43.57457098357186], [1.554813574055117, 43.574274343992634], [1.554912560843572, 43.5742756612627], [1.554816744834159, 43.5741484004039], [1.554589041638613, 43.5743433475712], [1.553814640772713, 43.574621005129515], [1.553567172384466, 43.57461770928274], [1.553595092700097, 43.57449209530959], [1.553395758195452, 43.57454343409478], [1.553572159357631, 43.57441979794382], [1.553148290165639, 43.57454013729376], [1.553028184409813, 43.574394553185954], [1.552728048205278, 43.57451653950149], [1.552529620215475, 43.57453189282432], [1.552410423492702, 43.574350324166836], [1.552330738369838, 43.57456523771997], [1.552114824374516, 43.57429238945034], [1.55211074002481, 43.57445431683833], [1.552063515671712, 43.57436369727652], [1.550848655705973, 43.57443748232633], [1.55139626243717, 43.57431880256768], [1.550850926768998, 43.57434752269156], [1.550901782768102, 43.57429420736487], [1.550804612943732, 43.57422091873903], [1.549860604261569, 43.574352300834306], [1.550657495860423, 43.574164961413196], [1.550485632463498, 43.57410867357818], [1.550038830311415, 43.57415670275747], [1.550214328696744, 43.57406905593226], [1.550066758122954, 43.57403108973178], [1.549390871650381, 43.57432802920645], [1.549389052970831, 43.574399996888395], [1.549241482092142, 43.57436202955784], [1.549384506252007, 43.57457991610895], [1.549191079223685, 43.5743973521894], [1.549163149317952, 43.5745229650219], [1.548913862338495, 43.57459162626035], [1.549058704935856, 43.57473754558081], [1.549182439255095, 43.57473919871118], [1.549209005038092, 43.57466756162441], [1.549381778207033, 43.57468786765201], [1.549449653586517, 43.57494074629588]], [[1.549721415515926, 43.57496237394652], [1.54969712313056, 43.574944051525335], [1.549721870086532, 43.57494438201727], [1.549721415515926, 43.57496237394652]], [[1.54956318924635, 43.57436632686106], [1.549538897163697, 43.574348004412094], [1.549563643861824, 43.574348334939934], [1.54956318924635, 43.57436632686106]], [[1.549563643861824, 43.574348334939934], [1.549588845167672, 43.57433067354113], [1.549588390560235, 43.57434866546214], [1.549563643861824, 43.574348334939934]], [[1.550596645356586, 43.57461409899743], [1.550546243100636, 43.5746494222641], [1.55047245693367, 43.57463043940661], [1.550472911266272, 43.57461244747838], [1.550596645356586, 43.57461409899743]], [[1.55047245693367, 43.57463043940661], [1.550422508935639, 43.57464777068756], [1.550422963284032, 43.5746297787593], [1.55047245693367, 43.57463043940661]], [[1.550348268440058, 43.574646779674], [1.55037256090745, 43.574665101945754], [1.550347814068121, 43.57466477160213], [1.550348268440058, 43.574646779674]], [[1.551142891928766, 43.57454939628427], [1.551168092837028, 43.57453173451654], [1.551167638722935, 43.57454972644669], [1.551142891928766, 43.57454939628427]], [[1.553169862560676, 43.57466641057432], [1.5531950628967, 43.57464874833485], [1.553194609416934, 43.57466674027492], [1.553169862560676, 43.57466641057432]], [[1.553559918543937, 43.574905580369446], [1.553535624957542, 43.57488725880755], [1.553560371911101, 43.57488758842486], [1.553559918543937, 43.574905580369446]], [[1.555263542923486, 43.574100351569015], [1.55523924913415, 43.57408203039845], [1.555263995750381, 43.57408235962739], [1.555263542923486, 43.574100351569015]], [[1.556090138171685, 43.57371539022241], [1.556115337191807, 43.57369772731705], [1.556114884634753, 43.573715719257386], [1.556090138171685, 43.57371539022241]], [[1.556566202423904, 43.57348774569059], [1.556541003634664, 43.573505408697976], [1.556541456056518, 43.57348741675849], [1.556566202423904, 43.57348774569059]], [[1.556517614547775, 43.57345110394269], [1.556493320632969, 43.57343278306092], [1.556518066976531, 43.57343311200397], [1.556517614547775, 43.57345110394269]], [[1.556211750367987, 43.57281710956889], [1.556486219394667, 43.572730768685304], [1.556558647876815, 43.57280372322362], [1.556233328853584, 43.572943382089385], [1.556211750367987, 43.57281710956889]], [[1.556256717464719, 43.5729976868867], [1.556281916118572, 43.57298002395153], [1.55628146361938, 43.57299801588357], [1.556256717464719, 43.5729976868867]], [[1.55628146361938, 43.57299801588357], [1.556305757282601, 43.573016336807164], [1.556281011119904, 43.57301600781584], [1.55628146361938, 43.57299801588357]], [[1.556400217313499, 43.573197572056465], [1.556451067140346, 43.57314425417411], [1.556449709797066, 43.57319822997922], [1.556400217313499, 43.573197572056465]], [[1.556318738762797, 43.57348445611598], [1.556342580159598, 43.5735207689763], [1.556317833779257, 43.57352043999325], [1.556318738762797, 43.57348445611598]], [[1.555943469842826, 43.573641448137124], [1.555967311067457, 43.573677761083786], [1.555942564621597, 43.57367743201518], [1.555943469842826, 43.573641448137124]], [[1.555967311067457, 43.573677761083786], [1.555991152322249, 43.573714074026135], [1.555966405860599, 43.573713744962966], [1.555967311067457, 43.573677761083786]], [[1.555641532946518, 43.57383541020313], [1.555665826759875, 43.57385373128055], [1.55564108023989, 43.57385340214322], [1.555641532946518, 43.57383541020313]], [[1.555169990705392, 43.573883131339485], [1.555194284388459, 43.573901452522996], [1.555169537850609, 43.573901123278226], [1.555169990705392, 43.573883131339485]], [[1.555110534434108, 43.574278295532174], [1.555134828265421, 43.57429661673402], [1.555110081557574, 43.57429628747562], [1.555110534434108, 43.574278295532174]], [[1.554063468811189, 43.57457032458359], [1.554087309232403, 43.57460663796642], [1.55401306872683, 43.574605649457986], [1.554063468811189, 43.57457032458359]], [[1.553395304779416, 43.574561426034386], [1.553270210356081, 43.574613753522335], [1.553220716688662, 43.574613094149996], [1.553321517783524, 43.574542445113664], [1.553395304779416, 43.574561426034386]], [[1.553220716688662, 43.574613094149996], [1.55317076953543, 43.57463042669461], [1.55317122302238, 43.5746124347551], [1.553220716688662, 43.574613094149996]], [[1.552355485177663, 43.574565567611735], [1.55237932451653, 43.574601881369354], [1.552354577692914, 43.57460155148303], [1.552355485177663, 43.574565567611735]], [[1.550828451158485, 43.574257232828344], [1.550778503592628, 43.57427456426853], [1.550778957826499, 43.57425657234346], [1.550828451158485, 43.574257232828344]], [[1.550038830311415, 43.57415670275747], [1.55001362922037, 43.57417436425855], [1.550014083693158, 43.57415637233794], [1.550038830311415, 43.57415670275747]], [[1.549964135969203, 43.57417370340235], [1.549987973632709, 43.57421001767495], [1.5499384803511, 43.57420935680705], [1.549964135969203, 43.57417370340235]], [[1.5499384803511, 43.57420935680705], [1.549913279206069, 43.574227018285505], [1.549913733710723, 43.574209026364656], [1.5499384803511, 43.57420935680705]], [[1.549384506252007, 43.57457991610895], [1.549408798383516, 43.57459823859542], [1.549384051578557, 43.57459790803224], [1.549384506252007, 43.57457991610895]], [[1.549133400279804, 43.57472054555196], [1.549109108184438, 43.57470222300232], [1.54913385503278, 43.57470255362817], [1.549133400279804, 43.57472054555196]], [[1.549209005038092, 43.57466756162441], [1.549184712941015, 43.574649239092366], [1.549209459766953, 43.57464956970098], [1.549209005038092, 43.57466756162441]], [[1.549577025281716, 43.57479846356022], [1.549625155268174, 43.57485310037491], [1.549600408352108, 43.574852769860954], [1.549577025281716, 43.57479846356022]], [[1.549577934510552, 43.574762479707225], [1.549527986127594, 43.574779810578384], [1.549528895386872, 43.57474382672628], [1.549577934510552, 43.574762479707225]], [[1.549528895386872, 43.57474382672628], [1.549504603155428, 43.5747255042648], [1.549529350016083, 43.57472583480055], [1.549528895386872, 43.57474382672628]], [[1.549504603155428, 43.5747255042648], [1.549480310939491, 43.57470718179814], [1.549505057792108, 43.57470751233943], [1.549504603155428, 43.5747255042648]], [[1.553487037831274, 43.574850615668154], [1.553562185376917, 43.57481562064869], [1.553560825277981, 43.57486959648048], [1.553487037831274, 43.574850615668154]], [[1.553488397999135, 43.57479663983801], [1.553514505055403, 43.574742993637614], [1.553614399320022, 43.57470832820673], [1.553488397999135, 43.57479663983801]], [[1.549481220227501, 43.574671197948255], [1.54945601873906, 43.57468885932628], [1.549456473390675, 43.57467086740155], [1.549481220227501, 43.574671197948255]], [[1.553688186625956, 43.57472730893065], [1.553662986407161, 43.57474497128552], [1.553663439740755, 43.574726979342515], [1.553688186625956, 43.57472730893065]], [[1.549110472464913, 43.57464824723266], [1.549060524040223, 43.57466557788746], [1.549060978815602, 43.5746475859647], [1.549110472464913, 43.57464824723266]], [[1.550224079875751, 43.574663119799546], [1.550198878619391, 43.574680781349834], [1.550199333038131, 43.5746627894221], [1.550224079875751, 43.574663119799546]], [[1.553812374343016, 43.57471096484332], [1.553713386829246, 43.574709646570135], [1.553813280915747, 43.57467498095712], [1.553812374343016, 43.57471096484332]], [[1.549308901771118, 43.57463290015544], [1.549283700246477, 43.574650561493016], [1.549284154951794, 43.57463256956948], [1.549308901771118, 43.57463290015544]], [[1.549803838217458, 43.574639510690474], [1.549778636842178, 43.57465717214297], [1.549779091392434, 43.57463918021729], [1.549803838217458, 43.574639510690474]], [[1.553317436819632, 43.57470437257519], [1.553367383992918, 43.57468703996222], [1.553366930566855, 43.574705031903505], [1.553317436819632, 43.57470437257519]], [[1.553367383992918, 43.57468703996222], [1.553392584277229, 43.57466937767665], [1.553392130859203, 43.57468736961782], [1.553367383992918, 43.57468703996222]], [[1.549433090530531, 43.57461656107669], [1.549407889051267, 43.57463422244288], [1.549408343717534, 43.57461623051903], [1.549433090530531, 43.57461656107669]], [[1.553863227913757, 43.5746576481165], [1.553837574500923, 43.574693302454214], [1.55383848105758, 43.57465731856824], [1.553863227913757, 43.5746576481165]], [[1.549186077149148, 43.57459526332375], [1.54913612879338, 43.57461259401268], [1.549136583544645, 43.57459460209025], [1.549186077149148, 43.57459526332375]], [[1.549359304773884, 43.57459757746342], [1.549334103280254, 43.574615238812235], [1.549334557969495, 43.574597246888935], [1.549359304773884, 43.57459757746342]], [[1.549636520180413, 43.57440330225468], [1.549958227595466, 43.57440759838789], [1.549783636879327, 43.574459260972795], [1.549856513549364, 43.57451422814419], [1.550378013258853, 43.57444919882133], [1.550575532940418, 43.57446983328352], [1.549754799125419, 43.574620857813116], [1.549636520180413, 43.57440330225468]], [[1.553887974770219, 43.57465797765908], [1.553963121819299, 43.57462298236692], [1.553962668580446, 43.57464097430987], [1.553887974770219, 43.57465797765908]], [[1.549236480194441, 43.57455994068965], [1.549211278679547, 43.57457760200952], [1.549211733406983, 43.57455961008722], [1.549236480194441, 43.57455994068965]], [[1.550869768796588, 43.57458174798391], [1.550844567774593, 43.574599409683024], [1.55084502199033, 43.57458141775361], [1.550869768796588, 43.57458174798391]], [[1.550944463401511, 43.574564746711346], [1.550919262409959, 43.57458240842759], [1.550919716602152, 43.57456441649808], [1.550944463401511, 43.574564746711346]], [[1.554359977555614, 43.57459227011892], [1.554334777602778, 43.574609932627986], [1.554335230724767, 43.574591940683874], [1.554359977555614, 43.57459227011892]], [[1.554260990233931, 43.57459095234493], [1.554286190201137, 43.57457328985319], [1.554285737063926, 43.574591281796884], [1.554260990233931, 43.57459095234493]], [[1.554286190201137, 43.57457328985319], [1.554311390152836, 43.574555627355835], [1.554310937023662, 43.5745736192994], [1.554286190201137, 43.57457328985319]], [[1.550871131418831, 43.57452777219669], [1.550896786600013, 43.57449211856376], [1.550895878202115, 43.574528102421006], [1.550871131418831, 43.57452777219669]], [[1.550896786600013, 43.57449211856376], [1.550921987558846, 43.57447445685386], [1.550921533368076, 43.574492448782266], [1.550896786600013, 43.57449211856376]], [[1.551812417207898, 43.57450433289224], [1.551737722938621, 43.574521334761016], [1.551738176873826, 43.574503342828855], [1.551812417207898, 43.57450433289224]], [[1.550724467736848, 43.57445382302168], [1.55067451996856, 43.57447115441638], [1.550674974236575, 43.574453162489306], [1.550724467736848, 43.57445382302168]], [[1.550823908962023, 43.57443715209126], [1.550749214487412, 43.574454153279426], [1.550749668731883, 43.57443616135223], [1.550823908962023, 43.57443715209126]], [[1.551517271904058, 43.574428404611616], [1.55149207114858, 43.574446066459096], [1.551492525160176, 43.5744280745289], [1.551517271904058, 43.574428404611616]], [[1.550304681788595, 43.57441222392719], [1.550329882894514, 43.574394562355664], [1.550329428518812, 43.57441255428058], [1.550304681788595, 43.57441222392719]], [[1.550329882894514, 43.574394562355664], [1.550454070847758, 43.57437822211218], [1.550453616511105, 43.57439621403741], [1.550329882894514, 43.574394562355664]], [[1.550503564280882, 43.5743788827452], [1.550478363235278, 43.57439654435684], [1.550478817564177, 43.5743785524315], [1.550503564280882, 43.5743788827452]], [[1.549662176072718, 43.57436764891651], [1.549687377356731, 43.5743499874946], [1.549686922780022, 43.574367979416266], [1.549662176072718, 43.57436764891651]], [[1.549687377356731, 43.5743499874946], [1.54971257862524, 43.57433232606705], [1.549712124056568, 43.57435031798862], [1.549687377356731, 43.5743499874946]], [[1.549761162903645, 43.574368970881714], [1.549811565396422, 43.5743336479863], [1.549835403029832, 43.57436996229644], [1.549761162903645, 43.574368970881714]], [[1.550603005440397, 43.57436221201791], [1.550577804432704, 43.574379873652425], [1.550578258730307, 43.574361881726894], [1.550603005440397, 43.57436221201791]], [[1.55070244654216, 43.57434554119976], [1.550652498861432, 43.57436287258306], [1.550652953135492, 43.57434488065742], [1.55070244654216, 43.57434554119976]], [[1.549762981115738, 43.57429700319509], [1.549737779878242, 43.57431466463388], [1.549738234438591, 43.57429667271266], [1.549762981115738, 43.57429700319509]], [[1.549812929007693, 43.57427967222168], [1.549838130206709, 43.574262010765864], [1.549837675677941, 43.574280002687075], [1.549812929007693, 43.57427967222168]], [[1.549838130206709, 43.574262010765864], [1.54986333139022, 43.574244349304415], [1.54986287686949, 43.57426234122552], [1.549838130206709, 43.574262010765864]], [[1.555211785459543, 43.57418965281563], [1.555186585945506, 43.574207315517405], [1.555187038797362, 43.57418932357478], [1.555211785459543, 43.57418965281563]], [[1.555241966136073, 43.57397407875409], [1.555217672407057, 43.573955757580315], [1.555242418968734, 43.57395608681415], [1.555241966136073, 43.57397407875409]], [[1.555217672407057, 43.573955757580315], [1.555193831541144, 43.57391944446206], [1.555218578087032, 43.57391977370131], [1.555217672407057, 43.573955757580315]], [[1.555391351130616, 43.57394007015832], [1.555366151781376, 43.573957732898684], [1.555366604574989, 43.57393974095844], [1.555391351130616, 43.57394007015832]], [[1.555936680655945, 43.57391132724448], [1.5559114814871, 43.573928990111035], [1.555911934109581, 43.573910998168856], [1.555936680655945, 43.57391132724448]], [[1.555568198870448, 43.57379843887876], [1.555542999637786, 43.573816101658416], [1.555543452374857, 43.57379810971919], [1.555568198870448, 43.57379843887876]]], [[[1.554735257021074, 43.574435283465334], [1.554612429264716, 43.57439765277555], [1.554660563707295, 43.57445228734344], [1.554735257021074, 43.574435283465334]]], [[[1.552954851302528, 43.574357580082626], [1.552557089081935, 43.57442427105978], [1.552554820689424, 43.574514230735026], [1.552753702228203, 43.574480885430205], [1.552953944196748, 43.574393563953706], [1.552954851302528, 43.574357580082626]], [[1.55258092848965, 43.57446058476958], [1.552629514707467, 43.57449722830438], [1.552580474818902, 43.57447857670473], [1.55258092848965, 43.57446058476958]]]]}}, {"type": "Feature", "properties": {"classe": 3, "classeLabel": "1 - 2 m", "classeColor": "#2171b5"}, "geometry": {"type": "MultiPolygon", "coordinates": [[[[1.512862360270079, 43.57584973040552], [1.512860961879992, 43.57590370575928], [1.513059405195664, 43.575888424898885], [1.513036056272867, 43.57583411069764], [1.512862360270079, 43.57584973040552]]], [[[1.514535853780961, 43.57623259762494], [1.514066120767165, 43.57620817318653], [1.513940055331585, 43.576296439017135], [1.514063791987339, 43.57629813215882], [1.514135705313467, 43.576389106955695], [1.514285586611671, 43.57633716305108], [1.51426270204048, 43.576264857300956], [1.514535853780961, 43.57623259762494]], [[1.514111889426804, 43.57635278476274], [1.514137102516839, 43.576335131567305], [1.514136636782674, 43.57635312336322], [1.514111889426804, 43.57635278476274]], [[1.514237954721917, 43.57626451872922], [1.514187062932316, 43.576317816955225], [1.514163247042733, 43.576281494775316], [1.514237954721917, 43.57626451872922]], [[1.514089005068161, 43.57628047897523], [1.514138033984294, 43.57629914797616], [1.514088539319365, 43.576298470770226], [1.514089005068161, 43.57628047897523]]], [[[1.514656796894722, 43.57634224087243], [1.51423516050563, 43.576372469505294], [1.51411002645621, 43.57642475194816], [1.514109094969162, 43.57646073554219], [1.514134308107468, 43.5764430823461], [1.514529800849485, 43.57646649099467], [1.514604974249334, 43.576431522895135], [1.514482168543391, 43.576393846773364], [1.514656796894722, 43.57634224087243]]], [[[1.51400824226087, 43.576531348270265], [1.51418240573551, 43.576497734924295], [1.514183337177207, 43.57646175132868], [1.513984892178864, 43.57647703424875], [1.51400824226087, 43.576531348270265]]], [[[1.512814305906324, 43.57674898100081], [1.512492121932911, 43.57676256663073], [1.512813839754225, 43.57676697279622], [1.512814305906324, 43.57674898100081]]], [[[1.5139596789797, 43.57649468741057], [1.513763097218578, 43.57643800273865], [1.513740679123786, 43.576347705078966], [1.513865813341636, 43.57629542306447], [1.513667368833728, 43.57631070540258], [1.513644485051744, 43.576238399523525], [1.513568845408122, 43.57629135874628], [1.513451166113722, 43.57605577176023], [1.513251790305179, 43.57610703691605], [1.513165431618486, 43.57657380707755], [1.513658982927724, 43.57663455772128], [1.513858826027974, 43.576565300001576], [1.513906923496149, 43.57661995270643], [1.513807933619735, 43.57661859806109], [1.51375610940468, 43.5767078796959], [1.513559061196776, 43.57666918644448], [1.513505372807221, 43.576830435159046], [1.514676961016187, 43.57747640155714], [1.515120095069145, 43.5775724522648], [1.515473080077531, 43.57732530352964], [1.51596943129924, 43.577278092822006], [1.51579712739018, 43.57723974179308], [1.515775171010106, 43.57713145269005], [1.515875557404181, 43.57707883010426], [1.515605659350405, 43.57698515049152], [1.515365163309305, 43.57671189046706], [1.515216678207042, 43.57670986045867], [1.51529185150718, 43.5766748918778], [1.5151933269091, 43.5766555466902], [1.515196584741078, 43.57652960406534], [1.514776343866596, 43.57650585939461], [1.514451833537678, 43.576609409842476], [1.514402804254515, 43.57659074097915], [1.514055874081335, 43.57660399270637], [1.5139596789797, 43.57649468741057]], [[1.514402338601548, 43.576608732779405], [1.51437712547291, 43.57662638603976], [1.514377591133921, 43.576608394239415], [1.514402338601548, 43.576608732779405]], [[1.515172383362202, 43.577465178111005], [1.51519666579276, 43.57748350828469], [1.515171917943339, 43.5774831699255], [1.515172383362202, 43.577465178111005]], [[1.515223275254147, 43.57741187938079], [1.51524755767841, 43.57743020954243], [1.515222809851666, 43.577429871194816], [1.515223275254147, 43.57741187938079]], [[1.515325989493091, 43.577269298229176], [1.515350271889841, 43.57728762836603], [1.515325524123958, 43.57728729004187], [1.515325989493091, 43.577269298229176]], [[1.51547401072363, 43.57728931990227], [1.515106517747288, 43.57714031038329], [1.515035998315909, 43.57699536075695], [1.515283474712304, 43.576998744403866], [1.515378277125272, 43.577162023998845], [1.515576258830973, 43.577164730337884], [1.515598214848555, 43.57727301948364], [1.51547401072363, 43.57728931990227]], [[1.515378742476856, 43.5771440321875], [1.515404420868081, 43.57710838687726], [1.515403490181295, 43.577144370499504], [1.515378742476856, 43.5771440321875]], [[1.515481921168368, 43.57698345910563], [1.515506203494, 43.577001789203976], [1.515481455850422, 43.57700145091542], [1.515481921168368, 43.57698345910563]], [[1.515435217892182, 43.576874831659104], [1.515459500156954, 43.57689316176653], [1.51543475256048, 43.57689282346733], [1.515435217892182, 43.576874831659104]], [[1.514768429728385, 43.57681172003827], [1.5149411971517, 43.576832080882134], [1.514767498647757, 43.57684770364766], [1.514768429728385, 43.57681172003827]], [[1.51496687567507, 43.57679643568307], [1.515040652877848, 43.576815442689025], [1.51499069228675, 43.57683275769974], [1.51496687567507, 43.57679643568307]], [[1.515140108546345, 43.57679880440504], [1.515115826423468, 43.57678047422743], [1.515140573969629, 43.576780812599246], [1.515140108546345, 43.57679880440504]], [[1.515140573969629, 43.576780812599246], [1.515190999877506, 43.57674550571464], [1.515189603655049, 43.576799481132], [1.515140573969629, 43.576780812599246]], [[1.515314737538072, 43.57674719743171], [1.51536376725142, 43.5767658658854], [1.515314272169645, 43.576765189237804], [1.515314737538072, 43.57674719743171]], [[1.514647485412328, 43.576702076879286], [1.51469651487015, 43.57672074563361], [1.514647019835144, 43.576720068681986], [1.514647485412328, 43.576702076879286]], [[1.515021025387069, 43.57661719444668], [1.515045307410611, 43.576635524643414], [1.515020559927644, 43.57663518624991], [1.515021025387069, 43.57661719444668]], [[1.515144297345399, 43.57663687816101], [1.515070985781416, 43.57659987942458], [1.515144762766058, 43.57661888635726], [1.515144297345399, 43.57663687816101]], [[1.513660380585295, 43.5765805823298], [1.51368466215889, 43.57659891283026], [1.51365991469973, 43.57659857412674], [1.513660380585295, 43.5765805823298]], [[1.513932602566832, 43.57658430775713], [1.514006379154546, 43.576603315462854], [1.513932136766554, 43.5766022995553], [1.513932602566832, 43.57658430775713]], [[1.514947713927672, 43.57658019562756], [1.514971995912156, 43.576598525840204], [1.51494724844557, 43.57659818743], [1.514947713927672, 43.57658019562756]], [[1.513958281605627, 43.57654866280267], [1.513982563260843, 43.57656699323611], [1.513957815813685, 43.576566654600484], [1.513958281605627, 43.57654866280267]], [[1.514651210019293, 43.57655814246583], [1.514700239355397, 43.57657681121658], [1.514650744444444, 43.57657613426674], [1.514651210019293, 43.57655814246583]], [[1.51344930232447, 43.57612773891945], [1.513489012190055, 43.57650624406566], [1.513364343147523, 43.57654053385857], [1.513242470054152, 43.57646687274354], [1.51324713019427, 43.57628695481864], [1.513300818800917, 43.57612570629267], [1.51344930232447, 43.57612773891945]]], [[[1.512736800117402, 43.57687390684853], [1.51239080042007, 43.57685116966678], [1.512390334134411, 43.57686916146166], [1.512736800117402, 43.57687390684853]]], [[[1.516065166402017, 43.577405388214615], [1.516113266674554, 43.5774600399743], [1.516361675229565, 43.577427437529295], [1.516338322556418, 43.5773731239799], [1.516065166402017, 43.577405388214615]]], [[[1.523453207301086, 43.577956041871815], [1.523597068094312, 43.578137979198345], [1.5235998447915, 43.57803002804965], [1.523406025308744, 43.57786540963449], [1.523132407857825, 43.57791568350893], [1.523176811973166, 43.57811426700441], [1.523324375250739, 43.5781522698475], [1.523202485956142, 43.57807861982668], [1.523230937293557, 43.57793502151162], [1.523453207301086, 43.577956041871815]]], [[[1.520778559337398, 43.577991637039744], [1.521150707990679, 43.57796070898256], [1.520705242412103, 43.577954642071624], [1.520778559337398, 43.577991637039744]]], [[[1.517188228520004, 43.57801466780342], [1.517509953718303, 43.57801906006246], [1.517510418408734, 43.578001068231266], [1.517213441393908, 43.57799701387346], [1.517190087683171, 43.57794270048569], [1.517188228520004, 43.57801466780342]]], [[[1.515801870695384, 43.57801372823247], [1.515381618705929, 43.57798998587923], [1.515381153348389, 43.57800797770116], [1.515801870695384, 43.57801372823247]]], [[[1.519537906245299, 43.57810071863971], [1.51949119438515, 43.57799209285304], [1.519342705825809, 43.5779900684836], [1.51941555782486, 43.578045056212034], [1.519315172986276, 43.57809768210501], [1.519537906245299, 43.57810071863971]], [[1.519490730315599, 43.57801008469259], [1.519440305941491, 43.57804539360444], [1.519441234112481, 43.57800940992512], [1.519490730315599, 43.57801008469259]]], [[[1.519712999243971, 43.57803111270789], [1.519909592335219, 43.57808778667339], [1.519910056274121, 43.578069794831066], [1.519712999243971, 43.57803111270789]]], [[[1.509565363375874, 43.57792831809647], [1.509464502500342, 43.57799892667732], [1.509563494654345, 43.57800028528261], [1.509565363375874, 43.57792831809647]]], [[[1.516962706547061, 43.57811957742775], [1.516692336879133, 43.57804389227679], [1.516691406984487, 43.57807987593346], [1.516962706547061, 43.57811957742775]]], [[[1.512379177426259, 43.578254869337876], [1.512278785770629, 43.578307488735064], [1.51239879635336, 43.57845311828323], [1.512502451995395, 43.57827455607304], [1.512402526712161, 43.578309183771744], [1.512379177426259, 43.578254869337876]]], [[[1.51606498770836, 43.580285096363106], [1.515500878071915, 43.580079406863454], [1.515611971812039, 43.57961297197299], [1.515736180925434, 43.57959667137025], [1.51560824941588, 43.57975690672496], [1.515674586155122, 43.58006378288997], [1.516017350290879, 43.580212452622305], [1.516758891461714, 43.58025857889757], [1.516825126813408, 43.57961154820585], [1.517097363373577, 43.579615265708945], [1.51724492648446, 43.579653276851076], [1.517215064929039, 43.579850849326945], [1.516917148582943, 43.57988277786004], [1.517138494175059, 43.579939794876275], [1.517129197665781, 43.58029963199539], [1.51692981040221, 43.58035090405408], [1.517127338349939, 43.580371599429895], [1.51683081402064, 43.58034955216031], [1.516459112592523, 43.580362473611125], [1.517892702418844, 43.58045403960401], [1.517938948680806, 43.58058065812895], [1.51801598360133, 43.580473720111485], [1.518560929469917, 43.58046315660384], [1.520142556492967, 43.5805747102188], [1.519599930137941, 43.580495322303626], [1.519774566365228, 43.58044370802719], [1.519601322303317, 43.580441346691046], [1.519554144349886, 43.580350712624096], [1.519948738333065, 43.58041008534333], [1.51995105805716, 43.58032012598803], [1.519556000622532, 43.58027874514913], [1.519584926229638, 43.5801171557034], [1.519708671287346, 43.58011884241859], [1.519755849294194, 43.58020947640384], [1.519855773449156, 43.58017484189452], [1.519902487775412, 43.58028346768912], [1.519976735029874, 43.58028447951818], [1.519981374372894, 43.58010456082766], [1.52084619883532, 43.58017033732794], [1.520526780136894, 43.58007599559223], [1.520775661188529, 43.580025391123414], [1.520856862991789, 43.57975652432042], [1.521129564070414, 43.57974223985038], [1.519772553263455, 43.579561769289874], [1.521603499801999, 43.5796047069732], [1.521548904386614, 43.57980194373364], [1.521450372313111, 43.579782604180004], [1.521276666653252, 43.57979823738735], [1.521548440947371, 43.57981993560461], [1.521539172101506, 43.58017977307065], [1.521614809515179, 43.58012680815429], [1.521984655035762, 43.58018583657067], [1.521940253442158, 43.57998725230198], [1.521889365503825, 43.580040554274696], [1.521891218838758, 43.57996858677534], [1.521815581888601, 43.58002155187836], [1.521717976123747, 43.57996622881599], [1.521690910186058, 43.58005585131244], [1.521669868415302, 43.57991157944335], [1.521943959976338, 43.579843317310434], [1.522708397764019, 43.579961707269746], [1.522810634929433, 43.57983711066408], [1.5228703193029, 43.5794419626593], [1.522727846740779, 43.579206048599055], [1.522775954865151, 43.57926069747633], [1.52287494950867, 43.57926204395057], [1.522886524896114, 43.57881224727629], [1.522639503323797, 43.57879088908592], [1.52250768528233, 43.57814116212451], [1.522805126448093, 43.57812721015163], [1.523174034476387, 43.5782222181486], [1.523485116445555, 43.578640405504316], [1.523507087946796, 43.57874869316182], [1.523407168477393, 43.57878333099581], [1.523530910771996, 43.57878501335486], [1.523557973237823, 43.57869539047904], [1.523272101565851, 43.57825954797648], [1.522954078469313, 43.578111237931886], [1.520772531655861, 43.57822553104271], [1.519262891858847, 43.57820495830022], [1.518518124573995, 43.57828479205286], [1.518272035804486, 43.57822744026064], [1.517256895553827, 43.57823158346475], [1.516616232697054, 43.57811484551715], [1.515773865971282, 43.57813933278323], [1.515206055168064, 43.57807757664857], [1.514641039124839, 43.57790786663839], [1.513835068670106, 43.57748288196326], [1.512804516650886, 43.57712680875126], [1.512410885188419, 43.57703142661938], [1.512087766770244, 43.57708099464748], [1.511870168818566, 43.57688003310187], [1.510883533567425, 43.57674052150915], [1.509873549491572, 43.57750059029187], [1.510435746001646, 43.57777827583816], [1.510615517541032, 43.57752876662835], [1.510993269411344, 43.57728197185754], [1.5114658093786, 43.577198458829145], [1.511909868792604, 43.577258539023425], [1.51111654141598, 43.57730166015236], [1.510866730125671, 43.57738822598211], [1.510511390494828, 43.57772531874267], [1.510432944561666, 43.57788622662989], [1.51047123505926, 43.57831870875508], [1.510686966234658, 43.578591640539344], [1.51105352358946, 43.57877664878776], [1.510978811699289, 43.57879362267309], [1.510613188190738, 43.57857263055261], [1.510469367460686, 43.57839067597633], [1.510376911620773, 43.57813743294369], [1.510410064225593, 43.57781391999022], [1.509872148251076, 43.57755456566907], [1.50982545512554, 43.5774459357675], [1.509750744604134, 43.5774629087924], [1.509740000814798, 43.57787672004594], [1.509838058576742, 43.57791406199376], [1.510163516003763, 43.57872844668999], [1.510474972836116, 43.579128679635296], [1.510772422039835, 43.57911476060462], [1.511203880583016, 43.57870671723734], [1.511302873998712, 43.57870807425801], [1.51125664388268, 43.57858145307279], [1.511436414369307, 43.578331942365025], [1.51099561428781, 43.57814591755002], [1.511075459119593, 43.57793103381851], [1.51151999035957, 43.577973123834106], [1.511621315196719, 43.5778845215413], [1.511867862309145, 43.57792389658216], [1.512047161680069, 43.57769237678049], [1.51206911124222, 43.57780066667925], [1.512266628662142, 43.57782137085777], [1.512160174902121, 43.578107883639554], [1.512337142115505, 43.57796632236533], [1.512435668000683, 43.57798567016147], [1.512388969673521, 43.57787704132945], [1.512610303034038, 43.57793406749386], [1.512530930195508, 43.57813096054261], [1.512381508925394, 43.57816491027933], [1.512503384518973, 43.57823857244739], [1.512603309618456, 43.57820394465764], [1.512675223017495, 43.57829492054206], [1.512551015851644, 43.57831121762967], [1.512545420864702, 43.57852711941022], [1.512741542387865, 43.57860179818646], [1.512917111289333, 43.57851421136887], [1.513014706103066, 43.57856954228369], [1.512739677626312, 43.57867376546089], [1.512518807544996, 43.57859874771355], [1.512443630036349, 43.578633714421834], [1.512075669922415, 43.57850268632434], [1.512071938731495, 43.57864662084397], [1.511898700410744, 43.57864424722532], [1.511994428764899, 43.57877154632672], [1.511891703563181, 43.57891412447648], [1.511742746382154, 43.578930081534196], [1.511740413850934, 43.579020040626865], [1.511815125810586, 43.57900306621497], [1.511788044866489, 43.579092686183145], [1.512106044548632, 43.57924102902153], [1.511995855906105, 43.57967147654808], [1.511897327275717, 43.57965212833029], [1.511944026116554, 43.579760757507664], [1.512242877305423, 43.57969285895786], [1.512685091961246, 43.57982490341024], [1.513228634509421, 43.57986834215995], [1.513473327360543, 43.57997968095886], [1.513820278069824, 43.57996643106133], [1.513991657223839, 43.58004076898156], [1.51468229983041, 43.58014020768041], [1.514905506293344, 43.58012526187338], [1.514756081236508, 43.580159214923846], [1.515149738043717, 43.58025458876351], [1.515349126562635, 43.580203319975865], [1.515693286525249, 43.58029801519262], [1.516434363494477, 43.580362135538884], [1.515990275336921, 43.580302073713355], [1.51606498770836, 43.580285096363106]], [[1.512665898797101, 43.57865475686739], [1.512640684235831, 43.578672409749764], [1.512641150457672, 43.57865441793126], [1.512665898797101, 43.57865475686739]], [[1.512665432583012, 43.578672748685996], [1.512714463079381, 43.57869141836061], [1.512664966368632, 43.57869074050483], [1.512665432583012, 43.578672748685996]], [[1.512714463079381, 43.57869141836061], [1.512812524167793, 43.57872875764417], [1.512713996880215, 43.57870941017989], [1.512714463079381, 43.57869141836061]], [[1.512859266203307, 43.57979129210905], [1.512984874853337, 43.57972101915159], [1.512987671583838, 43.57961306815645], [1.513236091230789, 43.579580472811216], [1.513308007357141, 43.579671448363655], [1.513529814501246, 43.579710480890824], [1.513628809702878, 43.579711835792544], [1.513680636827889, 43.57962255403206], [1.513652626677485, 43.57974815817624], [1.513331824112004, 43.57970777081668], [1.513108152778741, 43.579740705219365], [1.51313057120363, 43.57983100322252], [1.512859266203307, 43.57979129210905]], [[1.514732263393137, 43.580122892771755], [1.51470797999438, 43.58010456246062], [1.514732728971202, 43.58010490092615], [1.514732263393137, 43.580122892771755]], [[1.515693751803523, 43.58028002334071], [1.51576846423396, 43.58026304619468], [1.51576799897924, 43.58028103804669], [1.515693751803523, 43.58028002334071]], [[1.51796694985848, 43.58045505280699], [1.517941271561432, 43.58049069880595], [1.517942200711643, 43.580454715078304], [1.51796694985848, 43.58045505280699]], [[1.519550895861554, 43.58047665571388], [1.519451435099498, 43.58049329807932], [1.519451899201441, 43.580475306208896], [1.519550895861554, 43.58047665571388]], [[1.518338651546574, 43.580442126195415], [1.518115444745616, 43.58045707906072], [1.518115909266005, 43.58043908719645], [1.518338651546574, 43.580442126195415]], [[1.517695638563427, 43.58041535375669], [1.517670424775628, 43.58043300782823], [1.517670889435303, 43.58041501596618], [1.517695638563427, 43.58041535375669]], [[1.518914845975075, 43.58018001246094], [1.518967129551743, 43.58007273628607], [1.519090410283683, 43.5800924155689], [1.519001627573048, 43.57969524470058], [1.519151977289231, 43.5796253021033], [1.519373788228073, 43.57966432269514], [1.519445250088406, 43.57977328605022], [1.519398537042559, 43.57966466009744], [1.519596527568919, 43.579667359112946], [1.519616635949669, 43.579847615085086], [1.519568066281283, 43.57981095664865], [1.51921554779191, 43.580040127254804], [1.519410290825293, 43.580168769663246], [1.519485466100337, 43.58013379809586], [1.519478968832611, 43.5803856842443], [1.518934488131776, 43.580378260490235], [1.51891252463275, 43.58026997178536], [1.518788779272652, 43.580268284163], [1.518792029421271, 43.58014234111424], [1.518914845975075, 43.58018001246094]], [[1.518390936438776, 43.58033485027836], [1.517870740856105, 43.580345750682795], [1.517724104834694, 43.58027175665139], [1.517727357319397, 43.580145813634196], [1.517750247801866, 43.58021811884926], [1.517801139740911, 43.580164818809244], [1.517874457617427, 43.58020181579448], [1.517902923335479, 43.580058218663595], [1.517806250506781, 43.579966908369606], [1.517605935650284, 43.58005416537318], [1.517610582405395, 43.57987424681276], [1.517760005031972, 43.579840289842124], [1.517782430813229, 43.57993058689123], [1.517907569160081, 43.57987830008997], [1.518029920025569, 43.57993396428721], [1.517928136887155, 43.58004056454266], [1.518047236345493, 43.580222171745554], [1.517922561955737, 43.58025646685908], [1.517920703635946, 43.58032843430501], [1.518093947287916, 43.58033079832151], [1.518094876339834, 43.580294814596556], [1.518269977780733, 43.58022521088487], [1.518295655754903, 43.58018956481479], [1.518591715451046, 43.5802295999464], [1.518390936438776, 43.58033485027836]], [[1.51827044225081, 43.58020721902286], [1.518221873137858, 43.58017055997532], [1.518246622163829, 43.58017089764024], [1.51827044225081, 43.58020721902286]], [[1.518836420243668, 43.58034092669108], [1.518811206839403, 43.58035858102653], [1.518811671140922, 43.58034058916053], [1.518836420243668, 43.58034092669108]], [[1.517575145752415, 43.58028772172273], [1.517650322301234, 43.580252751422584], [1.517648928305934, 43.58030672700307], [1.517575145752415, 43.58028772172273]], [[1.517259450070572, 43.58004943550805], [1.517298142240739, 43.57951001782076], [1.51757084303362, 43.57949574228791], [1.51761476446009, 43.57971232012744], [1.517467200952536, 43.57967430948618], [1.517431298658238, 43.58010577614892], [1.517327655041649, 43.58028434328971], [1.5172534078341, 43.58028332964986], [1.517332767450592, 43.58008643285596], [1.517259450070572, 43.58004943550805]], [[1.515077818267963, 43.58016361439366], [1.515176814287563, 43.58016496788495], [1.515250130472832, 43.58020196664159], [1.515151134387697, 43.58020061321708], [1.515077818267963, 43.58016361439366]], [[1.515349591948011, 43.58018532812661], [1.513919273719708, 43.579967785698564], [1.514104626234196, 43.57950236830446], [1.514350716305327, 43.57955972958953], [1.514173749145362, 43.57970129430118], [1.514518835444068, 43.57976000952817], [1.514615037082325, 43.57986931457674], [1.51476446146796, 43.579835361727156], [1.514691146063949, 43.57979836265212], [1.514795728112918, 43.579583814408515], [1.515017535929956, 43.57962284389521], [1.514990459693148, 43.57971246470032], [1.514867646715199, 43.5796747889285], [1.514939100034948, 43.57978375524888], [1.515088058542524, 43.5797677937982], [1.515007760685991, 43.58000067259868], [1.51528186059379, 43.57993242727328], [1.515349591948011, 43.58018532812661]], [[1.515004036749679, 43.58014460736872], [1.514978822253032, 43.58016226081213], [1.514979287754138, 43.58014426896499], [1.515004036749679, 43.58014460736872]], [[1.517627896601927, 43.58016245432601], [1.517577933878223, 43.580179770567106], [1.517578398564838, 43.580161778708614], [1.517627896601927, 43.58016245432601]], [[1.514066835632229, 43.58000580116762], [1.514041620908335, 43.580023454391764], [1.514042086702059, 43.580005462550375], [1.514066835632229, 43.58000580116762]], [[1.519711919409272, 43.57999289935534], [1.51969041861338, 43.57986661897285], [1.519770233290266, 43.57965172859397], [1.520141001612395, 43.57967477954473], [1.520532809014063, 43.57984210130221], [1.520529562701692, 43.579968044376756], [1.52033017962719, 43.58001932266554], [1.52037782234217, 43.580091964504994], [1.519908983173177, 43.58003158153322], [1.519861805070755, 43.57994094762569], [1.519711919409272, 43.57999289935534]], [[1.513721748318267, 43.579947084494556], [1.513647035693772, 43.57996406022904], [1.513647501610688, 43.57994606839008], [1.513721748318267, 43.579947084494556]], [[1.518077559758809, 43.58000660713125], [1.518052346268002, 43.58002426128646], [1.518052810804665, 43.58000626942788], [1.518077559758809, 43.58000660713125]], [[1.513573720845623, 43.57992706039644], [1.513499008203416, 43.57994403602886], [1.513499474166564, 43.579926044190785], [1.513573720845623, 43.57992706039644]], [[1.518079417871531, 43.579934639698735], [1.518007029304138, 43.57986165914534], [1.518081275979594, 43.57986267226977], [1.518079417871531, 43.579934639698735]], [[1.51587862572268, 43.57983259466458], [1.515853411632048, 43.5798502483072], [1.515853876856505, 43.579832256460215], [1.51587862572268, 43.57983259466458]], [[1.512885879651071, 43.57971966366296], [1.512860664689691, 43.57973731660945], [1.512861130851235, 43.5797193247767], [1.512885879651071, 43.57971966366296]], [[1.51756387274916, 43.57976562006339], [1.517538194510216, 43.57980126594997], [1.517539123901938, 43.579765282242995], [1.51756387274916, 43.57976562006339]], [[1.512120066172806, 43.5796551800799], [1.512070102229274, 43.57967249378136], [1.512070568638073, 43.579654501952795], [1.512120066172806, 43.5796551800799]], [[1.513852480624929, 43.579678900318356], [1.513802517183279, 43.579696214816984], [1.513802983049289, 43.579678222980704], [1.513852480624929, 43.579678900318356]], [[1.514398816750778, 43.5796143821903], [1.514547309337145, 43.57961641332087], [1.514545912439614, 43.579670388837656], [1.514471200418973, 43.57968736513576], [1.514398816750778, 43.5796143821903]], [[1.520387562256319, 43.57971413529514], [1.520362349604409, 43.57973178998297], [1.520362813414691, 43.57971379811818], [1.520387562256319, 43.57971413529514]], [[1.517817401146354, 43.579535103867656], [1.518015855695799, 43.57951981391271], [1.518088708365255, 43.57957480258955], [1.517865504871643, 43.57958975493222], [1.517817401146354, 43.579535103867656]], [[1.516431006591575, 43.5795341723263], [1.516405792801897, 43.579551826093486], [1.516406257850807, 43.57953383424785], [1.516431006591575, 43.5795341723263]], [[1.519352288299087, 43.57953804227451], [1.518212916692696, 43.579558499155], [1.518213845657539, 43.57952251544833], [1.519352288299087, 43.57953804227451]], [[1.519647881338797, 43.57959606636801], [1.519376572941171, 43.579556371540086], [1.519648809404742, 43.57956008264814], [1.519647881338797, 43.57959606636801]], [[1.516778418857261, 43.57950292113853], [1.515813218628968, 43.57948973498817], [1.515790330876796, 43.57941742940148], [1.516730316239691, 43.57944826959581], [1.516778418857261, 43.57950292113853]], [[1.513343008358517, 43.579275966852464], [1.513493829829667, 43.57918804027963], [1.51359002855764, 43.57929734619263], [1.513141290917019, 43.57941719107203], [1.513294909201831, 43.579221313797], [1.513343008358517, 43.579275966852464]], [[1.514953065222618, 43.579244000078454], [1.515052059653369, 43.57924535368258], [1.515081928338328, 43.57904778188455], [1.515233211958193, 43.57894186107786], [1.514963306193335, 43.578848179747595], [1.515114589506049, 43.57874225912083], [1.515066954571582, 43.57866961504107], [1.515832758211465, 43.57873407780276], [1.515979387867047, 43.57880807430845], [1.515656262530166, 43.578857653013884], [1.516125552769186, 43.57890006245629], [1.516171793881392, 43.57902668159693], [1.51642020918253, 43.57899407898256], [1.516394065530047, 43.57904771641896], [1.516691047922698, 43.57905177302009], [1.51693620888803, 43.579145112112606], [1.516633646303408, 43.57935695829687], [1.51584075870113, 43.579382122150506], [1.514951203212769, 43.579315967422914], [1.514953065222618, 43.579244000078454]], [[1.51440673324475, 43.57930852097776], [1.51443194754233, 43.57929086767761], [1.514431481876595, 43.57930885951175], [1.51440673324475, 43.57930852097776]], [[1.51443194754233, 43.57929086767761], [1.514457161824402, 43.57927321437181], [1.514456696166713, 43.57929120620584], [1.51443194754233, 43.57929086767761]], [[1.512848968512275, 43.57923320648772], [1.512163003748504, 43.578953837982525], [1.512112574038421, 43.57898914351548], [1.512240979942915, 43.5788109205449], [1.512537028305375, 43.57885097214123], [1.512928807918664, 43.579018321231466], [1.512999324514375, 43.579163272429696], [1.512848968512275, 43.57923320648772]], [[1.52269939351491, 43.579349646909144], [1.522674181734102, 43.57936730212913], [1.522674644816857, 43.57934931025902], [1.52269939351491, 43.579349646909144]], [[1.522676497144974, 43.57927734278083], [1.522651285388879, 43.57929499799461], [1.522651748478227, 43.579277006125494], [1.522676497144974, 43.57927734278083]], [[1.522654063920613, 43.57918704678332], [1.522627926005103, 43.57924068572721], [1.522629315292926, 43.579186710122904], [1.522654063920613, 43.57918704678332]], [[1.513273422811339, 43.57909503221235], [1.513299103382578, 43.57905938735152], [1.513298171344457, 43.57909537100452], [1.513273422811339, 43.57909503221235]], [[1.513299103382578, 43.57905938735152], [1.513350930431328, 43.57897010578882], [1.513323851900482, 43.57905972613785], [1.513299103382578, 43.57905938735152]], [[1.513350930431328, 43.57897010578882], [1.513376610898554, 43.578934460912784], [1.513375678911046, 43.5789704445633], [1.513350930431328, 43.57897010578882]], [[1.513376610898554, 43.578934460912784], [1.513428437713968, 43.57884517932082], [1.513401359363055, 43.57893479968139], [1.513376610898554, 43.578934460912784]], [[1.514586026700768, 43.57907699676229], [1.514611240841516, 43.579059343423346], [1.514610775233854, 43.57907733525536], [1.514586026700768, 43.57907699676229]], [[1.514635989367141, 43.57905968191068], [1.514820402062268, 43.57863024724156], [1.514944143774512, 43.578631939383044], [1.514864312449602, 43.57884682606294], [1.514635989367141, 43.57905968191068]], [[1.513228120117678, 43.57893242818264], [1.513202905607336, 43.578950081198954], [1.513203371655222, 43.578932089374554], [1.513228120117678, 43.57893242818264]], [[1.514616362506539, 43.57886143328594], [1.514591148454294, 43.578879086623644], [1.5145916140665, 43.57886109479418], [1.514616362506539, 43.57886143328594]], [[1.514695263624256, 43.57868253044075], [1.51469293572998, 43.578772489581276], [1.514592079678414, 43.57884310296496], [1.514571521810296, 43.578680838015686], [1.514695263624256, 43.57868253044075]], [[1.513938778243505, 43.578258223236794], [1.513961663201345, 43.5783305291554], [1.513789357474764, 43.57829217491329], [1.51345411807718, 43.578809534429546], [1.513790289191953, 43.578256191276175], [1.513792618479813, 43.578166232187264], [1.513622176999123, 43.57805591041916], [1.513842114751625, 43.57816690952893], [1.513814571515787, 43.578274521768925], [1.513938778243505, 43.578258223236794]], [[1.513622642908343, 43.57803791860415], [1.51323133399375, 43.57785258031964], [1.512618228825542, 43.57762820676888], [1.51232591720702, 43.57744422100559], [1.513207984109393, 43.57779826608119], [1.513622642908343, 43.57803791860415]], [[1.512326383517539, 43.57742622920381], [1.51220357717919, 43.57738855047961], [1.511934150093995, 43.57727686992385], [1.512326383517539, 43.57742622920381]], [[1.52033465140439, 43.57888549821766], [1.520309439100152, 43.57890315288306], [1.520309902920323, 43.578885161028836], [1.52033465140439, 43.57888549821766]], [[1.512935799903196, 43.578748443893986], [1.512910585383773, 43.57876609684017], [1.512911051521784, 43.57874810501931], [1.512935799903196, 43.578748443893986]], [[1.513185147941335, 43.578679865044435], [1.513159933528713, 43.57869751804767], [1.513160399588016, 43.578679526226615], [1.513185147941335, 43.578679865044435]], [[1.512616402118537, 43.578654078989494], [1.512591187542343, 43.57867173186037], [1.512591653779693, 43.57865374004209], [1.512616402118537, 43.578654078989494]], [[1.512567371685953, 43.57863540927111], [1.512542157102883, 43.57865306213037], [1.512542623355448, 43.57863507031254], [1.512567371685953, 43.57863540927111]], [[1.514256313147275, 43.578424551514686], [1.514698522663986, 43.578556587653374], [1.514721874267076, 43.5786109016], [1.5145967357815, 43.57866318468497], [1.514598132606734, 43.578609209205325], [1.514352046363163, 43.57855184851871], [1.514254916005136, 43.578478526983], [1.514256313147275, 43.578424551514686]], [[1.515389148638698, 43.578656021755215], [1.515364865650702, 43.578637691609615], [1.515389613998986, 43.57863802992514], [1.515389148638698, 43.578656021755215]], [[1.515290620607601, 43.57863667662922], [1.51516920602092, 43.578545025740375], [1.514872226357508, 43.5785409649796], [1.514187191487351, 43.57822562574695], [1.514311863697929, 43.57819133496938], [1.514383779788868, 43.57828230972175], [1.51497633995181, 43.57834440857348], [1.515171067732459, 43.578473058430724], [1.515617467322951, 43.57844316438397], [1.515739812908958, 43.57849883110536], [1.515840666943846, 43.57842821667285], [1.515985900311901, 43.57855618864562], [1.516677923381115, 43.57860163905558], [1.515738417159881, 43.57855280659554], [1.515290620607601, 43.57863667662922]], [[1.511083405792316, 43.578579078153886], [1.510697703331526, 43.57817782898654], [1.510834980680606, 43.57765776358373], [1.511261761402491, 43.5774296383415], [1.51190473793985, 43.577456448812605], [1.512001397153676, 43.57754776419954], [1.511894476128207, 43.57785226847193], [1.51157275229519, 43.577847859579876], [1.511471427447798, 43.57793646182512], [1.511102073930685, 43.57785940590208], [1.510948451808116, 43.57805527989031], [1.510919502929509, 43.57821686680364], [1.511362169791199, 43.57833092469952], [1.511183332341059, 43.578544451662296], [1.511083405792316, 43.578579078153886]], [[1.516801200168966, 43.578621320916504], [1.516775986894082, 43.578638974758434], [1.51677645181957, 43.57862098292264], [1.516801200168966, 43.578621320916504]], [[1.512846129543384, 43.57838725199845], [1.51279570075118, 43.578422557834664], [1.512796166922408, 43.57840456601861], [1.512846129543384, 43.57838725199845]], [[1.512846129543384, 43.57838725199845], [1.512871810063315, 43.57835160725619], [1.512870877768843, 43.5783875908878], [1.512846129543384, 43.57838725199845]], [[1.515716460388336, 43.578444517381804], [1.515691246857519, 43.57846217096976], [1.515691712121552, 43.57844417914081], [1.515716460388336, 43.578444517381804]], [[1.512747136644472, 43.57838589638462], [1.512773283403077, 43.578332259850754], [1.512796633093344, 43.5783865742028], [1.512747136644472, 43.57838589638462]], [[1.51418253413617, 43.578405543954695], [1.514133503406524, 43.57838687494649], [1.514182999872602, 43.57838755213291], [1.51418253413617, 43.578405543954695]], [[1.514133503406524, 43.57838687494649], [1.514084472708769, 43.57836820591641], [1.514133969158171, 43.578368883125165], [1.514133503406524, 43.57838687494649]], [[1.514084472708769, 43.57836820591641], [1.51401069382698, 43.57834919824044], [1.514084938475632, 43.578350214095515], [1.514084472708769, 43.57836820591641]], [[1.51401069382698, 43.57834919824044], [1.513986411408933, 43.57833086779056], [1.514011159616812, 43.57833120642008], [1.51401069382698, 43.57834919824044]], [[1.512976862388429, 43.57811906916676], [1.513222479367, 43.57819442476684], [1.513193536819269, 43.57835601230185], [1.512924569396991, 43.57822634231231], [1.512976862388429, 43.57811906916676]], [[1.512923171007503, 43.57828031775607], [1.512897956689814, 43.57829797069358], [1.512898422827982, 43.578279978878655], [1.512923171007503, 43.57828031775607]], [[1.515597837283621, 43.578244916021525], [1.51557355440289, 43.57822658592784], [1.515598767866426, 43.578208932370075], [1.515597837283621, 43.578244916021525]], [[1.512854054140957, 43.578081391159934], [1.512851723385731, 43.578171350223386], [1.512554745819559, 43.57816728312713], [1.512683148512923, 43.577989059735636], [1.512854054140957, 43.578081391159934]], [[1.514040099850553, 43.57816961867001], [1.514014885924961, 43.57818727186544], [1.514015351712166, 43.57816928004712], [1.514040099850553, 43.57816961867001]], [[1.514238084968167, 43.57817232745019], [1.514192780270232, 43.578009723927124], [1.514242742126322, 43.57799240926926], [1.514238084968167, 43.57817232745019]], [[1.510604313118834, 43.57796056978722], [1.510579098228523, 43.57797822218247], [1.51057956509086, 43.577960230381514], [1.510604313118834, 43.57796056978722]], [[1.51426842160242, 43.57795676420658], [1.514243207840532, 43.57797441745239], [1.514243673554449, 43.57795642563574], [1.51426842160242, 43.57795676420658]], [[1.512540721422844, 43.577753132553056], [1.512195649211497, 43.57769441112337], [1.512050426473235, 43.577566434159316], [1.512494023086054, 43.57764450378376], [1.513055767595232, 43.57794016760489], [1.512540721422844, 43.577753132553056]], [[1.509839926951255, 43.5778420948072], [1.509814711877934, 43.57785974702354], [1.509815178978877, 43.57784175522736], [1.509839926951255, 43.5778420948072]], [[1.512466011304497, 43.5777701074493], [1.512440797070327, 43.57778776027439], [1.512441263347632, 43.57776976846784], [1.512466011304497, 43.5777701074493]], [[1.51304267181281, 43.577490033549346], [1.513017457878983, 43.57750768650488], [1.513017923973281, 43.57748969469934], [1.51304267181281, 43.577490033549346]], [[1.512993176134044, 43.577489355843696], [1.512944146573713, 43.577470686310484], [1.512993642235803, 43.57747136403848], [1.512993176134044, 43.577489355843696]], [[1.512944146573713, 43.577470686310484], [1.512895117045272, 43.5774520167554], [1.512944612690686, 43.57745269450571], [1.512944146573713, 43.577470686310484]], [[1.512895117045272, 43.5774520167554], [1.512821805889947, 43.57741501647987], [1.51289558317746, 43.57743402495107], [1.512895117045272, 43.5774520167554]], [[1.512697600669519, 43.57743131372514], [1.512230656670666, 43.57729893051401], [1.512232988363717, 43.57720897151843], [1.51279752424668, 43.57739668577611], [1.512697600669519, 43.57743131372514]], [[1.51082657016276, 43.57702771143534], [1.511070312843543, 43.57717503901159], [1.511018950587302, 43.57724632758074], [1.51082657016276, 43.57702771143534]], [[1.512136329351952, 43.577117656359086], [1.512132598403144, 43.57726159074223], [1.512008859727699, 43.57725989539929], [1.512062552722436, 43.57709864737632], [1.512136329351952, 43.577117656359086]], [[1.511693670307746, 43.57700360171457], [1.511644175064312, 43.57700292339442], [1.511521370079286, 43.57696524390996], [1.511693670307746, 43.57700360171457]], [[1.511521370079286, 43.57696524390996], [1.511447593849277, 43.576946234511496], [1.511521836638067, 43.57694725211762], [1.511521370079286, 43.57696524390996]], [[1.5114233128431, 43.5769279035065], [1.511348603468317, 43.576944877624385], [1.51134907008108, 43.57692688583304], [1.5114233128431, 43.5769279035065]], [[1.511324789114548, 43.57690855480627], [1.511250079735814, 43.576925528856165], [1.511250546379297, 43.57690753706546], [1.511324789114548, 43.57690855480627]], [[1.51122626545241, 43.57688920601692], [1.511151556069725, 43.576906179998815], [1.511152022743929, 43.576888188208784], [1.51122626545241, 43.57688920601692]]], [[[1.522933706846476, 43.57890287979891], [1.522985518768873, 43.57881359364936], [1.523134472520904, 43.57879762117462], [1.522961233288711, 43.57879526520015], [1.522933706846476, 43.57890287979891]]], [[[1.50662497211913, 43.57866184824172], [1.5065483865431, 43.57875078625124], [1.506772057781991, 43.57871786537955], [1.50664831612609, 43.578716163927794], [1.50662497211913, 43.57866184824172]]], [[[1.508045876885208, 43.57923932259984], [1.508333040566131, 43.57962123002927], [1.508182677679957, 43.57969115764996], [1.508206023579398, 43.57974547304006], [1.508058466217779, 43.57970744961587], [1.508080876686331, 43.57979774865898], [1.507882886253832, 43.57979502865223], [1.507856734259549, 43.579848664063235], [1.507613456280192, 43.57968333719188], [1.507663889367164, 43.57964803373086], [1.507540613508124, 43.579628341485325], [1.507252519232763, 43.579282415564684], [1.507706370197418, 43.57991859103562], [1.507504636631018, 43.58005980484974], [1.507527046365924, 43.580150104029244], [1.507776874711599, 43.58006354571471], [1.507949649441386, 43.580083917725865], [1.508101884262076, 43.579942023147055], [1.508298472432096, 43.57999871820346], [1.508301745580978, 43.57987277549327], [1.508477792679466, 43.57976720396056], [1.508550169012205, 43.57984019085943], [1.508625350472437, 43.5798052268167], [1.508672510721791, 43.57989586559531], [1.508746289823694, 43.57991487691774], [1.508800929334818, 43.57971764657952], [1.5090208641311, 43.57982865557998], [1.508941476361285, 43.58002554626463], [1.508816796959293, 43.580059830921456], [1.508888239272084, 43.580168801251176], [1.509168889761582, 43.57984868588146], [1.509223527757722, 43.579651455339715], [1.509297774005824, 43.579652474468034], [1.509352411372386, 43.57945524388834], [1.509451873262925, 43.57943861078257], [1.509375758282672, 43.57950955901813], [1.509449069891703, 43.57954656167348], [1.509851121554638, 43.57931810200555], [1.510029499326484, 43.579122568934444], [1.509679760540762, 43.578289852201486], [1.50958170223988, 43.57825251010102], [1.509599909985414, 43.578504734960546], [1.509719447047077, 43.578668359294426], [1.50969329728204, 43.57872199510564], [1.50954761033217, 43.57861200650891], [1.509640997605368, 43.57882926671517], [1.509492507229054, 43.57882722887817], [1.509157712596306, 43.57837267806871], [1.509008756060365, 43.57838863137101], [1.508955988032821, 43.57851389442673], [1.509097934944472, 43.578767818238994], [1.509069447840949, 43.57891141293273], [1.508997072018988, 43.57883842642699], [1.508748185733058, 43.57888900386476], [1.508700558733468, 43.57881635698574], [1.50862350868412, 43.57892328827264], [1.5084754856302, 43.578903257240796], [1.508690742049376, 43.57919418490782], [1.508614626452512, 43.57926513259796], [1.508708946178858, 43.57944641008176], [1.508534770553385, 43.57948001471957], [1.50843811360058, 43.579388696125015], [1.508489013450276, 43.57933540047916], [1.508316708364392, 43.57929703752862], [1.50814861222079, 43.579096748055306], [1.508045876885208, 43.57923932259984]], [[1.507776874711599, 43.58006354571471], [1.507753061324106, 43.58002722203477], [1.50777781022648, 43.580027562084986], [1.507776874711599, 43.58006354571471]], [[1.508697259572978, 43.579896205436], [1.508722475884455, 43.57987855345409], [1.508722008424457, 43.579896545271055], [1.508697259572978, 43.579896205436]], [[1.509649873657559, 43.57848742240947], [1.509673220455678, 43.57854173743878], [1.509648472182662, 43.5785413978208], [1.509649873657559, 43.57848742240947]], [[1.50910728154848, 43.578407982192054], [1.509131562441113, 43.57842631373366], [1.509106814221063, 43.57842597399228], [1.50910728154848, 43.578407982192054]], [[1.50909513094042, 43.57887576907048], [1.509118944699462, 43.57891209242712], [1.509094196270059, 43.57891175268276], [1.50909513094042, 43.57887576907048]], [[1.508946173081642, 43.578891722292525], [1.508969986753048, 43.57892804568222], [1.508945238317649, 43.5789277059039], [1.508946173081642, 43.578891722292525]], [[1.508439516234223, 43.57933472069752], [1.508414300074628, 43.579352372607076], [1.508414767626637, 43.57933438079824], [1.508439516234223, 43.57933472069752]], [[1.508122460792905, 43.579150383504285], [1.508146274050399, 43.579186707081114], [1.508121525508361, 43.57918636711504], [1.508122460792905, 43.579150383504285]], [[1.508146274050399, 43.579186707081114], [1.508170554965526, 43.57920503884746], [1.508145806415441, 43.57920469888693], [1.508146274050399, 43.579186707081114]], [[1.50872341080357, 43.57984256982087], [1.508747692180423, 43.579860901466546], [1.508722943344159, 43.57986056163737], [1.50872341080357, 43.57984256982087]], [[1.509046080313393, 43.57981100352377], [1.509070361779937, 43.57982933509694], [1.509045612955372, 43.57982899534127], [1.509046080313393, 43.57981100352377]], [[1.508576787859478, 43.57976856346682], [1.508601069158203, 43.57978689514435], [1.508576320354713, 43.579786555281764], [1.508576787859478, 43.57976856346682]], [[1.509048417099107, 43.57972104443961], [1.509022733592445, 43.579756688311754], [1.509023668321359, 43.57972070467898], [1.509048417099107, 43.57972104443961]], [[1.509025070412534, 43.57966672923148], [1.50897463814627, 43.57970203332495], [1.508951758923347, 43.57962972628685], [1.509025070412534, 43.57966672923148]], [[1.508528692827944, 43.57971390828212], [1.508552974088192, 43.57973223996971], [1.508528225308551, 43.579731900096185], [1.508528692827944, 43.57971390828212]], [[1.509100251356328, 43.579631764864246], [1.509124532764354, 43.57965009642302], [1.509099784016745, 43.579649756679736], [1.509100251356328, 43.579631764864246]], [[1.509150683483605, 43.579596460714164], [1.509174964892803, 43.579614792261204], [1.509150216160115, 43.57961445252942], [1.509150683483605, 43.579596460714164]], [[1.509152085452316, 43.579542485269684], [1.509126869420573, 43.5795601373472], [1.509102588049853, 43.57954180579011], [1.509152085452316, 43.579542485269684]], [[1.508460524541891, 43.579478995069834], [1.508484805681004, 43.579497326769655], [1.508460057003045, 43.57949698688065], [1.508460524541891, 43.579478995069834]], [[1.508461459618702, 43.579443011448824], [1.508436243418285, 43.579460663364785], [1.508436710964299, 43.5794426715545], [1.508461459618702, 43.579443011448824]], [[1.508436710964299, 43.5794426715545], [1.508412429863662, 43.579424339844635], [1.508437178510019, 43.57942467974446], [1.508436710964299, 43.5794426715545]], [[1.508340989380613, 43.579315369258275], [1.508364802844826, 43.579351692791356], [1.508340054230365, 43.579351352875044], [1.508340989380613, 43.579315369258275]], [[1.508761248159517, 43.57933913887504], [1.508785529335507, 43.57935747050585], [1.508760780716064, 43.579357130685395], [1.508761248159517, 43.57933913887504]], [[1.508714088227426, 43.57924850017], [1.508687937258758, 43.57930213576078], [1.508664123610635, 43.57926581229978], [1.508714088227426, 43.57924850017]], [[1.509190853463479, 43.57900307066319], [1.509215134634508, 43.57902140219371], [1.50919038615741, 43.57902106247123], [1.509190853463479, 43.57900307066319]], [[1.509117542714985, 43.57896606784753], [1.509092326925822, 43.57898371990997], [1.509092794262321, 43.57896572810284], [1.509117542714985, 43.57896606784753]], [[1.509118010043437, 43.578948076040504], [1.509068980497575, 43.57892940473909], [1.509118477371596, 43.5789300842337], [1.509118010043437, 43.578948076040504]], [[1.509191788074738, 43.57896708704781], [1.509216069230845, 43.57898541857765], [1.509191320769255, 43.57898507885539], [1.509191788074738, 43.57896708704781]], [[1.508673940482173, 43.57888798436131], [1.508698221439452, 43.57890631600589], [1.50867347301503, 43.57890597616566], [1.508673940482173, 43.57888798436131]], [[1.509146029725325, 43.57882247313573], [1.509170310805651, 43.57884080467397], [1.509145562406677, 43.57884046494131], [1.509146029725325, 43.57882247313573]]], [[[1.505892752903405, 43.57920972246583], [1.505968403473773, 43.579156768481724], [1.506043585611408, 43.57912180624263], [1.50589462626626, 43.579137755282424], [1.505892752903405, 43.57920972246583]]], [[[1.506505848673343, 43.57943413422651], [1.506434879969714, 43.57930717058549], [1.506360634219102, 43.57930614950046], [1.506406385937009, 43.57945076463451], [1.506505848673343, 43.57943413422651]]], [[[1.506696816428691, 43.5797067338072], [1.506575413300285, 43.57961507324426], [1.506695880241419, 43.57974271741958], [1.506696816428691, 43.5797067338072]]], [[[1.510898508166958, 43.57998040415429], [1.511072683926888, 43.57994679571438], [1.511123115117844, 43.57991149064075], [1.510825195069557, 43.57994340246608], [1.510898508166958, 43.57998040415429]], [[1.510948472731857, 43.57996309098809], [1.510924190608978, 43.57994475983307], [1.510948939494565, 43.57994509916071], [1.510948472731857, 43.57996309098809]]], [[[1.50930897180425, 43.58017457694144], [1.509481747411914, 43.58019494651708], [1.509575604207863, 43.58039421519178], [1.509506963613385, 43.58017729434939], [1.509359871542246, 43.58012128085839], [1.50930897180425, 43.58017457694144]]], [[[1.507029259390989, 43.580251251691415], [1.507075949506882, 43.58035988300673], [1.507198758836025, 43.580397567606326], [1.507128723333867, 43.58023462070379], [1.507029259390989, 43.580251251691415]]], [[[1.508511394415219, 43.58037960555083], [1.508659888772367, 43.58038164473133], [1.50871078929661, 43.58032834894482], [1.508537546039699, 43.58032596996244], [1.508511394415219, 43.58037960555083]]], [[[1.521358049230482, 43.58048327645257], [1.52125673483568, 43.580571887987965], [1.521330518973284, 43.58059089077116], [1.521358049230482, 43.58048327645257]]], [[[1.508509524292514, 43.580451572841405], [1.508386246417751, 43.58043188154463], [1.508383908565383, 43.58052184065897], [1.508458155924346, 43.580522860361846], [1.508509524292514, 43.580451572841405]]], [[[1.518582892379588, 43.58057144539432], [1.518505393983928, 43.58069637569001], [1.518158439944769, 43.5807096405596], [1.518157046416153, 43.58076361616372], [1.518949952084681, 43.58073843537728], [1.51892891695261, 43.5805941629089], [1.518582892379588, 43.58057144539432]]], [[[1.507985584215428, 43.580606360497605], [1.507865580327335, 43.580460725855595], [1.507441102913875, 43.580598879128715], [1.507703987847485, 43.58096245662976], [1.508078501151775, 43.580841614173764], [1.507985584215428, 43.580606360497605]], [[1.507804388339802, 43.580909841364075], [1.507656360449058, 43.58088980918828], [1.507489665503909, 43.58063554300748], [1.507790397545821, 43.580495689388336], [1.508031808746796, 43.580732983253064], [1.508004721079919, 43.58082260238551], [1.507804388339802, 43.580909841364075]]], [[[1.51895856233882, 43.58520211391884], [1.519433476643202, 43.585028606138934], [1.519286826644038, 43.58495461397686], [1.519258826159603, 43.58508022003111], [1.519086496631833, 43.58504187401286], [1.519064531061511, 43.58493358498838], [1.51918875070791, 43.584917280377326], [1.519117282930221, 43.58480831646461], [1.519040708510636, 43.5848972636608], [1.5188935950414, 43.58484126289753], [1.518618082789644, 43.584963493336886], [1.518395787417745, 43.58494246297974], [1.518044626475041, 43.58511765482931], [1.518187094461916, 43.5853535759998], [1.518606937118999, 43.585395299547216], [1.519006207619804, 43.58527475662107], [1.51895856233882, 43.58520211391884]]], [[[1.524542586547462, 43.577952849462655], [1.524817590138412, 43.577848596452355], [1.525013725305849, 43.57792325303322], [1.525214946014339, 43.57779999877437], [1.524773642963709, 43.57763202180677], [1.524571034470331, 43.577809250809125], [1.524322628926764, 43.577841872038185], [1.524371199965253, 43.577878528298335], [1.524221786356187, 43.57791249431742], [1.52436934980686, 43.57795049573546], [1.524396410570289, 43.577860872702715], [1.524520150905447, 43.577862553933684], [1.524542586547462, 43.577952849462655]], [[1.524990826589881, 43.57785094946445], [1.524940868099192, 43.57786826906449], [1.52494133045944, 43.577850277203474], [1.524990826589881, 43.57785094946445]]], [[[1.525437216225482, 43.57782101507246], [1.525212172365466, 43.57790794994707], [1.525782764834556, 43.57786170257249], [1.525783226930888, 43.577843710707974], [1.525437216225482, 43.57782101507246]]], [[[1.523697449077833, 43.578085349346516], [1.523824428860846, 43.57796108836581], [1.523650729359365, 43.577976725350034], [1.523697449077833, 43.578085349346516]]], [[[1.530228669615594, 43.57826392705803], [1.530030683431526, 43.578261247425715], [1.529979343750782, 43.578332545012856], [1.530127833569727, 43.578334554841206], [1.530227748202441, 43.578299910835575], [1.530228669615594, 43.57826392705803]]], [[[1.525130068968733, 43.578212803392375], [1.524784056296874, 43.578190105670274], [1.52475699598345, 43.57827972882011], [1.525124983608641, 43.57841071393458], [1.525201539948148, 43.578321762850074], [1.525130068968733, 43.578212803392375]]], [[[1.52433442557755, 43.57834598043174], [1.52436056149114, 43.578292341110554], [1.524236357649626, 43.578308651560796], [1.524310139864536, 43.57832765229009], [1.524232656962377, 43.57845258647706], [1.52455392266622, 43.578474949738165], [1.52440728280964, 43.57840096482551], [1.524508126010097, 43.57833034235009], [1.52433442557755, 43.57834598043174]]], [[[1.529008627111735, 43.57853537880557], [1.528663072161323, 43.578494701549374], [1.52866261096235, 43.5785126934343], [1.529008627111735, 43.57853537880557]]], [[[1.527347716360651, 43.57862085839063], [1.527919237060356, 43.57853861600949], [1.52757229824027, 43.57855191092898], [1.527373387980128, 43.578585210214484], [1.527347716360651, 43.57862085839063]]], [[[1.526926993411774, 43.57861515257975], [1.527298219538796, 43.57862018720334], [1.527299142793433, 43.57858420344266], [1.527002162072701, 43.57858017584793], [1.526926993411774, 43.57861515257975]]], [[[1.529720339089027, 43.57877899209898], [1.529622266919273, 43.57874166807982], [1.529324363233991, 43.578773630618336], [1.529720339089027, 43.57877899209898]]], [[[1.525931512721724, 43.578817623224616], [1.525808694478588, 43.578779959847566], [1.525708776343583, 43.578814599799614], [1.525931512721724, 43.578817623224616]]], [[[1.523699522428035, 43.57896728710543], [1.523721031706401, 43.579093566615306], [1.523846162819092, 43.579041273002716], [1.523798979314369, 43.57895064086775], [1.523772842576314, 43.57900428007835], [1.523699522428035, 43.57896728710543]]], [[[1.524366807994113, 43.579012352117665], [1.524712363015764, 43.57905304305682], [1.524787996017006, 43.57900007597227], [1.524366807994113, 43.579012352117665]]], [[[1.526974920084411, 43.579641697085364], [1.526733435173981, 43.5794044455092], [1.526949247745013, 43.579677345193495], [1.526974920084411, 43.579641697085364]]], [[[1.534554512524323, 43.57949226213741], [1.53397977505038, 43.57970048293811], [1.533950430621999, 43.5798800680922], [1.534003604896569, 43.57973680085787], [1.534279518744643, 43.579596539919244], [1.534697493716843, 43.57971016880317], [1.534554512524323, 43.57949226213741]]], [[[1.526998283744204, 43.579696008432926], [1.527092662230344, 43.57987727000218], [1.527119257957136, 43.579805638065515], [1.526998283744204, 43.579696008432926]]], [[[1.534245121251956, 43.57997403632421], [1.534321206106998, 43.579903070641706], [1.534022379950059, 43.579971029945376], [1.534245121251956, 43.57997403632421]]], [[[1.531603773917354, 43.580640283741495], [1.531890641120081, 43.5810401211725], [1.531898004405579, 43.580752250316365], [1.531853568079303, 43.580553670023605], [1.531732122995929, 43.580462037529465], [1.531881999001969, 43.58041006919636], [1.531808671832622, 43.580373081661534], [1.531707834025781, 43.58044371101502], [1.531614820898873, 43.58020847762774], [1.531838023213447, 43.580193497024624], [1.532179909755528, 43.58037809960659], [1.532200978112074, 43.5805223694851], [1.532077691963799, 43.580502705077095], [1.532097839830062, 43.580682958840896], [1.532245415615951, 43.58072094963144], [1.532345333124333, 43.5806863036204], [1.532348093492942, 43.580578352057636], [1.532203278639626, 43.580432409862205], [1.532303655744252, 43.580379771973], [1.532231708627396, 43.58028880895554], [1.532331625391859, 43.58025416296752], [1.532404492705669, 43.58030914206949], [1.532482880358337, 43.580148218048734], [1.53219969429106, 43.57960444711306], [1.531953586198774, 43.57954712626751], [1.531761578577947, 43.57931055495247], [1.531635073266678, 43.57941683341928], [1.531661663111862, 43.5793452003934], [1.531539760588159, 43.5792715596682], [1.531663964437409, 43.579255240855474], [1.531392188995388, 43.579233567957154], [1.531197422285689, 43.579104947116264], [1.530729500912355, 43.579008627087745], [1.530283565497596, 43.57902059135663], [1.529520046489778, 43.578866271001694], [1.529319753281476, 43.578953549540344], [1.528877045949675, 43.57883956478536], [1.528878890485503, 43.578767597227085], [1.528679519039813, 43.57881889079917], [1.528309675443172, 43.57875988523508], [1.527762440125024, 43.57886045706499], [1.527785342734633, 43.578932760100095], [1.527515416531555, 43.57883910996309], [1.52716847580185, 43.578852403595484], [1.527090536716693, 43.578995331751244], [1.526942968778864, 43.57895733400262], [1.526965408659758, 43.57904762909978], [1.526717460931466, 43.57906226394922], [1.526764187336429, 43.57917088670841], [1.527084072948284, 43.57924721815426], [1.526907138155727, 43.57938880357948], [1.527004747939585, 43.579444121956485], [1.527002901032407, 43.57951608951674], [1.526929116398726, 43.57949709060095], [1.526976305294569, 43.5795877214105], [1.527075762305551, 43.57957107216518], [1.527146776985616, 43.57969802233866], [1.527296655147796, 43.579646060360254], [1.527274214511927, 43.579555765293996], [1.527345691233211, 43.57966472344245], [1.527397958584795, 43.57955744324834], [1.527594102946711, 43.57963209525818], [1.528163787906203, 43.57962181910802], [1.528214208298986, 43.579586506107795], [1.528430489876775, 43.57984141098366], [1.528363623902718, 43.57955253455714], [1.528632632408995, 43.57968216643122], [1.528685358571864, 43.57955689371828], [1.528957134522541, 43.57957857339436], [1.528707801427864, 43.579647188493055], [1.528953906707871, 43.57970451669695], [1.529078112228944, 43.57968820083629], [1.529223839327026, 43.57979816331538], [1.529480405164412, 43.580413574630434], [1.529750341976751, 43.580507219986515], [1.530738930055412, 43.58057459287276], [1.531008409196819, 43.580686227033674], [1.531380569804392, 43.58065526386789], [1.53142868738061, 43.580709908967386], [1.531430068428696, 43.58065593319576], [1.531603773917354, 43.580640283741495]], [[1.529369250414391, 43.57895421980654], [1.529393538007703, 43.57897254682495], [1.529368789433058, 43.57897221170019], [1.529369250414391, 43.57895421980654]], [[1.528852297435378, 43.57883922954295], [1.528900872210122, 43.578875883802816], [1.528826626620706, 43.57887487807492], [1.528852297435378, 43.57883922954295]], [[1.526940198323676, 43.57906528530624], [1.527013982406007, 43.57908428420881], [1.526939736580131, 43.57908327719095], [1.526940198323676, 43.57906528530624]], [[1.526939736580131, 43.57908327719095], [1.526914526220497, 43.5791009333919], [1.526914987972085, 43.579082941507075], [1.526939736580131, 43.57908327719095]], [[1.527080841042809, 43.579373161372146], [1.527181682661897, 43.579302536366825], [1.527155087246091, 43.57937416829372], [1.527080841042809, 43.579373161372146]], [[1.527107436550796, 43.57930152946346], [1.527132646939191, 43.57928387321528], [1.527132185254206, 43.57930186510355], [1.527107436550796, 43.57930152946346]], [[1.527172449211595, 43.57966237418334], [1.52719858307262, 43.57960873413018], [1.527222408590366, 43.57964505353524], [1.527172449211595, 43.57966237418334]], [[1.527275599438592, 43.579501789618526], [1.527175219258841, 43.579554422829005], [1.527151855489271, 43.57950011152485], [1.527275599438592, 43.579501789618526]], [[1.527496492275286, 43.57957677740357], [1.527546451481786, 43.57955945660748], [1.527545989924282, 43.579577448500935], [1.527496492275286, 43.57957677740357]], [[1.52774305754003, 43.579616116454226], [1.527718770201368, 43.57959778905858], [1.52774351903608, 43.57959812455944], [1.52774305754003, 43.579616116454226]], [[1.527818227014447, 43.5795811391333], [1.52779301670637, 43.579598795544264], [1.527768729359086, 43.579580468159996], [1.527818227014447, 43.5795811391333]], [[1.528363623902718, 43.57955253455714], [1.52833933639283, 43.57953420730106], [1.528364085203755, 43.57953454266052], [1.528363623902718, 43.57955253455714]], [[1.529003865585782, 43.579687195228985], [1.528979577814511, 43.579668868114354], [1.529004326687233, 43.57966920332794], [1.529003865585782, 43.579687195228985]], [[1.529364035097617, 43.58012402848891], [1.529389245153138, 43.58010637170689], [1.52938878416882, 43.58012436361503], [1.529364035097617, 43.58012402848891]], [[1.531603773917354, 43.580640283741495], [1.531628983510665, 43.5806226264333], [1.531628523224204, 43.58064061835738], [1.531603773917354, 43.580640283741495]], [[1.530076689821602, 43.58033165589432], [1.530147251329832, 43.58047659608847], [1.529701765279148, 43.58047056606503], [1.529584472133099, 43.58021700396924], [1.529753568089172, 43.580381276590074], [1.530076689821602, 43.58033165589432]], [[1.529582167510125, 43.58030696352316], [1.529533130148977, 43.58028830144234], [1.529582628435298, 43.580288971611935], [1.529582167510125, 43.58030696352316]], [[1.529584472133099, 43.58021700396924], [1.529560183952295, 43.58019867697767], [1.529584933056827, 43.58019901205911], [1.529584472133099, 43.58021700396924]], [[1.530670669858432, 43.58033969346851], [1.530696800758913, 43.58028605254851], [1.530746759617012, 43.58026873027189], [1.530670669858432, 43.58033969346851]], [[1.530821467579441, 43.58025174277219], [1.530796257900619, 43.580269399888415], [1.530796718444959, 43.5802514079725], [1.530821467579441, 43.58025174277219]], [[1.530550148358919, 43.58021207583643], [1.530626238097329, 43.580141112730516], [1.530623474511668, 43.580249064216744], [1.530550148358919, 43.58021207583643]], [[1.529461187537054, 43.580197336595575], [1.529435977463711, 43.5802149933954], [1.529436438433966, 43.580197001485935], [1.529461187537054, 43.580197336595575]], [[1.529437360373608, 43.58016101766767], [1.529412150308887, 43.58017867446154], [1.529412611286318, 43.58016068255263], [1.529437360373608, 43.58016101766767]], [[1.529560644883488, 43.58018068506789], [1.529536356725658, 43.58016235807148], [1.529561105814393, 43.58016269315832], [1.529560644883488, 43.58018068506789]], [[1.529537278602109, 43.58012637425323], [1.529512068583336, 43.580144031069864], [1.529487780456523, 43.58012570406306], [1.529537278602109, 43.58012637425323]], [[1.531690449053182, 43.58015550569448], [1.531722562203414, 43.579867969623045], [1.53182247854266, 43.57983332411353], [1.531840784512391, 43.580085545511686], [1.531764696349084, 43.58015650946567], [1.531690449053182, 43.58015550569448]], [[1.530751365202507, 43.58008881112497], [1.530725695008383, 43.580124460136716], [1.530726616138681, 43.580088476309335], [1.530751365202507, 43.58008881112497]], [[1.531494297575859, 43.58008086105493], [1.531469088179043, 43.580098518325215], [1.531469548511128, 43.58008052640859], [1.531494297575859, 43.58008086105493]], [[1.529274259222586, 43.57976284981878], [1.529249049282561, 43.57978050656989], [1.529249510307914, 43.57976251466666], [1.529274259222586, 43.57976284981878]], [[1.528312742314276, 43.57960583952295], [1.528287532147456, 43.57962349604898], [1.528287993472912, 43.579605504151786], [1.528312742314276, 43.57960583952295]], [[1.5290304588396, 43.5796155628338], [1.529005248889268, 43.57963321952655], [1.529005709989852, 43.57961522762617], [1.5290304588396, 43.5796155628338]], [[1.528535943147188, 43.57959086571163], [1.528510733055597, 43.57960852228928], [1.528511194310976, 43.57959053039132], [1.528535943147188, 43.57959086571163]], [[1.529032764299413, 43.57952560333478], [1.529130376364241, 43.57958091980681], [1.528981883356202, 43.579578908613065], [1.529032764299413, 43.57952560333478]], [[1.529180796126485, 43.57954560635891], [1.529280713438632, 43.57951096319529], [1.529280252425078, 43.579528955095526], [1.529180796126485, 43.57954560635891]], [[1.529330211051725, 43.57951163347955], [1.529305923250544, 43.579493306440135], [1.529331133046948, 43.579475649679324], [1.529330211051725, 43.57951163347955]], [[1.528216515036798, 43.57949654662794], [1.528191304888378, 43.57951420313028], [1.528191766243116, 43.57949621123487], [1.528216515036798, 43.57949654662794]], [[1.528339797701332, 43.57951621540476], [1.528315510214417, 43.57949788814381], [1.528340259009545, 43.579498223508686], [1.528339797701332, 43.57951621540476]], [[1.528290761419578, 43.5794975527733], [1.528292145389007, 43.579443577087076], [1.528267857948039, 43.5794252498164], [1.528341181625103, 43.579462239717195], [1.528290761419578, 43.5794975527733]], [[1.528984188890667, 43.57948894911736], [1.528934230179351, 43.5795062705739], [1.528934691301175, 43.57948827867541], [1.528984188890667, 43.57948894911736]], [[1.527994698736748, 43.57945754409891], [1.52796948853723, 43.5794752005493], [1.527969949961177, 43.579457208655306], [1.527994698736748, 43.57945754409891]], [[1.526981384376194, 43.57938981061981], [1.527056554018364, 43.579354833831516], [1.527054245468447, 43.57944479327789], [1.527029496703871, 43.579444457620006], [1.526981384376194, 43.57938981061981]], [[1.527772421252718, 43.5794365330106], [1.527747210994059, 43.57945418940915], [1.527747672487505, 43.57943619751638], [1.527772421252718, 43.5794365330106]], [[1.527133570308292, 43.579247889439415], [1.527108359935984, 43.57926554568737], [1.527108821628144, 43.57924755379966], [1.527133570308292, 43.579247889439415]], [[1.528049271677201, 43.579260304146395], [1.528024061581089, 43.579277960607044], [1.528024522986347, 43.579259968715284], [1.528049271677201, 43.579260304146395]], [[1.528000697120938, 43.57922364949589], [1.52797640986607, 43.57920532216285], [1.528001158533082, 43.57920565760492], [1.528000697120938, 43.57922364949589]], [[1.52797640986607, 43.57920532216285], [1.527952584053783, 43.579169002934286], [1.527977332704998, 43.579169338381774], [1.52797640986607, 43.57920532216285]], [[1.529980592038975, 43.5792504665998], [1.530030550211927, 43.57923314466505], [1.530030089435621, 43.579251136564984], [1.529980592038975, 43.5792504665998]], [[1.530030550211927, 43.57923314466505], [1.530055759671192, 43.579215487739255], [1.530055298902929, 43.57923347963907], [1.530030550211927, 43.57923314466505]], [[1.531441226059899, 43.579252229185016], [1.531366519581674, 43.579269217099174], [1.531366979939256, 43.579251225193346], [1.531441226059899, 43.579252229185016]], [[1.526962638242412, 43.57915558041074], [1.526988310340152, 43.579119932312366], [1.527012135521984, 43.5791562517512], [1.526962638242412, 43.57915558041074]], [[1.530180424549884, 43.57918117872421], [1.530205633940229, 43.57916352176427], [1.530205173219357, 43.5791815136641], [1.530180424549884, 43.57918117872421]], [[1.530206094660812, 43.5791455298647], [1.530331219978671, 43.5790932287793], [1.53038071724383, 43.57909389858463], [1.530304628589992, 43.57916486146692], [1.530206094660812, 43.5791455298647]], [[1.527190454332462, 43.578960690523715], [1.527165244103778, 43.57897834678134], [1.527165705775799, 43.57896035489697], [1.527190454332462, 43.578960690523715]], [[1.529219836963111, 43.57898819272647], [1.529194627346546, 43.57900584945544], [1.529195088382735, 43.57898785756211], [1.529219836963111, 43.57898819272647]], [[1.529319292284635, 43.578971541433766], [1.529294082705973, 43.57898919818564], [1.529294543710857, 43.578971206292096], [1.529319292284635, 43.578971541433766]], [[1.529443957073712, 43.57893723326982], [1.529418747548461, 43.5789548900502], [1.529419208513997, 43.57893689815655], [1.529443957073712, 43.57893723326982]], [[1.529839934068441, 43.578942594315066], [1.529765227519316, 43.57895958112421], [1.529765688376295, 43.578941589229046], [1.529839934068441, 43.578942594315066]], [[1.528678135449678, 43.57887286646692], [1.528652925717141, 43.578890523068765], [1.528653386922185, 43.578872531179165], [1.528678135449678, 43.57887286646692]]], [[[1.528648157024503, 43.580042339760745], [1.528577138598144, 43.57991539053853], [1.528524873124385, 43.58002267132672], [1.528648157024503, 43.580042339760745]]], [[[1.523591492984009, 43.58027968487185], [1.52376473672193, 43.580282039843496], [1.523782544685166, 43.58055225456662], [1.524079535382517, 43.58055629097009], [1.524343450643971, 43.58088384439017], [1.524787089606445, 43.58096186398656], [1.524364962057059, 43.5810101239406], [1.524363574357132, 43.581064099635434], [1.524933736494576, 43.581035848518006], [1.525405362595408, 43.58098825842623], [1.525431498711319, 43.58093461874889], [1.525233041246672, 43.580949922267955], [1.525259639791022, 43.580878290733295], [1.525185391675543, 43.58087728251501], [1.525208291843827, 43.58094958619475], [1.524910836637704, 43.580963544776054], [1.525011683720485, 43.58089292170742], [1.524939285131411, 43.58081994572576], [1.524789864202287, 43.58085391259573], [1.524841212583594, 43.58078261733681], [1.525285775993034, 43.58082465109512], [1.525314685745844, 43.580663060062705], [1.525536967079567, 43.58068407619849], [1.525534193896927, 43.58079202759567], [1.525732650735401, 43.58077672352808], [1.525490241765111, 43.580575452797206], [1.525913751402576, 43.58047321279009], [1.525966484225487, 43.58034794132824], [1.526064094733787, 43.58040326058742], [1.525994467724347, 43.580222333957785], [1.526189688555843, 43.580332972330616], [1.526290071000654, 43.58028034000247], [1.526412892769788, 43.58031800287446], [1.526513736870487, 43.58024737844292], [1.5264427229108, 43.58012042780711], [1.526665926232314, 43.58010545783321], [1.526861609737766, 43.580198103091696], [1.527011489463769, 43.58014614148872], [1.526989049080966, 43.58005584633218], [1.527187502986394, 43.58004053961425], [1.526348541640424, 43.57896726793206], [1.52624677566426, 43.579073875910524], [1.525801763009881, 43.57904983801605], [1.525626212131711, 43.579137445692204], [1.525330153163394, 43.57909742976496], [1.524928164657476, 43.57932594669011], [1.524906190254579, 43.579217659276665], [1.524632567672036, 43.579267936977494], [1.524338821523606, 43.57913795896321], [1.524262725342654, 43.57920891761494], [1.524359407164507, 43.57930022211411], [1.52425809949079, 43.57938883637616], [1.524331883101268, 43.579407837104945], [1.524305746652999, 43.5794614764608], [1.52413389324771, 43.57940514672166], [1.524127879089144, 43.579639041140354], [1.524008761603952, 43.57945744067892], [1.523982162157063, 43.579529071836596], [1.52381030886694, 43.57947274158282], [1.523887331362758, 43.57936579948386], [1.523636142005119, 43.579506370436846], [1.523463363450068, 43.579486023386174], [1.523337305266299, 43.57957430032475], [1.523456420869792, 43.57975590153724], [1.523731897824843, 43.57963365926829], [1.523777230824841, 43.57979625899472], [1.523677309695009, 43.57983089710244], [1.523556342002368, 43.57972126363455], [1.523551713895223, 43.579901182429694], [1.523428894895236, 43.57986351633331], [1.523426580639828, 43.579953475734285], [1.523624109561542, 43.579974159289634], [1.523473301542984, 43.580062099976345], [1.523618556059902, 43.58019006188788], [1.523591492984009, 43.58027968487185]], [[1.526542180999503, 43.58010377904424], [1.526493144800272, 43.58008511559361], [1.526542642875861, 43.58008578714846], [1.526542180999503, 43.58010377904424]], [[1.524127879089144, 43.579639041140354], [1.524152165298771, 43.579657369339444], [1.524127416459533, 43.57965703302027], [1.524127879089144, 43.579639041140354]], [[1.523907453111487, 43.57954605462359], [1.524004134936074, 43.579637359460385], [1.523880390790255, 43.57963567763948], [1.523907453111487, 43.57954605462359]], [[1.523522336740687, 43.58008076478997], [1.523695117106747, 43.58010111175524], [1.523694191568506, 43.58013709552317], [1.523522336740687, 43.58008076478997]], [[1.524811376586217, 43.5809801920551], [1.524836588418079, 43.580962536319284], [1.524836125999933, 43.58098052821874], [1.524811376586217, 43.5809801920551]], [[1.524836588418079, 43.580962536319284], [1.524861800234432, 43.5809448805778], [1.524861337824331, 43.58096287247717], [1.524836588418079, 43.580962536319284]], [[1.52483890050446, 43.58087257682525], [1.524912223820611, 43.58090956907799], [1.524862262644244, 43.580926888678675], [1.52483890050446, 43.58087257682525]], [[1.524739440589728, 43.580889224037385], [1.524714228760185, 43.58090687974975], [1.524714691215943, 43.58088888785172], [1.524739440589728, 43.580889224037385]], [[1.524788939338166, 43.58088989639178], [1.524763727523552, 43.58090755211565], [1.524764189963802, 43.580889560217386], [1.524788939338166, 43.58088989639178]], [[1.524467197494047, 43.580885525685005], [1.524442910664221, 43.580867197540705], [1.524468122559786, 43.5808495418918], [1.524467197494047, 43.580885525685005]], [[1.52516619007234, 43.580661043650935], [1.525140516153819, 43.580696691356785], [1.525141440794437, 43.58066070756256], [1.52516619007234, 43.580661043650935]], [[1.524819700208073, 43.580656337900635], [1.524944833726508, 43.58060404296559], [1.524942984199447, 43.58067601054875], [1.524819700208073, 43.580656337900635]], [[1.524921471639993, 43.58054973114209], [1.52467675415673, 43.580438418090516], [1.524849536008475, 43.58045876322447], [1.524921471639993, 43.58054973114209]], [[1.52467675415673, 43.580438418090516], [1.524553933269082, 43.580400753252235], [1.524677216620461, 43.580420426198486], [1.52467675415673, 43.580438418090516]], [[1.524530109126053, 43.58036443324279], [1.524480148308856, 43.58038175266117], [1.524480610833752, 43.580363760770716], [1.524530109126053, 43.58036443324279]], [[1.524605281538057, 43.58032945812727], [1.524555320773981, 43.58034677757981], [1.524555783275034, 43.58032878568944], [1.524605281538057, 43.58032945812727]], [[1.524630493147503, 43.58031180244728], [1.524704278067581, 43.58033080293525], [1.524629568192213, 43.580347786228415], [1.524630493147503, 43.58031180244728]], [[1.524704740521818, 43.58031281104447], [1.524729952093362, 43.58029515534158], [1.52472948964717, 43.58031314723225], [1.524704740521818, 43.58031281104447]], [[1.524036514246924, 43.580303731842584], [1.524011302458331, 43.58032138738462], [1.524011765129691, 43.5803033954969], [1.524036514246924, 43.580303731842584]], [[1.525918834225936, 43.580275301927415], [1.52591744800486, 43.58032927761455], [1.525894085109939, 43.58027496601063], [1.525918834225936, 43.580275301927415]], [[1.526216285620558, 43.58026134059238], [1.526241958676309, 43.580225692643026], [1.526265783844864, 43.58026201227347], [1.526216285620558, 43.58026134059238]], [[1.523768901446397, 43.58012011287585], [1.523744615163365, 43.58010178458515], [1.523769826937532, 43.58008412910772], [1.523768901446397, 43.58012011287585]], [[1.526468395762912, 43.58008477980774], [1.526443184818465, 43.580102435911556], [1.526443646725841, 43.580084444016215], [1.526468395762912, 43.58008477980774]], [[1.526890976505705, 43.58001851981378], [1.526941398029916, 43.57998320739468], [1.526965223540367, 43.580019526865584], [1.526890976505705, 43.58001851981378]], [[1.523577851248276, 43.579847543238884], [1.523751093681443, 43.5798498982316], [1.523750168182341, 43.57988588199372], [1.523601211777765, 43.579901855324884], [1.523577851248276, 43.579847543238884]], [[1.523825340442866, 43.579850907429595], [1.523800128788204, 43.57986856291707], [1.523800591522102, 43.5798505710359], [1.523825340442866, 43.579850907429595]], [[1.523924336128824, 43.57985225294797], [1.523999508239194, 43.579817278264144], [1.524023331819423, 43.57985359837615], [1.523924336128824, 43.57985225294797]], [[1.523999970910187, 43.579799286382766], [1.523876689124902, 43.579779612676305], [1.524000896251303, 43.57976330262068], [1.523999970910187, 43.579799286382766]], [[1.524099429150901, 43.57978263986036], [1.524074217610523, 43.57980029541061], [1.524074680257964, 43.579782303529115], [1.524099429150901, 43.57978263986036]], [[1.525411120891482, 43.57980045734589], [1.525386834219357, 43.579782129426476], [1.525411583119904, 43.579782465458706], [1.525411120891482, 43.57980045734589]], [[1.525386834219357, 43.579782129426476], [1.525362547562739, 43.579763801501855], [1.525387296455242, 43.57976413753963], [1.525386834219357, 43.579782129426476]], [[1.524027033121853, 43.57970966332692], [1.52400182159126, 43.57972731885948], [1.524002284260802, 43.57970932697923], [1.524027033121853, 43.57970966332692]], [[1.524003672267691, 43.57965535133976], [1.523953711908804, 43.57967267050748], [1.523954174592985, 43.57965467862811], [1.524003672267691, 43.57965535133976]], [[1.524204438611864, 43.57955009068272], [1.524304358934831, 43.579515452096835], [1.524301120915623, 43.57964139525542], [1.524204438611864, 43.57955009068272]], [[1.523735137092475, 43.57950771612735], [1.523757572142666, 43.57959801192168], [1.523683325709531, 43.57959700267754], [1.523735137092475, 43.57950771612735]], [[1.524924003260701, 43.57948787361286], [1.524949676773034, 43.579452225988106], [1.524973500802938, 43.5794885458825], [1.524924003260701, 43.57948787361286]], [[1.524380918019257, 43.57942650152249], [1.52433095797336, 43.57944382086096], [1.524331420537459, 43.579425828982835], [1.524380918019257, 43.57942650152249]], [[1.524504661728825, 43.57942818277293], [1.524479450468758, 43.5794458384129], [1.524479912986332, 43.57942784653413], [1.524504661728825, 43.57942818277293]], [[1.524976274977014, 43.57938059459733], [1.5249510638829, 43.57939825034619], [1.524951526252275, 43.57938025846599], [1.524976274977014, 43.57938059459733]], [[1.524902028803667, 43.5793795861864], [1.524952450990157, 43.57934427470627], [1.524951988621361, 43.57936226658603], [1.524902028803667, 43.5793795861864]], [[1.526271062311296, 43.57909220362865], [1.526245389780549, 43.57912785155683], [1.526246313703313, 43.57909186779241], [1.526271062311296, 43.57909220362865]]], [[[1.529363113112604, 43.580160012305626], [1.52911746654042, 43.58008469310406], [1.529218306903723, 43.58001406617301], [1.529172497269598, 43.57986946059728], [1.528971277804592, 43.57999272236506], [1.5290936396412, 43.58004837410362], [1.528968972229661, 43.58008268189196], [1.528921779780862, 43.57999205191702], [1.528795728880261, 43.58008033522126], [1.528962516581409, 43.58033456859694], [1.529278723430984, 43.58055482892822], [1.529402469716088, 43.58055650460006], [1.529363113112604, 43.580160012305626]], [[1.529309926864368, 43.58030327731005], [1.529284716697973, 43.580320934076084], [1.529285177716488, 43.58030294216594], [1.529309926864368, 43.58030327731005]], [[1.529090873177843, 43.580156325543854], [1.529065663008607, 43.580173982257236], [1.529066124094599, 43.58015599034986], [1.529090873177843, 43.580156325543854]], [[1.529289326870115, 43.58014101498467], [1.529263655744688, 43.580176663652175], [1.529264577792314, 43.58014067983589], [1.529289326870115, 43.58014101498467]]], [[[1.528226500831977, 43.58007262278636], [1.528583438166617, 43.58063540211389], [1.528729166721718, 43.58074536532902], [1.528877662738353, 43.580747376869866], [1.528786044246741, 43.58045816527904], [1.528567913796791, 43.580275228626796], [1.528618795741616, 43.58022192351667], [1.528519799308274, 43.58022058227653], [1.528400205428742, 43.58005697846163], [1.528348862116849, 43.58012827536702], [1.528226500831977, 43.58007262278636]], [[1.528348862116849, 43.58012827536702], [1.528373149881129, 43.58014660262854], [1.528348400806269, 43.58014626727099], [1.528348862116849, 43.58012827536702]], [[1.528371765970918, 43.58020057834218], [1.528422186744111, 43.5801652652312], [1.528421264168032, 43.58020124904097], [1.528371765970918, 43.58020057834218]], [[1.528445551986304, 43.58021957628721], [1.528420341590796, 43.5802372328516], [1.528420802879559, 43.58021924094617], [1.528445551986304, 43.58021957628721]]], [[[1.525984764628841, 43.580600163802806], [1.52608145153295, 43.580691466857346], [1.526059012399917, 43.58060117147448], [1.525984764628841, 43.580600163802806]]], [[[1.532066188255771, 43.580952503255936], [1.532072630354477, 43.58070061625863], [1.53202405201037, 43.580663963370796], [1.532064807798693, 43.58100647904678], [1.53218809502453, 43.58102614347628], [1.532240814662579, 43.58090086892063], [1.5321431973559, 43.58084555519325], [1.532066188255771, 43.580952503255936]]], [[[1.52807322625688, 43.58122242796687], [1.527619600823391, 43.5805683451361], [1.527570102319103, 43.5805676740718], [1.52807322625688, 43.58122242796687]]], [[[1.531424544220767, 43.580871836294286], [1.531274666594932, 43.58092380401282], [1.531272824993481, 43.5809957717195], [1.531518478292486, 43.5810710860942], [1.53156981851081, 43.58099978764392], [1.531424544220767, 43.580871836294286]], [[1.531470360328036, 43.58101644102078], [1.53144515051298, 43.581034098296975], [1.531445610860071, 43.58101610636877], [1.531470360328036, 43.58101644102078]]], [[[1.528181090514816, 43.58570544087014], [1.528130664726581, 43.58574075400485], [1.528129280453463, 43.585794729924835], [1.52822828649161, 43.58579607152608], [1.528181090514816, 43.58570544087014]]], [[[1.529037097038159, 43.587084902478104], [1.528871211792271, 43.58679468404791], [1.528822169119483, 43.58677602156215], [1.528939011120647, 43.58704757762698], [1.529037097038159, 43.587084902478104]]], [[[1.529781826421552, 43.587976899242875], [1.529904206065493, 43.588032550376354], [1.530252583983879, 43.587965271890596], [1.529781826421552, 43.587976899242875]]], [[[1.531289312810825, 43.58905918985693], [1.531120647404569, 43.58887692661397], [1.53126225753111, 43.58914881530267], [1.531289312810825, 43.58905918985693]]], [[[1.531451993946369, 43.58947534927901], [1.531494594186516, 43.58974589911064], [1.531593146748339, 43.589765229686016], [1.531549164881816, 43.5895486559932], [1.531451993946369, 43.58947534927901]]], [[[1.532067961863994, 43.59056357099715], [1.531852084019847, 43.59029067942499], [1.531874075767459, 43.59039896626383], [1.531774601384976, 43.5904156200277], [1.53151336227473, 43.589980130256606], [1.531613756710235, 43.58992749265664], [1.531757213056541, 43.59012741272634], [1.531663723684013, 43.58991016984254], [1.531415730226883, 43.58992481552743], [1.531411125934765, 43.590104735928904], [1.531536274046858, 43.590052433058034], [1.531724173669466, 43.59045093494566], [1.531966185950146, 43.59067018519093], [1.532678060960543, 43.5909137811528], [1.533220803900199, 43.59099310430485], [1.533000779523633, 43.590882143452504], [1.532802289680976, 43.590897460906746], [1.532484171931164, 43.59074917746846], [1.532657447635463, 43.590751518273436], [1.532609320470597, 43.59069687333812], [1.532387918026959, 43.59063988742521], [1.532336570201548, 43.59071118673832], [1.532314577461693, 43.59060289996974], [1.532067961863994, 43.59056357099715]], [[1.532975105899184, 43.59091779326246], [1.532999399706668, 43.590936119626484], [1.53297464595215, 43.590935785320575], [1.532975105899184, 43.59091779326246]], [[1.532215563036178, 43.59060156208837], [1.532140381808028, 43.59063654271961], [1.532140842014194, 43.59061855066876], [1.532215563036178, 43.59060156208837]]], [[[1.532657447635463, 43.590751518273436], [1.532754622271232, 43.59082482397405], [1.532902224569817, 43.590862814139186], [1.532657447635463, 43.590751518273436]]], [[[1.54757571462611, 43.574645729353634], [1.547350261434546, 43.5747507018195], [1.547574804144132, 43.57468171318692], [1.54757571462611, 43.574645729353634]]], [[[1.547719643565193, 43.57482763430233], [1.54776777180839, 43.574882271941206], [1.547842922881611, 43.574847280878316], [1.547819996641284, 43.57477498228024], [1.547719643565193, 43.57482763430233]]], [[[1.547084577041913, 43.5754670680502], [1.547327495468153, 43.57565029793819], [1.54735406398747, 43.57557866125974], [1.547084577041913, 43.5754670680502]]], [[[1.54586786419828, 43.575612765146815], [1.54569326613618, 43.57566442119956], [1.545665783808877, 43.57577204132056], [1.545866496846132, 43.57566674091191], [1.54586786419828, 43.575612765146815]]], [[[1.529528343240919, 43.578542416962456], [1.530316145742518, 43.57871506403322], [1.530762539319562, 43.57868510773692], [1.530686451679568, 43.578756070866525], [1.530982973094572, 43.57877808028607], [1.531034311927253, 43.57870678220245], [1.53201412764184, 43.579115989507024], [1.532826234321328, 43.579306944871725], [1.533328565048541, 43.57902575993325], [1.533825375860285, 43.578960475660445], [1.534526145850404, 43.57866396605735], [1.53424977763698, 43.578822219444056], [1.534298815279019, 43.578840879376436], [1.534923958385652, 43.57859734092145], [1.534750259984133, 43.5786129956632], [1.534751637858631, 43.578559019927994], [1.535199405358318, 43.57847506966809], [1.535297021578777, 43.57853038055772], [1.53594369297956, 43.57841311343827], [1.535941398394532, 43.57850307301412], [1.536161839857656, 43.57859603504088], [1.537790196577382, 43.57881595020551], [1.539331933334616, 43.578548727387805], [1.541440064612595, 43.57742518382501], [1.542061506091836, 43.57732553991624], [1.542387798194506, 43.577149939225215], [1.54294549592619, 43.57663547956785], [1.542565065738889, 43.57601844115334], [1.542787335398465, 43.57603942191923], [1.542951433101335, 43.57640158460215], [1.543272694610037, 43.57642389246375], [1.543400541467259, 43.57626362490653], [1.543547656854512, 43.576319592143975], [1.54452056568844, 43.576026669122086], [1.544526496383355, 43.57579277416937], [1.544770776413988, 43.57592203405736], [1.546045652038607, 43.575435165370564], [1.546398490740665, 43.57518791651638], [1.546972682555422, 43.57499762257771], [1.546951123667016, 43.57487134803751], [1.547098238947699, 43.57492731041137], [1.547074858213912, 43.57487300356913], [1.547350261434546, 43.5747507018195], [1.547125262802035, 43.57483768190799], [1.547076224411052, 43.574819027818634], [1.547553244049957, 43.57455543879401], [1.54762702915521, 43.57457442363373], [1.547753039004514, 43.57448611881636], [1.547775965045159, 43.574558417414025], [1.547626118706527, 43.574610407465656], [1.547699903906528, 43.574629392256604], [1.547950557869512, 43.57450675805296], [1.547952833476576, 43.574416798474516], [1.548076111990573, 43.57443644478018], [1.548080662798512, 43.5742565256324], [1.54823232792752, 43.57413256731367], [1.548268450013648, 43.573683100387704], [1.548144717996927, 43.573681446217265], [1.548220322299249, 43.5736284630163], [1.548213322198823, 43.572926448007905], [1.548099148137821, 43.57254696398754], [1.547755891551635, 43.57241638818853], [1.546183233469265, 43.57293528457453], [1.545582034248884, 43.57321520208565], [1.544448839134088, 43.57397393321053], [1.543069059109197, 43.574693349346134], [1.543020022159566, 43.574674693427234], [1.542769813679527, 43.57477932436785], [1.542718036169631, 43.57486861970161], [1.542045300675613, 43.57503957032286], [1.541748794332154, 43.5750175911609], [1.541673639321776, 43.57505257801105], [1.541746051908088, 43.575125542544534], [1.541473835055607, 43.57512188683216], [1.540651238317239, 43.575344810231556], [1.5405999144352, 43.57541611269355], [1.539976660572025, 43.57558771569069], [1.539923047399364, 43.575748977333525], [1.539702153061993, 43.57567401502055], [1.538856168178931, 43.57584261643907], [1.537529435559661, 43.576418693826795], [1.53743273764554, 43.576327401234664], [1.537429070172867, 43.576471336400274], [1.536831001613372, 43.57662526286093], [1.53625400706809, 43.57692345477623], [1.535906621025288, 43.576954768199734], [1.535482237044868, 43.577093030710564], [1.535480859892494, 43.577147006400004], [1.53523246341638, 43.57717965256503], [1.535279204400553, 43.577288271518334], [1.53501432488198, 43.57699672927596], [1.534987281102821, 43.57708635489947], [1.5348649198666, 43.577030709914986], [1.534641271325729, 43.57706368859733], [1.534470793058329, 43.576953399633965], [1.534346135581817, 43.57698771352012], [1.534347513797276, 43.57693373785103], [1.534125243760905, 43.57691273980028], [1.534022576854702, 43.57705533869079], [1.533801685196153, 43.576980364309385], [1.533749432158254, 43.577087647392474], [1.533626612487713, 43.57704999290107], [1.533324582272475, 43.57724389337598], [1.533001480727699, 43.57729352362719], [1.532954284205575, 43.57720289558005], [1.532877281503034, 43.57730984394713], [1.532258124573356, 43.577319475876095], [1.532206328421868, 43.57740876635552], [1.532111017631747, 43.57726349330846], [1.532082588840334, 43.57740709388169], [1.531885525885095, 43.577368433861146], [1.531387805972822, 43.57746969295549], [1.531384123270596, 43.57761362803089], [1.531360756308948, 43.5775593177054], [1.531013824204675, 43.57757262360874], [1.53093543595084, 43.57773354628129], [1.530786947658234, 43.57773153755786], [1.530735609390501, 43.577802835476234], [1.530613711329995, 43.57772919379064], [1.530578369659242, 43.5781426723211], [1.530698426317715, 43.57828828162913], [1.530451404094762, 43.578266941212995], [1.530326280687443, 43.57831924240679], [1.530374855963343, 43.57835589599424], [1.529904177228145, 43.578367523799045], [1.530100320783376, 43.578442171221305], [1.529653467861668, 43.57849011667976], [1.529528343240919, 43.578542416962456]], [[1.547577990826061, 43.57455576977434], [1.547603648064926, 43.574520116918656], [1.547602737602449, 43.57455610074903], [1.547577990826061, 43.57455576977434]], [[1.547703090311109, 43.57450344884492], [1.547678798764104, 43.57448512597815], [1.547703545510622, 43.57448545692985], [1.547703090311109, 43.57450344884492]], [[1.547826368925711, 43.57452309543524], [1.547802077331047, 43.574504772595795], [1.547827279247493, 43.57448711160382], [1.547826368925711, 43.57452309543524]], [[1.542969615188802, 43.57471001317911], [1.542993905327914, 43.57472833710199], [1.542969158503894, 43.57472800507712], [1.542969615188802, 43.57471001317911]], [[1.542793647043582, 43.574815640234654], [1.54281885063722, 43.57479798040107], [1.542818393904364, 43.57481597229953], [1.542793647043582, 43.574815640234654]], [[1.541995806770512, 43.57503890583506], [1.541970602817921, 43.5750565654806], [1.541971059818391, 43.575038573582674], [1.541995806770512, 43.57503890583506]], [[1.537429070172867, 43.576471336400274], [1.537453359288669, 43.57648966158471], [1.53742861173749, 43.57648932829698], [1.537429070172867, 43.576471336400274]], [[1.532082588840334, 43.57740709388169], [1.532106876645306, 43.57742542027366], [1.532082128721822, 43.5774250857675], [1.532082588840334, 43.57740709388169]], [[1.530574224286139, 43.57830459932678], [1.530672756895865, 43.57832393058376], [1.530573763687684, 43.57832259121741], [1.530574224286139, 43.57830459932678]], [[1.530000866605548, 43.57845882322303], [1.530049902555954, 43.57847748506898], [1.530000405826154, 43.57847681511317], [1.530000866605548, 43.57845882322303]], [[1.534600850605868, 43.57864697597715], [1.534575642794309, 43.578664633950844], [1.534576102141238, 43.578646642038976], [1.534600850605868, 43.57864697597715]], [[1.535991813020025, 43.57846775643114], [1.535966605715032, 43.57848541472544], [1.535967064624572, 43.57846742280994], [1.535991813020025, 43.57846775643114]], [[1.536402468121653, 43.577897352366016], [1.535852042614838, 43.57812390827761], [1.535994107524637, 43.578377796856444], [1.535967523533823, 43.57844943089467], [1.535779174773082, 43.57806893157197], [1.536402468121653, 43.577897352366016]], [[1.535779174773082, 43.57806893157197], [1.535754885523512, 43.57805060599303], [1.535779633738036, 43.578050939662475], [1.535779174773082, 43.57806893157197]], [[1.536451964426377, 43.5778980194041], [1.536653160485591, 43.57777474395801], [1.536727404788904, 43.5777757443352], [1.536451964426377, 43.5778980194041]], [[1.53677690099255, 43.57777641122515], [1.537052798642075, 43.57763614343288], [1.537102294729135, 43.57763681017446], [1.53677690099255, 43.57777641122515]], [[1.537102753275948, 43.577618818264774], [1.537452893304749, 43.57747954954121], [1.537527137240214, 43.577480549371536], [1.537176538861881, 43.57763781024456], [1.537102753275948, 43.577618818264774]], [[1.537527595652628, 43.57746255746201], [1.537678375309941, 43.57737459742226], [1.537752160772404, 43.57739358900778], [1.537676083484794, 43.57746455696979], [1.537527595652628, 43.57746255746201]], [[1.53755280202831, 43.577444898818], [1.537503764521078, 43.57742624037284], [1.537553260432395, 43.577426906908826], [1.53755280202831, 43.577444898818]], [[1.537752160772404, 43.57739358900778], [1.537802114984139, 43.577376263520954], [1.537801656658452, 43.57739425543054], [1.537752160772404, 43.57739358900778]], [[1.537802114984139, 43.577376263520954], [1.53785206916572, 43.57735893801136], [1.537851610855829, 43.57737692992094], [1.537802114984139, 43.577376263520954]], [[1.537852527475325, 43.57734094610196], [1.538102756082311, 43.57723632630341], [1.538226953662068, 43.577220000009], [1.53797626708204, 43.57734261200221], [1.537852527475325, 43.57734094610196]], [[1.538226953662068, 43.577220000009], [1.538276907579452, 43.5772026743059], [1.538276449403958, 43.57722066621535], [1.538226953662068, 43.577220000009]], [[1.538276907579452, 43.5772026743059], [1.538326861466684, 43.577185348580024], [1.538326403306984, 43.57720334048945], [1.538276907579452, 43.5772026743059]], [[1.538326861466684, 43.577185348580024], [1.538376815323762, 43.577168022831394], [1.538376357179857, 43.5771860147408], [1.538326861466684, 43.577185348580024]], [[1.538376815323762, 43.577168022831394], [1.538426769150688, 43.57715069705997], [1.538426311022577, 43.57716868896941], [1.538376815323762, 43.577168022831394]], [[1.538476264835144, 43.577151363175226], [1.538452433232625, 43.57711504630204], [1.538501928886641, 43.57711571240557], [1.538476264835144, 43.577151363175226]], [[1.538501928886641, 43.57711571240557], [1.538551882630287, 43.577098386577234], [1.538551424541805, 43.57711637848652], [1.538501928886641, 43.57711571240557]], [[1.538551882630287, 43.577098386577234], [1.53860183634378, 43.57708106072616], [1.538601378271093, 43.57709905263543], [1.538551882630287, 43.577098386577234]], [[1.53860183634378, 43.57708106072616], [1.538651790027119, 43.5770637348523], [1.538651331970227, 43.57708172676159], [1.53860183634378, 43.57708106072616]], [[1.538651790027119, 43.5770637348523], [1.538701743680306, 43.577046408955695], [1.538701285639208, 43.57706440086496], [1.538651790027119, 43.5770637348523]], [[1.538701743680306, 43.577046408955695], [1.53875169730334, 43.57702908303632], [1.538751239278036, 43.57704707494557], [1.538701743680306, 43.577046408955695]], [[1.53875169730334, 43.57702908303632], [1.53880165089622, 43.57701175709417], [1.53880119288671, 43.57702974900341], [1.53875169730334, 43.57702908303632]], [[1.53880165089622, 43.57701175709417], [1.538851604458947, 43.57699443112924], [1.538851146465232, 43.57701242303848], [1.53880165089622, 43.57701175709417]], [[1.5389011000136, 43.57699509705079], [1.539077082001499, 43.57688947614196], [1.539126577468276, 43.57689014196071], [1.5389011000136, 43.57699509705079]], [[1.539126577468276, 43.57689014196071], [1.539176530827111, 43.57687281584781], [1.539176072936201, 43.57689080775692], [1.539126577468276, 43.57689014196071]], [[1.539176530827111, 43.57687281584781], [1.539226484155792, 43.57685548971215], [1.539226026280677, 43.57687348162125], [1.539176530827111, 43.57687281584781]], [[1.539275979595, 43.57685615546283], [1.539601819794221, 43.57669855510591], [1.539651315102474, 43.57669922068545], [1.539275979595, 43.57685615546283]], [[1.539651315102474, 43.57669922068545], [1.539701268136802, 43.57668189433351], [1.539700810411874, 43.57669988624246], [1.539651315102474, 43.57669922068545]], [[1.539701268136802, 43.57668189433351], [1.539751221140977, 43.57666456795883], [1.539750763431843, 43.576682559867734], [1.539701268136802, 43.57668189433351]], [[1.539800716421659, 43.57666523347027], [1.539926742898379, 43.576576937605175], [1.539976238105542, 43.5765776030366], [1.539800716421659, 43.57666523347027]], [[1.539976238105542, 43.5765776030366], [1.540026190935976, 43.5765602765367], [1.540025733313852, 43.57657826844547], [1.539976238105542, 43.5765776030366]], [[1.540026190935976, 43.5765602765367], [1.540076143736258, 43.57654295001403], [1.540075686129927, 43.57656094192279], [1.540026190935976, 43.5765602765367]], [[1.540125638915849, 43.57654361537735], [1.540201711954772, 43.57647264574505], [1.540251207075203, 43.57647331105112], [1.540125638915849, 43.57654361537735]], [[1.540300702196782, 43.57647397633461], [1.540476680012088, 43.57636835319634], [1.540526175045787, 43.57636901837704], [1.540300702196782, 43.57647397633461]], [[1.540526175045787, 43.57636901837704], [1.540576127528741, 43.57635169162673], [1.540575670080633, 43.5763696835352], [1.540526175045787, 43.57636901837704]], [[1.540576127528741, 43.57635169162673], [1.540626079981541, 43.57633436485366], [1.540625622549227, 43.57635235676212], [1.540576127528741, 43.57635169162673]], [[1.540626079981541, 43.57633436485366], [1.540676032404187, 43.576317038057795], [1.540675574987666, 43.57633502996626], [1.540626079981541, 43.57633436485366]], [[1.540725527395953, 43.57631770314763], [1.540851551687316, 43.5762294062308], [1.540901046605561, 43.57623007124062], [1.540725527395953, 43.57631770314763]], [[1.540901046605561, 43.57623007124062], [1.540950998854466, 43.57621274431958], [1.540950541524954, 43.576230736227885], [1.540901046605561, 43.57623007124062]], [[1.540950998854466, 43.57621274431958], [1.541000951073217, 43.57619541737575], [1.541000493759498, 43.576213409284065], [1.540950998854466, 43.57621274431958]], [[1.541000951073217, 43.57619541737575], [1.541050903261815, 43.57617809040916], [1.541050445963889, 43.57619608231746], [1.541000951073217, 43.57619541737575]], [[1.541100398138127, 43.57617875532811], [1.541076565279312, 43.5761424390553], [1.541126060125183, 43.576143103962536], [1.541100398138127, 43.57617875532811]], [[1.541126060125183, 43.576143103962536], [1.5411760122305, 43.57612577693904], [1.541175554972202, 43.576143768847224], [1.541126060125183, 43.576143103962536]], [[1.5411760122305, 43.57612577693904], [1.541225964305664, 43.57610844989277], [1.541225507063158, 43.57612644180095], [1.5411760122305, 43.57612577693904]], [[1.541225964305664, 43.57610844989277], [1.541275916350673, 43.57609112282376], [1.541275459123961, 43.57610911473192], [1.541225964305664, 43.57610844989277]], [[1.541275916350673, 43.57609112282376], [1.541325868365529, 43.57607379573198], [1.54132541115461, 43.576091787640124], [1.541275916350673, 43.57609112282376]], [[1.541325868365529, 43.57607379573198], [1.541351072963053, 43.57605613622354], [1.541350615760174, 43.57607412813159], [1.541325868365529, 43.57607379573198]], [[1.530549015386361, 43.57832225636173], [1.530424813238807, 43.57833857388892], [1.530425273884074, 43.5783205819987], [1.530549015386361, 43.57832225636173]], [[1.530772671181224, 43.57828928607711], [1.530722714053619, 43.57830660834182], [1.530723174605263, 43.578288616450756], [1.530772671181224, 43.57828928607711]], [[1.531540788846935, 43.57826367861258], [1.531441335396205, 43.578280331931204], [1.531441795722408, 43.57826234003742], [1.531540788846935, 43.57826367861258]], [[1.532333194056087, 43.57825639206837], [1.532433567236683, 43.57820375413864], [1.532456935475618, 43.57825806425767], [1.532333194056087, 43.57825639206837]], [[1.533052273853707, 43.57821211310336], [1.53300231748116, 43.57822943641565], [1.533002777317715, 43.57821144451588], [1.533052273853707, 43.57821211310336]], [[1.533101770390852, 43.57821278166831], [1.533076562308842, 43.57823043928874], [1.533077022122135, 43.578212447388665], [1.533101770390852, 43.57821278166831]], [[1.533745685082289, 43.57820347905698], [1.533126518659857, 43.57821311594231], [1.533252099042388, 43.57814281962658], [1.533324964557738, 43.57819779803039], [1.533745685082289, 43.57820347905698]], [[1.533993627308508, 43.5781888281724], [1.534092160870908, 43.578208156325836], [1.533819929889383, 43.57820448142192], [1.533993627308508, 43.5781888281724]], [[1.534513340910259, 43.57819584247475], [1.534191613427532, 43.578191500580814], [1.5341664056901, 43.57820915845393], [1.534167324632905, 43.578173174645286], [1.534513340910259, 43.57819584247475]], [[1.534513800272963, 43.57817785056903], [1.534762201477026, 43.578145206024914], [1.534909772502137, 43.57818319312852], [1.534513800272963, 43.57817785056903]], [[1.532410199041964, 43.57814944401666], [1.532384990775044, 43.57816710147581], [1.532385450804581, 43.578149109579435], [1.532410199041964, 43.57814944401666]], [[1.535207670012707, 43.57815121528393], [1.534959728258812, 43.5781658689395], [1.53496018748137, 43.578147877032244], [1.535207670012707, 43.57815121528393]], [[1.53528191477772, 43.57815221664947], [1.535231959130157, 43.57816954098652], [1.535232418267423, 43.57815154907807], [1.53528191477772, 43.57815221664947]], [[1.535579352892097, 43.57813822969439], [1.535356159545323, 43.57815321796426], [1.535356618643532, 43.5781352260555], [1.535579352892097, 43.57813822969439]], [[1.535727842404089, 43.57814023186659], [1.535677886901533, 43.57815755640859], [1.535678345898941, 43.5781395644984], [1.535727842404089, 43.57814023186659]], [[1.534738371811602, 43.57810888831174], [1.534713164278628, 43.57812654631075], [1.53471362357815, 43.57810855440502], [1.534738371811602, 43.57810888831174]], [[1.534022051706566, 43.578045227020986], [1.533996843981208, 43.578062884852955], [1.533997303504727, 43.57804489295106], [1.534022051706566, 43.578045227020986]], [[1.533998682073556, 43.577990917246716], [1.533973474364858, 43.578008575072616], [1.533973933895267, 43.57799058317151], [1.533998682073556, 43.577990917246716]], [[1.534693468401904, 43.577928301448885], [1.534667342309253, 43.57798194324244], [1.534668720246566, 43.57792796753199], [1.534693468401904, 43.577928301448885]], [[1.533976231542991, 43.577900623669294], [1.533950564330025, 43.57793627338895], [1.533951483403758, 43.57790028958899], [1.533976231542991, 43.577900623669294]], [[1.534670098181288, 43.57787399182353], [1.534644431411132, 43.577909641706505], [1.5346453500495, 43.5778736579013], [1.534670098181288, 43.57787399182353]], [[1.530933133544634, 43.57782350570864], [1.530907924966515, 43.57784116282099], [1.530908385456376, 43.57782317093497], [1.530933133544634, 43.57782350570864]], [[1.530759896932889, 43.57782116217443], [1.530785566075809, 43.57778551321165], [1.53080939310623, 43.577821831783844], [1.530759896932889, 43.57782116217443]], [[1.53316230180345, 43.577781644667624], [1.533136634138224, 43.577817294192], [1.533137553720249, 43.577781310401875], [1.53316230180345, 43.577781644667624]], [[1.533930411610254, 43.57775602031285], [1.533904744433489, 43.5777916700181], [1.533905663533628, 43.57775568622211], [1.533930411610254, 43.57775602031285]], [[1.534624276521985, 43.577729388762464], [1.534598609788027, 43.57776503863103], [1.534599528452803, 43.57772905482985], [1.534624276521985, 43.577729388762464]], [[1.53390750173045, 43.577683718632805], [1.533881375014681, 43.577737360228184], [1.533882753685126, 43.577683384536876], [1.53390750173045, 43.577683718632805]], [[1.532249843398935, 43.57764332984836], [1.532224635304938, 43.577660987264096], [1.532225095380677, 43.577642995374745], [1.532249843398935, 43.57764332984836]], [[1.533884591908354, 43.57761141695157], [1.533858465204084, 43.57766505853877], [1.533859843894334, 43.57761108285045], [1.533884591908354, 43.57761141695157]], [[1.532226935680749, 43.57757102781954], [1.532201267528827, 43.57760667711764], [1.532202187693794, 43.5775706933407], [1.532226935680749, 43.57757102781954]], [[1.533861682143967, 43.57753911526915], [1.533835555451196, 43.57759275684813], [1.53383693416125, 43.57753878116282], [1.533861682143967, 43.57753911526915]], [[1.531460668848301, 43.57752467258426], [1.53143546056367, 43.577542329815365], [1.531435920885796, 43.577524337930846], [1.531460668848301, 43.57752467258426]], [[1.53220356793908, 43.57751671767697], [1.532178359886447, 43.577534375080404], [1.532178819975675, 43.57751638319283], [1.53220356793908, 43.57751671767697]], [[1.534555544465865, 43.577512484161865], [1.534529877786203, 43.57754813400883], [1.534530796490591, 43.577512150213636], [1.534555544465865, 43.577512484161865]], [[1.533838772437289, 43.57746681358553], [1.533812645756017, 43.57752045515628], [1.533814024485875, 43.57746647947399], [1.533838772437289, 43.57746681358553]], [[1.534509264026171, 43.577385872984394], [1.534484056740207, 43.57740353092135], [1.534484516105749, 43.577385539025634], [1.534509264026171, 43.577385872984394]], [[1.533050516658131, 43.57731218410332], [1.533025308955823, 43.57732984170082], [1.533025768777967, 43.57731184981222], [1.533050516658131, 43.57731218410332]], [[1.535060146938982, 43.577141332098826], [1.535034480738626, 43.57717698205581], [1.535035399120777, 43.57714099826565], [1.535060146938982, 43.577141332098826]], [[1.538028970705995, 43.57721733495816], [1.538004681098563, 43.57719900989318], [1.538029428959026, 43.57719934304982], [1.538028970705995, 43.57721733495816]], [[1.538004681098563, 43.57719900989318], [1.537980391506638, 43.57718068482302], [1.53800513935906, 43.57718101798517], [1.538004681098563, 43.57719900989318]], [[1.536941440557979, 43.577148695017605], [1.536916234124298, 43.577166353516105], [1.536916692725667, 43.5771483616131], [1.536941440557979, 43.577148695017605]], [[1.537981308042278, 43.577144701007875], [1.53795610193022, 43.57716235974764], [1.53795656020565, 43.5771443678403], [1.537981308042278, 43.577144701007875]], [[1.537957935030215, 43.57709039211957], [1.537932728934815, 43.57710805085327], [1.537933187217136, 43.57709005894669], [1.537957935030215, 43.57709039211957]], [[1.537934103780918, 43.57705407513421], [1.537908897694132, 43.57707173386193], [1.537909355983633, 43.5770537419559], [1.537934103780918, 43.57705407513421]], [[1.537910272561772, 43.57701775814452], [1.537885066483602, 43.577035416866266], [1.537885524780282, 43.5770174249608], [1.537910272561772, 43.57701775814452]], [[1.537885983076674, 43.57699943305555], [1.537861693607083, 43.5769811079614], [1.53788644137278, 43.576981441150544], [1.537885983076674, 43.57699943305555]], [[1.537861693607083, 43.5769811079614], [1.537837862464038, 43.57694479095767], [1.537862610213939, 43.57694512415224], [1.537861693607083, 43.5769811079614]], [[1.537838779085252, 43.576908807149614], [1.537813573032927, 43.57692646585343], [1.537814031351145, 43.576908473949615], [1.537838779085252, 43.576908807149614]], [[1.537814947986716, 43.5768724901427], [1.537789741943008, 43.576890148840526], [1.537790200268404, 43.57687215693727], [1.537814947986716, 43.5768724901427]], [[1.543802891421446, 43.576017048190465], [1.543800152812252, 43.576124999701], [1.54377814403722, 43.57601671634962], [1.543802891421446, 43.576017048190465]], [[1.540954657480245, 43.57606880906105], [1.54097986218977, 43.57605114963885], [1.540979404870591, 43.576069141545254], [1.540954657480245, 43.57606880906105]], [[1.54097986218977, 43.57605114963885], [1.541029814259201, 43.57603382268369], [1.541029356955815, 43.57605181459011], [1.54097986218977, 43.57605114963885]], [[1.541029814259201, 43.57603382268369], [1.541079766298478, 43.576016495705794], [1.541079309010885, 43.57603448761218], [1.541029814259201, 43.57603382268369]], [[1.541079766298478, 43.576016495705794], [1.541104970946549, 43.57599883625519], [1.541104513666997, 43.57601682816147], [1.541079766298478, 43.576016495705794]], [[1.541375820350231, 43.57605646861742], [1.541401024924781, 43.576038809097604], [1.541400567737696, 43.57605680100564], [1.541375820350231, 43.57605646861742]], [[1.541401024924781, 43.576038809097604], [1.541450976856356, 43.57602148194891], [1.541450519685064, 43.57603947385694], [1.541401024924781, 43.576038809097604]], [[1.541450976856356, 43.57602148194891], [1.541500928757778, 43.576004154777436], [1.541500471602279, 43.576022146685474], [1.541450976856356, 43.57602148194891]], [[1.541500928757778, 43.576004154777436], [1.541550880629045, 43.57598682758321], [1.54155042348934, 43.57600481949124], [1.541500928757778, 43.576004154777436]], [[1.541550880629045, 43.57598682758321], [1.541576085119169, 43.57596916802364], [1.541575627987503, 43.57598715993154], [1.541550880629045, 43.57598682758321]], [[1.542445440588368, 43.575854853283346], [1.542517855167601, 43.57592781734298], [1.542590269930909, 43.57600078135803], [1.542516027821164, 43.5759997849897], [1.542445440588368, 43.575854853283346]], [[1.542420693281912, 43.575854521133245], [1.542372112432107, 43.57581787299715], [1.542373483073333, 43.57576389727043], [1.542446811161534, 43.57580087755429], [1.542420693281912, 43.575854521133245]], [[1.541626036937309, 43.57595184079526], [1.541600832470159, 43.575969500366234], [1.541601289593785, 43.57595150845843], [1.541626036937309, 43.57595184079526]], [[1.54165078428112, 43.57595217312646], [1.541675988725296, 43.57593451354414], [1.541675531625216, 43.57595250545203], [1.54165078428112, 43.57595217312646]], [[1.541675988725296, 43.57593451354414], [1.541725940483129, 43.575917186270246], [1.541725483398842, 43.57593517817811], [1.541675988725296, 43.57593451354414]], [[1.541725940483129, 43.575917186270246], [1.541751144888825, 43.5758995266709], [1.541750687812578, 43.57591751857867], [1.541725940483129, 43.575917186270246]], [[1.542641591863541, 43.575929477926515], [1.542616387718614, 43.575947137732854], [1.54261684452378, 43.57592914582107], [1.542641591863541, 43.575929477926515]], [[1.541775892210808, 43.575899858973564], [1.541825843908333, 43.57588253165413], [1.541825386855633, 43.57590052356201], [1.541775892210808, 43.575899858973564]], [[1.541875338538798, 43.5758831962198], [1.541851505312456, 43.5758468801245], [1.54190099991248, 43.57584754467847], [1.541875338538798, 43.5758831962198]], [[1.54190099991248, 43.57584754467847], [1.541950951526725, 43.575830217302126], [1.541950494513651, 43.57584820920987], [1.54190099991248, 43.57584754467847]], [[1.541950951526725, 43.575830217302126], [1.542000903110815, 43.57581288990301], [1.542000446113534, 43.57583088181076], [1.541950951526725, 43.575830217302126]], [[1.542000903110815, 43.57581288990301], [1.542050854664752, 43.575795562481126], [1.542050397683264, 43.57581355438887], [1.542000903110815, 43.57581288990301]], [[1.542050854664752, 43.575795562481126], [1.542100806188535, 43.5757782350365], [1.54210034922284, 43.57579622694423], [1.542050854664752, 43.575795562481126]], [[1.542100806188535, 43.5757782350365], [1.542150757682164, 43.57576090756912], [1.542150300732262, 43.575778899476816], [1.542100806188535, 43.5757782350365]], [[1.542423891336227, 43.57572857776935], [1.542618671741583, 43.57585717817621], [1.54261730132866, 43.57591115390952], [1.542423891336227, 43.57572857776935]], [[1.54257557256827, 43.575604627223356], [1.542373939953169, 43.57574590536196], [1.542276321649405, 43.575690600939886], [1.542250203660644, 43.575744244473704], [1.542200709145639, 43.575743580078935], [1.542228197955118, 43.57563596083696], [1.542106746716504, 43.57554434025649], [1.542207106193091, 43.575491693394525], [1.542301982687978, 43.57565494930861], [1.54257557256827, 43.575604627223356]], [[1.542203450744278, 43.5756356286374], [1.542178246593581, 43.57565328833847], [1.542178703533725, 43.57563529643221], [1.542203450744278, 43.5756356286374]], [[1.54213332170144, 43.57547270486058], [1.542082456515301, 43.57552601612479], [1.542059080282554, 43.57547170818027], [1.54213332170144, 43.57547270486058]], [[1.542034333143498, 43.575471375942215], [1.542036618059628, 43.57538141642758], [1.541821206969855, 43.575090555642504], [1.541944484831945, 43.575110208917216], [1.542112687196066, 43.5753104455142], [1.542158982731421, 43.575437053268494], [1.542034333143498, 43.575471375942215]], [[1.542011870959625, 43.57538108418443], [1.541986666861748, 43.57539874383791], [1.541987123859908, 43.57538075193565], [1.542011870959625, 43.57538108418443]], [[1.541988037855367, 43.57534476813179], [1.541962833766103, 43.5753624277793], [1.541963290771443, 43.575344435877575], [1.541988037855367, 43.57534476813179]], [[1.541916081704387, 43.57525381184811], [1.541890877632921, 43.57527147147779], [1.541891334660088, 43.57525347957752], [1.541916081704387, 43.57525381184811]], [[1.541892248713563, 43.575217495777665], [1.541867044650709, 43.575235155401366], [1.541867501685056, 43.57521716350167], [1.541892248713563, 43.575217495777665]], [[1.541868415752891, 43.575181179702895], [1.54184321169865, 43.57519883932063], [1.541843668740177, 43.575180847421464], [1.541868415752891, 43.575181179702895]], [[1.541820749922007, 43.575108547540445], [1.541795088828817, 43.57514419904448], [1.541796002940879, 43.575108215248164], [1.541820749922007, 43.575108547540445]], [[1.541821206969855, 43.575090555642504], [1.541796917051794, 43.57507223145274], [1.541821664017416, 43.5750725637448], [1.541821206969855, 43.575090555642504]], [[1.54192019486622, 43.57509188475479], [1.541896361940017, 43.575055568689336], [1.541945855858333, 43.57505623322247], [1.54192019486622, 43.57509188475479]], [[1.544528321202837, 43.57572080649923], [1.544551699872915, 43.57577511392168], [1.544477458020991, 43.57577411889425], [1.544528321202837, 43.57572080649923]], [[1.544505398788042, 43.57564850715758], [1.544480195339822, 43.575666167393], [1.544480651558626, 43.5756481754769], [1.544505398788042, 43.57564850715758]], [[1.544333536982395, 43.575592209529354], [1.544408691078127, 43.5755572208255], [1.544407778596572, 43.57559320465502], [1.544333536982395, 43.575592209529354]], [[1.540646664138896, 43.575524729203515], [1.54067278352617, 43.5754710860635], [1.540696158447224, 43.57552539430637], [1.540646664138896, 43.575524729203515]], [[1.544241848856262, 43.575303012017024], [1.544216645478647, 43.57532067218705], [1.544217101777303, 43.57530268027638], [1.544241848856262, 43.575303012017024]], [[1.547653596802852, 43.57450278693564], [1.547628394826094, 43.57452044788751], [1.547628850049152, 43.57450245597255], [1.547653596802852, 43.57450278693564]], [[1.547902884903795, 43.57443412859412], [1.547877683033866, 43.57445178960297], [1.547878138178253, 43.57443379768784], [1.547902884903795, 43.57443412859412]], [[1.543921404072495, 43.57427282867622], [1.543946607080914, 43.57425516858761], [1.543946150705812, 43.574273160484026], [1.543921404072495, 43.57427282867622]], [[1.543946607080914, 43.57425516858761], [1.543971810073828, 43.57423750849336], [1.543971353706765, 43.574255500389654], [1.543946607080914, 43.57425516858761]], [[1.548029349117003, 43.57432783155088], [1.548005967746572, 43.57427352493173], [1.548032079687956, 43.574219880068846], [1.548029349117003, 43.57432783155088]], [[1.544021759662153, 43.57422018018405], [1.543996556692212, 43.57423784028967], [1.543997013051236, 43.5742198483935], [1.544021759662153, 43.57422018018405]], [[1.545383279627507, 43.57422042807941], [1.545358077076288, 43.57423808850095], [1.545358533008618, 43.57422009659906], [1.545383279627507, 43.57422042807941]], [[1.544046962616588, 43.5742025200728], [1.544096912151787, 43.57418519172933], [1.544096455824346, 43.57420318362551], [1.544046962616588, 43.5742025200728]], [[1.544096912151787, 43.57418519172933], [1.544122115067744, 43.574167531601056], [1.544121658748342, 43.574185523497135], [1.544096912151787, 43.57418519172933]], [[1.54545797538692, 43.574203430584454], [1.545483177892193, 43.5741857701401], [1.545482721999199, 43.57420376204212], [1.54545797538692, 43.574203430584454]], [[1.545483177892193, 43.5741857701401], [1.54550838038196, 43.574168109690156], [1.545507924497005, 43.57418610159202], [1.545483177892193, 43.5741857701401]], [[1.544272419695243, 43.57409755450418], [1.544247216856242, 43.57411521466645], [1.544247673135737, 43.57409722277077], [1.544272419695243, 43.57409755450418]], [[1.545559241183569, 43.57411479687192], [1.545609190185971, 43.57409746783402], [1.545608734333169, 43.574115459735424], [1.545559241183569, 43.57411479687192]], [[1.545609190185971, 43.57409746783402], [1.545634848442686, 43.57406181545483], [1.545633936753447, 43.574097799257196], [1.545609190185971, 43.57409746783402]], [[1.548035265341088, 43.57409393668333], [1.548009608560737, 43.574129589630374], [1.548010518761426, 43.57409360580728], [1.548035265341088, 43.57409393668333]], [[1.544422723956325, 43.5740275772027], [1.544397521194281, 43.57404523739898], [1.544397977426114, 43.574027245503544], [1.544422723956325, 43.5740275772027]], [[1.547862494435875, 43.57407362852208], [1.547837292711776, 43.574091289517156], [1.547837747865962, 43.57407329760669], [1.547862494435875, 43.57407362852208]], [[1.548134706723743, 43.57407726821933], [1.548109505081787, 43.57409492927759], [1.548109960150692, 43.57407693736595], [1.548134706723743, 43.57407726821933]], [[1.544447470486823, 43.574027908896205], [1.544472673225894, 43.57401024868853], [1.544472217017606, 43.57402824058406], [1.544447470486823, 43.574027908896205]], [[1.544472673225894, 43.57401024868853], [1.54449787594946, 43.57399258847522], [1.54449741974921, 43.574010580370654], [1.544472673225894, 43.57401024868853]], [[1.547912442707199, 43.57405629842541], [1.547887241006073, 43.57407395943185], [1.547887696144469, 43.574055967521396], [1.547912442707199, 43.57405629842541]], [[1.547841389089185, 43.573929362331064], [1.548064107670464, 43.57393234035889], [1.548061832256967, 43.574022299909345], [1.5477887098964, 43.57405464384896], [1.547841389089185, 43.573929362331064]], [[1.544522622465309, 43.57399292015159], [1.544547825165902, 43.57397525992692], [1.544547368981444, 43.57399325182234], [1.544522622465309, 43.57399292015159]], [[1.544547825165902, 43.57397525992692], [1.54457302785099, 43.5739575996966], [1.544572571674571, 43.5739755915919], [1.544547825165902, 43.57397525992692]], [[1.544597774352192, 43.57395793135584], [1.544622977014307, 43.573940271114154], [1.544622520853679, 43.57395826300945], [1.544597774352192, 43.57395793135584]], [[1.544622977014307, 43.573940271114154], [1.544648179660917, 43.57392261086682], [1.544647723508328, 43.57394060276202], [1.544622977014307, 43.573940271114154]], [[1.548239153358238, 43.573862688647644], [1.548161728559796, 43.573987639511095], [1.548114055758002, 43.57391501017119], [1.548141532606797, 43.57380738956983], [1.548239153358238, 43.573862688647644]], [[1.544698128771107, 43.57390528225025], [1.544723331379239, 43.573887621985904], [1.54472287525048, 43.57390561388098], [1.544698128771107, 43.57390528225025]], [[1.544723331379239, 43.573887621985904], [1.544748533971865, 43.573869961715936], [1.544748077851145, 43.57388795361089], [1.544723331379239, 43.573887621985904]], [[1.544798483005957, 43.573852633053825], [1.544773280436304, 43.57387029333518], [1.544773736548985, 43.57385230144033], [1.544798483005957, 43.573852633053825]], [[1.544873634541071, 43.573817644070616], [1.544898837056741, 43.57379998376664], [1.544898380983681, 43.573817975661335], [1.544873634541071, 43.573817644070616]], [[1.544898837056741, 43.57379998376664], [1.544924039556906, 43.57378232345702], [1.544923583491884, 43.573800315351605], [1.544898837056741, 43.57379998376664]], [[1.54507434219841, 43.5737123452691], [1.545049139775202, 43.57373000561273], [1.545049595800316, 43.57371201371849], [1.54507434219841, 43.5737123452691]], [[1.54509908859679, 43.57371267681406], [1.545124290997026, 43.57369501645905], [1.545123834995456, 43.573713008353394], [1.54509908859679, 43.57371267681406]], [[1.545124290997026, 43.57369501645905], [1.545149493381756, 43.5736773560984], [1.545149037388225, 43.57369534799263], [1.545124290997026, 43.57369501645905]], [[1.545149493381756, 43.5736773560984], [1.545199442127247, 43.57366002725423], [1.545198986149506, 43.573678019148446], [1.545149493381756, 43.5736773560984]], [[1.545199442127247, 43.57366002725423], [1.545224644473499, 43.57364236687658], [1.545224188503798, 43.573660358770674], [1.545199442127247, 43.57366002725423]], [[1.545224644473499, 43.57364236687658], [1.545274593165863, 43.573625037998255], [1.545274137211953, 43.57364302989235], [1.545224644473499, 43.57364236687658]], [[1.545274593165863, 43.573625037998255], [1.545299795473638, 43.5736073776036], [1.545299339527766, 43.57362536949758], [1.545274593165863, 43.573625037998255]], [[1.545299795473638, 43.5736073776036], [1.545349744112877, 43.57359004869113], [1.545349288182796, 43.57360804058511], [1.545299795473638, 43.5736073776036]], [[1.545349744112877, 43.57359004869113], [1.545374946382174, 43.57357238827944], [1.545374490460131, 43.57359038017331], [1.545349744112877, 43.57359004869113]], [[1.545374946382174, 43.57357238827944], [1.545424894968286, 43.57355505933285], [1.545424439062035, 43.573573051226695], [1.545374946382174, 43.57357238827944]], [[1.545424894968286, 43.57355505933285], [1.545450097199105, 43.57353739890418], [1.545449641300893, 43.5735553907979], [1.545424894968286, 43.57355505933285]], [[1.545450097199105, 43.57353739890418], [1.545475299414418, 43.57351973846986], [1.545474843524244, 43.57353773036348], [1.545450097199105, 43.57353739890418]], [[1.545500045732091, 43.573520069923426], [1.545525247924433, 43.57350240947774], [1.545524792050049, 43.573520401371354], [1.545500045732091, 43.573520069923426]], [[1.545525247924433, 43.57350240947774], [1.545550450101269, 43.573484749026434], [1.545549994234924, 43.57350274091993], [1.545525247924433, 43.57350240947774]], [[1.545575196404293, 43.57348508046285], [1.545600398558156, 43.57346742000015], [1.545599942707603, 43.57348541189365], [1.545575196404293, 43.57348508046285]], [[1.545600398558156, 43.57346742000015], [1.545650346984891, 43.57345009095114], [1.545649891150129, 43.57346808284462], [1.545600398558156, 43.57346742000015]], [[1.545650346984891, 43.57345009095114], [1.545675549100277, 43.57343243047144], [1.545675093273553, 43.5734504223648], [1.545650346984891, 43.57345009095114]], [[1.545675549100277, 43.57343243047144], [1.545700751200157, 43.5734147699861], [1.545700295381472, 43.57343276187935], [1.545675549100277, 43.57343243047144]], [[1.545725497473885, 43.573415101388264], [1.545750699550793, 43.57339744089157], [1.545750243747899, 43.5734154327848], [1.545725497473885, 43.573415101388264]], [[1.545750699550793, 43.57339744089157], [1.545775901612196, 43.573379780389224], [1.54577544581734, 43.57339777228235], [1.545750699550793, 43.57339744089157]], [[1.545825849909706, 43.573362451260536], [1.545800647871276, 43.57338011177426], [1.545801103658094, 43.57336211988125], [1.545825849909706, 43.573362451260536]], [[1.545901000177016, 43.57332746157837], [1.545875798177063, 43.57334512210911], [1.545876253940051, 43.57332713021622], [1.545901000177016, 43.57332746157837]], [[1.545950948391246, 43.57331013239279], [1.545976150352722, 43.57329247184505], [1.545975694621315, 43.57331046373793], [1.545950948391246, 43.57331013239279]], [[1.545976150352722, 43.57329247184505], [1.546001352298692, 43.57327481129168], [1.546000896575324, 43.573292803184444], [1.545976150352722, 43.57329247184505]], [[1.546026098513827, 43.573275142625334], [1.546051300436824, 43.5732574820606], [1.546050844729247, 43.57327547395335], [1.546026098513827, 43.573275142625334]], [[1.546051300436824, 43.5732574820606], [1.546076502344317, 43.57323982149022], [1.546076046644778, 43.57325781338285], [1.546051300436824, 43.5732574820606]], [[1.546151652298338, 43.5732048316376], [1.546126450429324, 43.57322249222498], [1.546126906112786, 43.57320450033259], [1.546151652298338, 43.5732048316376]], [[1.546176398484176, 43.57320516293697], [1.546201600330219, 43.57318750233822], [1.5462011446703, 43.57320549423071], [1.546176398484176, 43.57320516293697]], [[1.546201600330219, 43.57318750233822], [1.546226802160756, 43.57316984173383], [1.546226346508875, 43.573187833626214], [1.546201600330219, 43.57318750233822]], [[1.546577348460648, 43.57301255213719], [1.546602550098798, 43.572994891447756], [1.546602094566061, 43.57301288333953], [1.546577348460648, 43.57301255213719]], [[1.546602550098798, 43.572994891447756], [1.546627751721443, 43.57297723075269], [1.546627296196745, 43.57299522264436], [1.546602550098798, 43.572994891447756]], [[1.546677699411596, 43.57295990123712], [1.546652497811923, 43.57297756194355], [1.546652953328583, 43.57295957005201], [1.546677699411596, 43.57295990123712]], [[1.546827997762383, 43.572889920662355], [1.546802796239665, 43.57290758140283], [1.546803251708668, 43.57288958951153], [1.546827997762383, 43.572889920662355]], [[1.546852743816384, 43.57289025180756], [1.546877945316131, 43.57287259105573], [1.546877489870671, 43.57289058294713], [1.546852743816384, 43.57289025180756]], [[1.546877945316131, 43.57287259105573], [1.546903146800372, 43.57285493029828], [1.54690269136295, 43.57287292218955], [1.546877945316131, 43.57287259105573]], [[1.546953094300994, 43.572837600657515], [1.546927892839725, 43.57285526142635], [1.546928348269109, 43.572837269535185], [1.546953094300994, 43.572837600657515]], [[1.547028243194254, 43.57280261020812], [1.547003041771462, 43.57282027099398], [1.547003497177017, 43.57280227910294], [1.547028243194254, 43.57280261020812]]], [[[1.54781424732625, 43.575980772285575], [1.547766118117881, 43.57592613462553], [1.547691876014997, 43.57592514179526], [1.547739094751718, 43.576015763356224], [1.54781424732625, 43.575980772285575]]], [[[1.545747907537048, 43.57643906823116], [1.545121921805647, 43.57671865248014], [1.54537167850406, 43.57663200791162], [1.545517884953327, 43.576723956360595], [1.545471125056547, 43.576615341856986], [1.545571483319968, 43.57656269184703], [1.54566773871811, 43.576671969141266], [1.546017396447108, 43.576550664832745], [1.545915671284172, 43.57665729105718], [1.546113652673904, 43.57665994173089], [1.546087537829935, 43.5767135862236], [1.546436283698849, 43.57662826443256], [1.546388610887173, 43.57655563420184], [1.546763013965677, 43.57643465874885], [1.546666756880538, 43.576325382443336], [1.546862915250512, 43.57639999948709], [1.546742366028929, 43.57627240017375], [1.546940801582051, 43.57625705740575], [1.547541570770797, 43.57599512371336], [1.547544757598541, 43.57586918018662], [1.547421931488148, 43.57583154132752], [1.547375624027809, 43.57570493578214], [1.547472791986413, 43.57577822755146], [1.547573146950614, 43.57572557572263], [1.547521376058755, 43.57581487340492], [1.547766573308922, 43.57590814269237], [1.547745922725069, 43.575745884367485], [1.54782107494214, 43.575710893298684], [1.547624917681414, 43.5756362780212], [1.547579975669581, 43.57545569679883], [1.547457605704599, 43.57540006606487], [1.547485539768887, 43.575274453594325], [1.54723579216704, 43.57536110294189], [1.547183565709128, 43.57546839236571], [1.547379721822563, 43.57554300843158], [1.547376534650863, 43.57566895192487], [1.547277545633372, 43.57566762778508], [1.547229417198339, 43.575612989899106], [1.54712951750433, 43.575647649479], [1.547106591842823, 43.57557535069007], [1.546809625306926, 43.57557137726217], [1.546807803352083, 43.57564334496314], [1.546684522680433, 43.575623697201344], [1.546556686416455, 43.57578396855268], [1.546036993183711, 43.57577701188872], [1.545361521258584, 43.57605593472061], [1.545184185382108, 43.57621554152752], [1.545232312375718, 43.57627018034269], [1.544986661632479, 43.57619489723533], [1.544983469174545, 43.57632084071547], [1.545155789811744, 43.576359145415964], [1.545231856387548, 43.57628817226972], [1.545228208471894, 43.57643210769405], [1.545700691595403, 43.57634844577787], [1.545747907537048, 43.57643906823116]], [[1.546066435973232, 43.57656931942265], [1.546067347430623, 43.576533335554764], [1.546092550771292, 43.576515674940396], [1.546066435973232, 43.57656931942265]], [[1.547285286410462, 43.57536176504196], [1.547309578202809, 43.57538008800792], [1.547284831072917, 43.57537975696625], [1.547285286410462, 43.57536176504196]], [[1.547234426107028, 43.575415078714755], [1.547258717905701, 43.57543340169277], [1.54723397075312, 43.575433070639484], [1.547234426107028, 43.575415078714755]], [[1.547154264748809, 43.575647980556155], [1.547178556620448, 43.57566630355506], [1.54715380936793, 43.575665972483456], [1.547154264748809, 43.575647980556155]], [[1.547080478420082, 43.57562899538105], [1.547055275772606, 43.57564665621376], [1.547055731184213, 43.57562866428712], [1.547080478420082, 43.57562899538105]], [[1.547031894786492, 43.57559234933511], [1.547056186595533, 43.575610672360675], [1.547031439367703, 43.575610341261196], [1.547031894786492, 43.57559234933511]], [[1.545702059119683, 43.576294469989264], [1.545825796697916, 43.57629612694555], [1.545825340895543, 43.5763141188754], [1.545700691595403, 43.57634844577787], [1.545702059119683, 43.576294469989264]], [[1.545774934211267, 43.57634943996953], [1.545798770128206, 43.576385755216535], [1.545774022573507, 43.57638542383036], [1.545774934211267, 43.57634943996953]], [[1.546163603723445, 43.57664261240731], [1.546187895699767, 43.576660935640476], [1.546163148024193, 43.576660604342905], [1.546163603723445, 43.57664261240731]], [[1.54621355474283, 43.57662528306097], [1.546164515121093, 43.576606628536766], [1.546214466108892, 43.57658929919043], [1.54621355474283, 43.57662528306097]], [[1.545770376011035, 43.57652935928265], [1.545794667813921, 43.5765476826023], [1.54576992018944, 43.5765473512152], [1.545770376011035, 43.57652935928265]], [[1.546290531680794, 43.57651832529139], [1.546314367994019, 43.57655464042951], [1.546289620363539, 43.5765543091608], [1.546290531680794, 43.57651832529139]], [[1.545796035254588, 43.57649370680504], [1.545820327050577, 43.57651203011852], [1.545795579441318, 43.57651169873725], [1.545796035254588, 43.57649370680504]], [[1.545919773264976, 43.576495363654494], [1.545870733849687, 43.57647670899934], [1.545920684813124, 43.576459379789675], [1.545919773264976, 43.576495363654494]], [[1.546241492125412, 43.57649967080335], [1.546192908290542, 43.57646302435988], [1.546217655881112, 43.57646335565062], [1.546241492125412, 43.57649967080335]], [[1.545773566754198, 43.576403415761106], [1.54579785850481, 43.576421739078455], [1.545773110934603, 43.5764214076921], [1.545773566754198, 43.576403415761106]], [[1.546095285088373, 43.57640772334277], [1.546070081795939, 43.576425383956426], [1.546070537522492, 43.57640739202416], [1.546095285088373, 43.57640772334277]], [[1.546070537522492, 43.57640739202416], [1.546046245690917, 43.57638906876799], [1.546070993248759, 43.57638940009212], [1.546070537522492, 43.57640739202416]], [[1.546120944075775, 43.57637207079142], [1.546169527787731, 43.57640871726473], [1.54612003265454, 43.57640805465574], [1.546120944075775, 43.57637207079142]], [[1.545329934512674, 43.57632548213018], [1.545280895434175, 43.5763068272109], [1.545330390470402, 43.576307490202275], [1.545329934512674, 43.57632548213018]], [[1.545132866351823, 43.57628684617466], [1.545157157848609, 43.57630516963381], [1.545132410332353, 43.57630483810149], [1.545132866351823, 43.57628684617466]], [[1.546642464893365, 43.57630705932155], [1.546569133455973, 43.576270081857416], [1.546642920439588, 43.57628906738837], [1.546642464893365, 43.57630705932155]], [[1.546520549606252, 43.57623343556638], [1.546544841523359, 43.5762517587145], [1.546520094022118, 43.57625142749838], [1.546520549606252, 43.57623343556638]], [[1.546718074040043, 43.57625407706955], [1.54666949010879, 43.57621743084554], [1.546694237596238, 43.57621776202763], [1.546718074040043, 43.57625407706955]], [[1.546126412579189, 43.57615616762434], [1.5461507043378, 43.576174490859636], [1.546125956872142, 43.5761741595537], [1.546126412579189, 43.57615616762434]], [[1.546325759183767, 43.57610484212361], [1.546252883875248, 43.57604987252228], [1.546302378701158, 43.576050535070586], [1.546325759183767, 43.57610484212361]], [[1.546252883875248, 43.57604987252228], [1.546228592136755, 43.57603154931144], [1.546253339541529, 43.57603188059395], [1.546252883875248, 43.57604987252228]], [[1.546303745652622, 43.575996559285585], [1.546328037400296, 43.57601488247918], [1.54630329000242, 43.57601455121369], [1.546303745652622, 43.575996559285585]], [[1.546355518602348, 43.575907262172414], [1.546330315609685, 43.57592492284033], [1.546330771250706, 43.57590693091322], [1.546355518602348, 43.575907262172414]], [[1.546330771250706, 43.57590693091322], [1.546306479547839, 43.575888607721616], [1.546331226891441, 43.57588893898634], [1.546330771250706, 43.57590693091322]], [[1.546357796764403, 43.575817302539704], [1.546332593811935, 43.575834963207036], [1.546333049451527, 43.57581697128106], [1.546357796764403, 43.575817302539704]], [[1.546333049451527, 43.57581697128106], [1.546308757785998, 43.57579864809111], [1.546333505090835, 43.5757989793553], [1.546333049451527, 43.57581697128106]], [[1.547274358230596, 43.5757935712863], [1.547298650202172, 43.57581189426021], [1.547273902886201, 43.57581156321593], [1.547274358230596, 43.5757935712863]], [[1.547696883356612, 43.57572723054659], [1.547721175434975, 43.57574555342514], [1.547696428145166, 43.57574522247717], [1.547696883356612, 43.57572723054659]], [[1.546833461555337, 43.57560769226244], [1.546857753307536, 43.575626015332574], [1.546833006074237, 43.5756256841879], [1.546833461555337, 43.57560769226244]]], [[[1.544518284639067, 43.5761166287293], [1.544343683830178, 43.576168282630626], [1.544442217408373, 43.57618760136732], [1.544391353732983, 43.57624091373934], [1.544641109455579, 43.57615427087958], [1.544518284639067, 43.5761166287293]]], [[[1.547136960074759, 43.576331673951024], [1.547312014203451, 43.57626202361779], [1.547165806057053, 43.57617007761352], [1.547237316314464, 43.57627902241221], [1.547136960074759, 43.576331673951024]]], [[[1.545275423736488, 43.57652273035805], [1.54515214170086, 43.57650308084486], [1.54512648205323, 43.57653873317056], [1.545249308171649, 43.576576374644084], [1.545275423736488, 43.57652273035805]]], [[[1.545840060865877, 43.576710272765474], [1.545741525920172, 43.5766909552899], [1.54569020715716, 43.57676226022393], [1.545789653842811, 43.57674559387616], [1.545840060865877, 43.576710272765474]]], [[[1.542814449720535, 43.576921690099844], [1.542938188567289, 43.57692335034662], [1.542989054196849, 43.576870038629856], [1.542891433388948, 43.57681473471738], [1.542814449720535, 43.576921690099844]]], [[[1.544989974121497, 43.57704084952523], [1.544793359865118, 43.576984220999506], [1.544665059118834, 43.57716248221211], [1.54483920654448, 43.57712881969437], [1.544989974121497, 43.57704084952523]]], [[[1.543700348369115, 43.577131551960655], [1.543632952219547, 43.5768606774113], [1.543535330807255, 43.57680537407794], [1.543434057139594, 43.57689400606924], [1.543429948118811, 43.57705593342288], [1.543356617794154, 43.57701895377052], [1.54340839625022, 43.57692965799874], [1.543160461866899, 43.57694433036213], [1.543157722005394, 43.57705228192609], [1.54293362143076, 43.57710326961238], [1.54255372390085, 43.57744013506845], [1.542677007059366, 43.57745978754383], [1.542699014310606, 43.577568071227], [1.542921290019133, 43.57758905174137], [1.542973069666566, 43.57749975614174], [1.543244841269482, 43.5775214000366], [1.543321824940248, 43.57741444430449], [1.543446021420783, 43.57739811204016], [1.543492321580386, 43.57752471940991], [1.543601356914489, 43.57713022446896], [1.543482639578022, 43.576930653757735], [1.543700348369115, 43.577131551960655]], [[1.543528939441366, 43.57705726107074], [1.543503735074263, 43.57707492109685], [1.543504191610298, 43.57705692916724], [1.543528939441366, 43.57705726107074]], [[1.542798920021407, 43.57753341567605], [1.542774628757625, 43.5775150916738], [1.542799376781988, 43.57751542374365], [1.542798920021407, 43.57753341567605]], [[1.543072061743883, 43.57750108420641], [1.543047770406595, 43.577482760265674], [1.5430725184186, 43.57748309227328], [1.543072061743883, 43.57750108420641]], [[1.543097723097568, 43.577465432342215], [1.543122014443469, 43.57748375627156], [1.543097266430891, 43.577483424275236], [1.543097723097568, 43.577465432342215]], [[1.543122471102392, 43.57746576433842], [1.54317288039887, 43.577430444447906], [1.543171967112898, 43.57746642831393], [1.543122471102392, 43.57746576433842]], [[1.543605008953506, 43.57698628902941], [1.543557795944591, 43.576895665610095], [1.543607291468593, 43.576896329386976], [1.543605008953506, 43.57698628902941]]], [[[1.541984063176845, 43.577450486676355], [1.541637591319801, 43.57744583458479], [1.54158718106521, 43.57748115376313], [1.541984063176845, 43.577450486676355]]], [[[1.542402037771753, 43.57756408574215], [1.542549612357784, 43.57760206245026], [1.542551896551239, 43.57751210279147], [1.542402037771753, 43.57756408574215]]], [[[1.543538165414246, 43.57766931870828], [1.543386937383681, 43.57777527883843], [1.543611496686628, 43.5777062982548], [1.543538165414246, 43.57766931870828]]], [[[1.541259970142855, 43.57769273594499], [1.541160063225749, 43.5777273900842], [1.541283346524038, 43.57774704414539], [1.541259970142855, 43.57769273594499]]], [[[1.543111054543439, 43.577915562733644], [1.543312236363421, 43.577792274951236], [1.542812705900069, 43.577965554187344], [1.543111054543439, 43.577915562733644]]], [[[1.540182532575332, 43.578200202636644], [1.540304443910336, 43.57827383360665], [1.540355770714351, 43.578202531142594], [1.540182532575332, 43.578200202636644]]], [[[1.540029008777365, 43.57839611778898], [1.540129375145091, 43.57834347274252], [1.540204535405082, 43.57830848688093], [1.5400317545866, 43.578288166203194], [1.540029008777365, 43.57839611778898]]], [[[1.535147612739188, 43.57856436162182], [1.535049078210016, 43.57854503442112], [1.534924417622874, 43.578579349008955], [1.535147612739188, 43.57856436162182]]], [[[1.540186689566121, 43.57901017237035], [1.540257732546134, 43.57913711392061], [1.54045434970169, 43.57919375074152], [1.541127595913552, 43.579004817536934], [1.541154631009589, 43.578915190265285], [1.541202756431063, 43.57896983096847], [1.541425951425711, 43.57895483067589], [1.541701386263624, 43.57883254290362], [1.541227905981044, 43.577980274399515], [1.539798034549879, 43.578716978062346], [1.539298485432612, 43.57889024124734], [1.538801681454165, 43.578955550550866], [1.539322776168666, 43.5789085660445], [1.539582650787614, 43.57939800951812], [1.539608772931559, 43.579344366489565], [1.540205032023594, 43.579262392213266], [1.540186689566121, 43.57901017237035]], [[1.540407139851149, 43.57910312581366], [1.540531798298032, 43.579068804920766], [1.540531340814378, 43.579086796863045], [1.540407139851149, 43.57910312581366]]], [[[1.539205901614156, 43.578637022683736], [1.539452013045233, 43.578694327060305], [1.539403889521176, 43.57863968559185], [1.539205901614156, 43.578637022683736]]], [[[1.53564212243143, 43.578589028624535], [1.535566499987469, 43.57864200325155], [1.535936350282153, 43.57870098410061], [1.535837815252922, 43.57868165761358], [1.535913896426094, 43.57861069087916], [1.53564212243143, 43.578589028624535]]], [[[1.538757222637056, 43.57875697333097], [1.538608273340298, 43.57877296722971], [1.538607815256128, 43.57879095916018], [1.538829636189261, 43.57882993999681], [1.538757222637056, 43.57875697333097]]], [[[1.536502813301719, 43.57881660765172], [1.536922162836988, 43.57887625214389], [1.536825003105861, 43.578802950778226], [1.536949204438457, 43.57878662592714], [1.536628390869834, 43.57874630740289], [1.536626556050129, 43.57881827509135], [1.536502813301719, 43.57881660765172]], [[1.536700343020242, 43.57883726741047], [1.536750757472314, 43.578801950467025], [1.536749840138852, 43.578837934313235], [1.536700343020242, 43.57883726741047]]], [[[1.538283335012886, 43.57889458097171], [1.538160050277358, 43.578874923489664], [1.537664161898889, 43.57890424372885], [1.538183882425516, 43.578911240471406], [1.538283335012886, 43.57889458097171]]], [[[1.534798326556601, 43.579639536710204], [1.536440470817799, 43.57931971453416], [1.536154957084639, 43.57886591383326], [1.535753931257544, 43.579058486937875], [1.535801592691947, 43.57913112196218], [1.535651264559567, 43.57920108758057], [1.535178284151214, 43.579302697867], [1.534882676929712, 43.57924471605118], [1.534779548445405, 43.57940530781077], [1.534680553276708, 43.5794039721864], [1.534798326556601, 43.579639536710204]]], [[[1.537823193794571, 43.579464326151836], [1.538046849860191, 43.579431340862456], [1.537950146048378, 43.57934004853982], [1.537976269691479, 43.57928640590603], [1.538099096999927, 43.57932405553729], [1.538054640327842, 43.579125477978955], [1.537856650807949, 43.57912281261047], [1.537852984219599, 43.57926674807008], [1.537679284591426, 43.57928240750322], [1.537555999229835, 43.579262749330255], [1.537533542606452, 43.57917245640838], [1.537807611768608, 43.57910415428072], [1.537165521788882, 43.57904151326641], [1.537162312013312, 43.57916745676526], [1.537334635975967, 43.57920577395029], [1.537330509584308, 43.579367701332856], [1.53749962520446, 43.579531961797066], [1.537625661514223, 43.57944366842614], [1.537603204710489, 43.579353375507345], [1.537823193794571, 43.579464326151836]], [[1.53787589970056, 43.57933904899735], [1.537948312866779, 43.579412016280266], [1.537873608106529, 43.57942900867184], [1.53787589970056, 43.57933904899735]], [[1.537380924114525, 43.579332384083905], [1.537355716857171, 43.5793500427112], [1.537356175338241, 43.579332050779016], [1.537380924114525, 43.579332384083905]], [[1.537430880125476, 43.579315058744484], [1.537405672891097, 43.579332717383146], [1.537406131356371, 43.579314725450985], [1.537430880125476, 43.579315058744484]], [[1.537336928405719, 43.5791158143011], [1.537460213376722, 43.57913547272072], [1.537458838035183, 43.579189448511876], [1.537359843176455, 43.579188115329664], [1.537336928405719, 43.5791158143011]], [[1.537261765341039, 43.57915079819797], [1.537188436314074, 43.57911381432738], [1.537189353377012, 43.579077830470574], [1.537288348041593, 43.57907916380808], [1.537261765341039, 43.57915079819797]]], [[[1.537617410315298, 43.57976752328495], [1.537842901006827, 43.57966257065757], [1.537523457207574, 43.579568278940314], [1.537469833425574, 43.5797295398183], [1.537617410315298, 43.57976752328495]], [[1.537695324237717, 43.57962458750008], [1.537620160725284, 43.57965957165732], [1.537621077526314, 43.57962358778322], [1.537695324237717, 43.57962458750008]]], [[[1.534694737808173, 43.57981812036053], [1.534474294027945, 43.57972515527725], [1.534269870286941, 43.57997437033811], [1.534543487793758, 43.57992406833505], [1.534694737808173, 43.57981812036053]]], [[[1.537365236414255, 43.59063502811104], [1.537139243099746, 43.59075797261825], [1.537439038820881, 43.590654020083875], [1.537365236414255, 43.59063502811104]]], [[[1.555788497774975, 43.56897792366734], [1.555915387951574, 43.568853625967975], [1.55616373663729, 43.56882093269201], [1.555916293113782, 43.5688176422111], [1.555740819485252, 43.568905297929085], [1.555687709485313, 43.569048574719304], [1.555539242795522, 43.56904659984731], [1.55546274583073, 43.56913557173393], [1.555139256237934, 43.56920325943891], [1.555137444926221, 43.569275226959924], [1.554989430544127, 43.569255259455396], [1.554612826650319, 43.56946622206238], [1.554585364009438, 43.569573843975], [1.555013269343984, 43.56929157250049], [1.555161283827984, 43.56931153997302], [1.555213036972977, 43.56922223905404], [1.555409634923846, 43.56927884841118], [1.555513140221341, 43.56910024632146], [1.555810526503012, 43.56908620405275], [1.555788497774975, 43.56897792366734]]], [[[1.554433724639747, 43.56969781077126], [1.554558807291658, 43.56964548212241], [1.554287521805023, 43.56960587477469], [1.554285709412966, 43.5696778423017], [1.554435083795537, 43.569643835123046], [1.554433724639747, 43.56969781077126]]], [[[1.554110230665953, 43.569765495437544], [1.554012158041862, 43.569728193676525], [1.55378764244121, 43.569797195379714], [1.55373543328822, 43.569904487537855], [1.554110230665953, 43.569765495437544]]], [[[1.553303889820937, 43.57033068918121], [1.553759271564509, 43.56994080087465], [1.553485265126943, 43.57000914281555], [1.553431695107131, 43.570170410497646], [1.553307063693872, 43.5702047459826], [1.553303889820937, 43.57033068918121]]], [[[1.552711824577106, 43.57025080789933], [1.552487305369984, 43.57031980693936], [1.55231499796866, 43.57028151403213], [1.552411709362524, 43.570372792988486], [1.55288231797816, 43.570361067714], [1.552709556591941, 43.57034076731624], [1.552711824577106, 43.57025080789933]], [[1.552462106716334, 43.57033746896136], [1.552413070435249, 43.570318817340194], [1.552462560391454, 43.57031947707863], [1.552462106716334, 43.57033746896136]]], [[[1.552191273166328, 43.57027986447574], [1.552014881750438, 43.57040349802726], [1.55228979927881, 43.57029917601369], [1.552191273166328, 43.57027986447574]]], [[[1.55173996322299, 43.57050781935248], [1.551566293884771, 43.57052350089786], [1.551414645488095, 43.57064746356052], [1.551460957775929, 43.570774066937716], [1.551464135716118, 43.57064812375408], [1.55173996322299, 43.57050781935248]]], [[[1.551086147400583, 43.57091304999253], [1.550661390397819, 43.57106936311483], [1.550635282346121, 43.5711230084921], [1.550708609828047, 43.57115998307831], [1.551083876841983, 43.571003009417005], [1.551086147400583, 43.57091304999253]]], [[[1.55030995843845, 43.57126264945089], [1.550282941238665, 43.57135227852342], [1.55038192288494, 43.571353599920094], [1.550559683571843, 43.571175993281685], [1.55030995843845, 43.57126264945089]]], [[[1.551890939692561, 43.57139173193506], [1.55196608368369, 43.57135673810428], [1.551943607490244, 43.571266448659976], [1.551868009734533, 43.571319434365584], [1.551890939692561, 43.57139173193506]], [[1.551891847417166, 43.571355748148115], [1.55191704669318, 43.57133808624589], [1.551916592839056, 43.57135607813914], [1.551891847417166, 43.571355748148115]]], [[[1.552247147500444, 43.571990413879], [1.552231023257303, 43.57164823785428], [1.552134763789681, 43.571538966759206], [1.552082096159138, 43.57166425015078], [1.552154063916398, 43.571755199471156], [1.552030789764447, 43.571735557830976], [1.551984021609291, 43.571626946508886], [1.551807171716642, 43.57176857173784], [1.552029882120922, 43.57177154162863], [1.552051451015787, 43.57189781488786], [1.552247147500444, 43.571990413879]]], [[[1.551283881750247, 43.5719055753903], [1.551457555346371, 43.57188989428144], [1.551411696181646, 43.571745298908084], [1.551286606086476, 43.571797624008674], [1.551283881750247, 43.5719055753903]], [[1.551309081454625, 43.571887913622376], [1.551384226449845, 43.57185292018209], [1.551383772424673, 43.57187091207957], [1.551309081454625, 43.571887913622376]]], [[[1.549157120622155, 43.57182318748049], [1.549430231596125, 43.57179084014992], [1.549383468315692, 43.5716822277038], [1.548861537798812, 43.57176524401149], [1.549034756871478, 43.57176755866423], [1.549081519561714, 43.571876171266965], [1.549078336326807, 43.572002114488626], [1.548904206937907, 43.57203578368315], [1.548853351084315, 43.572089097990585], [1.549127372962211, 43.57202076763742], [1.549157120622155, 43.57182318748049]], [[1.549308322324414, 43.571717219755534], [1.549133739204987, 43.571768881198906], [1.549134193934476, 43.57175088931212], [1.549308322324414, 43.571717219755534]]], [[[1.548760281244705, 43.571853880657955], [1.548829969846191, 43.57203479163352], [1.548784572023549, 43.57187220324926], [1.548859263720716, 43.57185520344285], [1.548885373764888, 43.57180155846516], [1.548760281244705, 43.571853880657955]]], [[[1.552274615680433, 43.5718827923764], [1.552369061120727, 43.57206403098847], [1.552468497729013, 43.572047358580015], [1.552422635892373, 43.57190276361767], [1.552274615680433, 43.5718827923764]]], [[[1.552247147500444, 43.571990413879], [1.55229210147963, 43.572170992734115], [1.552316847255208, 43.57217132263415], [1.552320023395175, 43.572045379302814], [1.552295277673864, 43.57204504940355], [1.552296185155371, 43.57200906559683], [1.552271439449849, 43.57200873569214], [1.552271893197929, 43.57199074378922], [1.552247147500444, 43.571990413879]]], [[[1.552393353140189, 43.57208235277526], [1.552514359796667, 43.57219195353755], [1.552517535504492, 43.57206601019864], [1.552490975053664, 43.57213764796484], [1.552393353140189, 43.57208235277526]]], [[[1.55263264509113, 43.57240950562671], [1.552616064792004, 43.572085321464634], [1.552607899211074, 43.57240917579858], [1.55263264509113, 43.57240950562671]]], [[[1.553152308637973, 43.57241643071472], [1.553329157207999, 43.57227480323141], [1.552881918147719, 43.57234083595701], [1.552679868735107, 43.57250012481773], [1.553152308637973, 43.57241643071472]]], [[[1.551148800997329, 43.572353722153984], [1.55094901756401, 43.572423048275475], [1.550947200898025, 43.572495015888045], [1.551120422256568, 43.572497327215366], [1.551148800997329, 43.572353722153984]]], [[[1.552234442229652, 43.57249418724222], [1.55215884312569, 43.572547173195645], [1.552255104329582, 43.57265644434616], [1.552202435936493, 43.57278172789365], [1.552507100983604, 43.572479824067635], [1.552537290917125, 43.5722642510145], [1.552388362306413, 43.57228026373788], [1.552435131758715, 43.57238887493531], [1.552308679974162, 43.57249517696503], [1.552330703488591, 43.5726034583217], [1.552234442229652, 43.57249418724222]], [[1.552436039157999, 43.57235289111881], [1.552511637750299, 43.57229990497962], [1.552485077183904, 43.57237154275605], [1.552436039157999, 43.57235289111881]], [[1.552357718080226, 43.57251382866162], [1.552384278871367, 43.572442190909236], [1.552484623499625, 43.57238953466462], [1.552457155470863, 43.572497156258336], [1.552357718080226, 43.57251382866162]]], [[[1.548567045975962, 43.572643208752226], [1.548596340983388, 43.57246362055636], [1.548473521469492, 43.5724259829757], [1.548345242336913, 43.57260424796986], [1.548567045975962, 43.572643208752226]], [[1.548470791813916, 43.57253393433395], [1.548420390076231, 43.5725692565629], [1.548421299994714, 43.57253327277544], [1.548470791813916, 43.57253393433395]]], [[[1.548564497036423, 43.57372305363918], [1.548755190609163, 43.574013570065596], [1.548657114207748, 43.57397626335826], [1.548679586293313, 43.57406655365311], [1.548804683708355, 43.57401423147263], [1.549001291749688, 43.57407085261985], [1.549552081113334, 43.5738262387995], [1.549673540598801, 43.573917850944405], [1.549350471913379, 43.57396752971447], [1.548999017799256, 43.5741608121986], [1.54899628904933, 43.574268763700495], [1.548922503884132, 43.57424977979505], [1.548795586640505, 43.57437406979054], [1.548917955715046, 43.574429698977255], [1.548994924670519, 43.574322739454466], [1.549193807613442, 43.57428940067295], [1.549147497489496, 43.57416279601893], [1.54957137228129, 43.57404247231483], [1.549723942749432, 43.573882528100754], [1.55004610171323, 43.57386883205629], [1.549900349788213, 43.573758897970556], [1.550002062414664, 43.57365226822928], [1.55007357491809, 43.57376121096963], [1.550221599207452, 43.573781185236925], [1.550123522250128, 43.57374387985985], [1.550201851269107, 43.57358294379041], [1.550374167169663, 43.573621240138486], [1.550501533646075, 43.57347895644931], [1.550623902465685, 43.573534583679226], [1.550572592588314, 43.57360589076343], [1.550772834822371, 43.57351857336148], [1.550602790378012, 43.57339031807906], [1.551104074011382, 43.57314503591664], [1.551326789718972, 43.573148007252115], [1.551380822465, 43.57296874836227], [1.551505461030582, 43.57293441502177], [1.551652121836978, 43.57300836306389], [1.551575613569285, 43.57309733245799], [1.551775398592401, 43.573028005151286], [1.551676867969812, 43.57300869310992], [1.551654845533122, 43.57290041159009], [1.551505915026028, 43.57291642311045], [1.551583785071234, 43.57277347804642], [1.55146005491952, 43.57277182765412], [1.551458238883114, 43.572843795292705], [1.551283654272499, 43.572895460232665], [1.551361524842671, 43.572752515330095], [1.551108161107261, 43.57298310871416], [1.55106593500986, 43.57269457782328], [1.550867058678949, 43.572727919996005], [1.550794183308907, 43.572672953571065], [1.550898617448432, 43.57245837165174], [1.550701104571078, 43.572437737806055], [1.550875688314019, 43.57238607381903], [1.550978305008023, 43.57224345946472], [1.551200109039928, 43.57228241485975], [1.551202379466999, 43.572192455352635], [1.550980121627058, 43.572171491864246], [1.550954013371986, 43.572225137359354], [1.550881592741959, 43.57215217911289], [1.551132229093124, 43.572029537778015], [1.551366973293276, 43.572536612443585], [1.551441211077688, 43.572537602759354], [1.551230757852058, 43.572048850300334], [1.551060716737822, 43.57192059586617], [1.550910426084247, 43.57199058225123], [1.550788514490322, 43.57191696350813], [1.550814622759893, 43.57186331806434], [1.550862297274389, 43.571935946115026], [1.551036425212093, 43.571902273783344], [1.550988296356356, 43.571847637706355], [1.551086824754698, 43.5718669503568], [1.551113840941684, 43.57177732105213], [1.551311805742633, 43.571779962241465], [1.551387404618077, 43.571726976906], [1.55141442026994, 43.5716373475353], [1.551266855152981, 43.57159938302978], [1.551318616417833, 43.57151008382434], [1.551193980832674, 43.57154441691636], [1.551220542627422, 43.57147277949697], [1.551369469469192, 43.57145676838405], [1.551439619816427, 43.571619685740394], [1.551466635336288, 43.57153005636341], [1.551640761688491, 43.57149638307231], [1.551561531613999, 43.57169330373733], [1.551737927968944, 43.571569670810966], [1.551885947186894, 43.57158964277935], [1.551863017156107, 43.571517345198856], [1.551960183755753, 43.57159063273972], [1.551769028112972, 43.57131811432339], [1.551839179424613, 43.571481031405916], [1.551667322903531, 43.57142474554606], [1.55159944191289, 43.57117186890748], [1.55164757078372, 43.571226504687914], [1.551772659305548, 43.571174179192376], [1.551648932595084, 43.571172529017076], [1.551653018013813, 43.57101060201665], [1.551506362309567, 43.570936654078686], [1.551432126594156, 43.570935663808555], [1.551460957775929, 43.570774066937716], [1.551361523080364, 43.570790738408874], [1.551406927345595, 43.57095332559329], [1.551133367372687, 43.57100366976147], [1.550655485184142, 43.57130325763249], [1.549956251765824, 43.5715458941107], [1.549779851647241, 43.571669524141114], [1.549649305417666, 43.57193775003737], [1.549148935566764, 43.57214704149494], [1.548846073927223, 43.57237696825504], [1.548819053917655, 43.57246659703298], [1.548644468079148, 43.572518257716816], [1.548580419184548, 43.57309333696084], [1.548515279409598, 43.57273250671668], [1.548391549434492, 43.57273085282854], [1.548463512682196, 43.57282180466199], [1.548461237938563, 43.572911764151236], [1.5483892745817, 43.57282081231059], [1.548398551690449, 43.573432867729785], [1.548472790582567, 43.5734338600753], [1.548480069745369, 43.57314598962392], [1.548603800617722, 43.57314764341169], [1.548594702428081, 43.573507481495625], [1.54871252070233, 43.57374302996272], [1.54859015329049, 43.57368740057113], [1.548564497036423, 43.57372305363918]], [[1.551355622308271, 43.572986410160134], [1.551331330237457, 43.57296808812966], [1.551356076351086, 43.5729684182488], [1.551355622308271, 43.572986410160134]], [[1.551506823016066, 43.57288043928849], [1.551482984943898, 43.57284412538288], [1.551507731004966, 43.572844455467404], [1.551506823016066, 43.57288043928849]], [[1.551037101751724, 43.57285617480548], [1.551012809837669, 43.57283785270544], [1.55103755589333, 43.572838182897115], [1.551037101751724, 43.57285617480548]], [[1.55081189753307, 43.571971269439075], [1.550836189016337, 43.571989591573], [1.550810989121851, 43.57200725323245], [1.55081189753307, 43.571971269439075]], [[1.551337459422254, 43.571744308572676], [1.551313167882796, 43.571725986554014], [1.551337913460938, 43.57172631667698], [1.551337459422254, 43.571744308572676]], [[1.551664145366082, 43.57155068880384], [1.551688436943378, 43.57156901074176], [1.551663691431022, 43.57156868069868], [1.551664145366082, 43.57155068880384]], [[1.551688890870685, 43.57155101884679], [1.551714090294844, 43.57153335698924], [1.551713636375574, 43.57155134888411], [1.551688890870685, 43.57155101884679]], [[1.551839179424613, 43.571481031405916], [1.551863471028295, 43.5714993533038], [1.551838725544957, 43.57149902330064], [1.551839179424613, 43.571481031405916]], [[1.551479347130954, 43.57102628342849], [1.551603527471157, 43.57100994190899], [1.551601711670328, 43.57108190946164], [1.551479347130954, 43.57102628342849]], [[1.549273573683115, 43.57211271073549], [1.549297864735285, 43.57213103321529], [1.54927311899444, 43.57213070262739], [1.549273573683115, 43.57211271073549]], [[1.548409925931695, 43.57298307018274], [1.548484164242365, 43.57298406252016], [1.548456233477476, 43.57310967504726], [1.548406741162111, 43.57310901348185], [1.548409925931695, 43.57298307018274]], [[1.548686409613655, 43.57379667497138], [1.548761103843686, 43.57377967520969], [1.54875973925538, 43.57383365094233], [1.548686409613655, 43.57379667497138]], [[1.54875973925538, 43.57383365094233], [1.54878403087172, 43.57385197355903], [1.548759284392042, 43.57385164285366], [1.54875973925538, 43.57383365094233]], [[1.548830794785462, 43.57396058642741], [1.548805593408868, 43.57397824764576], [1.548806048258697, 43.57396025573266], [1.548830794785462, 43.57396058642741]], [[1.548807412806473, 43.5739062799947], [1.548781756589514, 43.57394193311952], [1.548782666303251, 43.57390594929464], [1.548807412806473, 43.5739062799947]], [[1.549727124672296, 43.57375658469521], [1.549701923660997, 43.57377424611904], [1.549702378228304, 43.57375625420475], [1.549727124672296, 43.57375658469521]], [[1.549751871116572, 43.573756915180034], [1.549802273077716, 43.57372159230397], [1.54980181854199, 43.573739584218266], [1.549751871116572, 43.573756915180034]], [[1.549953024101517, 43.57363361545425], [1.549927823213693, 43.57365127692899], [1.54992827770923, 43.57363328501528], [1.549953024101517, 43.57363361545425]], [[1.550454766963825, 43.57337034433675], [1.550429566345923, 43.57338800592467], [1.550430020682134, 43.57337001401218], [1.550454766963825, 43.57337034433675]], [[1.550529005810608, 43.573371335276654], [1.550630262310314, 43.57328269688744], [1.55067930054375, 43.57330134935212], [1.550529005810608, 43.573371335276654]], [[1.548453048802456, 43.57323561835881], [1.548427847627896, 43.5732532794806], [1.548428302590363, 43.57323528757818], [1.548453048802456, 43.57323561835881]], [[1.551228713125192, 43.57311070288952], [1.551178766677662, 43.57312803449996], [1.551179220777023, 43.57311004258756], [1.551228713125192, 43.57311070288952]], [[1.55123007537505, 43.57305672715308], [1.551204875133327, 43.57307438891705], [1.55120532922408, 43.57305639700524], [1.55123007537505, 43.57305672715308]], [[1.549832271805742, 43.57253412645556], [1.549933073420065, 43.57246348066645], [1.549881309140513, 43.57255277927083], [1.549832271805742, 43.57253412645556]], [[1.548918037451408, 43.57246791976488], [1.548844709452144, 43.572430943936], [1.548918947056372, 43.572431935975835], [1.548918037451408, 43.57246791976488]], [[1.549042676402453, 43.57243358926275], [1.549017475761337, 43.57245125051149], [1.549017930532666, 43.57243325861665], [1.549042676402453, 43.57243358926275]], [[1.550084275376403, 43.572357511813905], [1.550058620644522, 43.5723931652019], [1.550059529533412, 43.572357181405145], [1.550084275376403, 43.572357511813905]], [[1.550927450896577, 43.572296774751095], [1.550853667627244, 43.572277792183705], [1.550928813410357, 43.57224279904903], [1.550927450896577, 43.572296774751095]], [[1.5503651122882, 43.572019299889135], [1.550339912235756, 43.57203696143963], [1.550340366589371, 43.57201896954443], [1.5503651122882, 43.572019299889135]], [[1.549995744681411, 43.57194237655417], [1.550070890548412, 43.57190738402129], [1.55007043611123, 43.57192537591397], [1.549995744681411, 43.57194237655417]], [[1.549972816890058, 43.57187007855683], [1.549898125503274, 43.57188707912923], [1.549899034484746, 43.57185109534651], [1.549972816890058, 43.57187007855683]], [[1.550989204653918, 43.57181165391551], [1.550964004884608, 43.57182931560827], [1.550964459040999, 43.57181132371307], [1.550989204653918, 43.57181165391551]], [[1.551040058278305, 43.571758338618245], [1.551088641225786, 43.5717949827734], [1.551038241747476, 43.57183030619902], [1.551040058278305, 43.571758338618245]], [[1.549900852444271, 43.5717791277838], [1.549951252577446, 43.57174380488725], [1.549950798104066, 43.57176179677737], [1.549900852444271, 43.5717791277838]], [[1.551066166240698, 43.5717046931199], [1.550964913197105, 43.57179333181809], [1.550869110081122, 43.57166606769677], [1.551066166240698, 43.5717046931199]], [[1.551216455956029, 43.57163470653329], [1.551090911808242, 43.57170502329915], [1.551092274154301, 43.5716510476173], [1.551216455956029, 43.57163470653329]], [[1.551043691326301, 43.57161440346745], [1.551017583383967, 43.57166804895703], [1.551018945798087, 43.57161407327747], [1.551043691326301, 43.57161440346745]], [[1.551217818182388, 43.5715807308525], [1.551192618584766, 43.57159839259546], [1.551193072667687, 43.5715804007022], [1.551217818182388, 43.5715807308525]], [[1.550972179656096, 43.57150546152883], [1.550922234527631, 43.571522793001876], [1.550922688694687, 43.57150480111069], [1.550972179656096, 43.57150546152883]], [[1.550724724860441, 43.571502159212585], [1.550699525145615, 43.57151982084016], [1.550699979382441, 43.57150182894994], [1.550724724860441, 43.571502159212585]], [[1.551442797850233, 43.57149374248314], [1.551493196784179, 43.57145841887806], [1.551492742796277, 43.571476410771055], [1.551442797850233, 43.57149374248314]], [[1.551470267300385, 43.571386121221245], [1.551444159860453, 43.57143976680482], [1.551445521868112, 43.571385791128506], [1.551470267300385, 43.571386121221245]], [[1.551347448207565, 43.571348486918964], [1.551322248751758, 43.57136614868914], [1.551322702792219, 43.57134815679825], [1.551347448207565, 43.571348486918964]]], [[[1.55134041118905, 43.57260824995189], [1.551412832977456, 43.572681207915565], [1.551537016916221, 43.57266486645327], [1.551489340942863, 43.57259223866191], [1.55134041118905, 43.57260824995189]], [[1.55148752494885, 43.57266420629201], [1.551463232972274, 43.572645884295156], [1.55148797894778, 43.572646214384136], [1.55148752494885, 43.57266420629201]]], [[[1.552003559963745, 43.57281507214953], [1.55203057516569, 43.57272544255761], [1.551956337128218, 43.572724452644586], [1.551805591561682, 43.57281243221926], [1.55173226126268, 43.57277545833116], [1.551704791638899, 43.57288307976349], [1.551954975569054, 43.572778428377646], [1.551878014198814, 43.57288538988312], [1.551976090829584, 43.57292269365347], [1.551977906219327, 43.57285072600225], [1.552101636555964, 43.572852375804686], [1.552003559963745, 43.57281507214953]]], [[[1.556649036899892, 43.57314688563706], [1.556705314857828, 43.57287766443501], [1.556483504791207, 43.572838720267306], [1.556358416936416, 43.57289105124944], [1.556306662265764, 43.57298035294262], [1.556525305798049, 43.57314524101501], [1.556520781543107, 43.5733251603764], [1.556769149227355, 43.57329246561408], [1.556649036899892, 43.57314688563706]], [[1.556655822647686, 43.572877006628865], [1.556577060277245, 43.57305593920737], [1.556356154560998, 43.57298101090793], [1.556507346024063, 43.57287503307513], [1.556655822647686, 43.572877006628865]]], [[[1.548419203286831, 43.57359512566937], [1.548469150973791, 43.573577795322436], [1.548542025266319, 43.5736327633421], [1.548495262165927, 43.57352415037417], [1.548421023156663, 43.57352315804396], [1.548419203286831, 43.57359512566937]]], [[[1.548728169687431, 43.57410319892309], [1.548620540068578, 43.574443722423396], [1.548445493071893, 43.574513374777524], [1.548644831898631, 43.574462045079024], [1.548728169687431, 43.57410319892309]]], [[[1.554659204649661, 43.57450626317531], [1.554836508902833, 43.57434664108896], [1.554762268720586, 43.57434565309285], [1.554735257021074, 43.574435283465334], [1.554611976231134, 43.5744156447184], [1.554585870349271, 43.574469291170395], [1.554659204649661, 43.57450626317531]], [[1.554660563707295, 43.57445228734344], [1.554635363908385, 43.574469949920555], [1.554635816935065, 43.574451957976926], [1.554660563707295, 43.57445228734344]]], [[[1.548695690047948, 43.574408730781116], [1.548718162363468, 43.57449902109516], [1.548818059099571, 43.574464360081734], [1.548794676927448, 43.574410053627254], [1.548720891647325, 43.57439106958296], [1.548747002974126, 43.574337424543806], [1.548724530676502, 43.57424713424589], [1.548695690047948, 43.574408730781116]]], [[[1.549240572658761, 43.574398013397975], [1.549262136405188, 43.57452428744208], [1.549384506252007, 43.57457991610895], [1.549240572658761, 43.574398013397975]]], [[[1.548042718502059, 43.574777960353686], [1.548168728158713, 43.57468965504149], [1.548292917365392, 43.57467331726587], [1.548144436384303, 43.5746713322765], [1.548042718502059, 43.574777960353686]]], [[[1.547892871831958, 43.57482995078129], [1.548042718502059, 43.574777960353686], [1.547918528997809, 43.574794297844434], [1.547969843233906, 43.574722991955156], [1.547870855833835, 43.57472166835696], [1.547892871831958, 43.57482995078129]]], [[[1.56550672905669, 43.566389068440785], [1.565605702495337, 43.5663903759577], [1.565606601545687, 43.56635439218223], [1.565483334389099, 43.56633476588615], [1.56550672905669, 43.566389068440785]], [[1.565581858201105, 43.56635406531165], [1.565531921964498, 43.56637140344093], [1.565532371512785, 43.566353411553614], [1.565581858201105, 43.56635406531165]]], [[[1.566546848848535, 43.56636680908609], [1.566817229192599, 43.566442369506355], [1.566917999211585, 43.5663717082545], [1.566546848848535, 43.56636680908609]], [[1.566818127484485, 43.56640638571953], [1.566719603167166, 43.56638708741496], [1.566818576630006, 43.56638839382647], [1.566818127484485, 43.56640638571953]]], [[[1.568006258535285, 43.56640406372858], [1.567511390995971, 43.566397536181285], [1.567582478777094, 43.56652445873646], [1.567658953481691, 43.56643547847586], [1.568006258535285, 43.56640406372858]]], [[[1.562632897644557, 43.5664950462191], [1.56248353631007, 43.566529064598626], [1.562382310020515, 43.56661771362049], [1.562632897644557, 43.5664950462191]]], [[[1.55750592941846, 43.567614915168804], [1.55762422419668, 43.56783246112661], [1.557381758101393, 43.56763126339862], [1.557669643856892, 43.56799504535669], [1.557619251763169, 43.56803037174263], [1.557717775840915, 43.568049678325785], [1.557696195929819, 43.5679234065311], [1.557870759650918, 43.56787173146218], [1.557697099961281, 43.56788742278276], [1.557698908020807, 43.56781545528878], [1.557895955558539, 43.56785406821564], [1.557872567492275, 43.5677997639661], [1.558021031038146, 43.567801735646434], [1.558118651093002, 43.567857025612184], [1.558392189947429, 43.56780666395932], [1.558768317391302, 43.567613680365525], [1.559889463404403, 43.56732259191056], [1.559968658884857, 43.56712566577147], [1.560093730888476, 43.567073330841666], [1.560265582644532, 43.567129603196115], [1.560171120395587, 43.56694837207585], [1.560344776568779, 43.56693267680928], [1.560466238690871, 43.567024276443114], [1.560468494391928, 43.56693431707282], [1.560616504695899, 43.566954277077286], [1.56071818536587, 43.56684763780705], [1.560867097561345, 43.5668316137218], [1.560845962201433, 43.56668735078835], [1.561520347065548, 43.56644431722635], [1.561618418957871, 43.56648161212127], [1.561441608679121, 43.56662325252954], [1.561739882157645, 43.56657321030169], [1.561711983511743, 43.566698825674465], [1.561612108071621, 43.56673349835943], [1.561685887772413, 43.5667524735442], [1.562808803786532, 43.56638938763616], [1.562910029015058, 43.56630073823087], [1.562908227534965, 43.566372705735354], [1.562708479113443, 43.56644205319891], [1.562706226941293, 43.56653201258478], [1.562957263854781, 43.56639135256613], [1.563030142895098, 43.566446310588], [1.563130467280579, 43.566393644727924], [1.563083682480686, 43.566285038591545], [1.563158362674865, 43.56626802901753], [1.563205597879595, 43.566358643242694], [1.563234393627079, 43.56619704376421], [1.563581249500677, 43.566183635049775], [1.563529962284938, 43.566254947889], [1.563802138492425, 43.56625854829773], [1.563776495004197, 43.56629420477396], [1.563800338131844, 43.56633051581489], [1.563927205112867, 43.566206208984546], [1.564271811170561, 43.56628275745977], [1.564124251315772, 43.56624481056663], [1.564126501254935, 43.56615485116942], [1.564895341134947, 43.56609302428688], [1.564869698399536, 43.566128681017126], [1.564892642655531, 43.56620097557865], [1.564993864334498, 43.56611232424262], [1.565389756161249, 43.56611755563786], [1.56561604150633, 43.56597656259378], [1.565912510283968, 43.56599847645817], [1.566013730031277, 43.56590982418402], [1.566111803929133, 43.56594711500699], [1.566262958863015, 43.56584112411397], [1.566433914452557, 43.56593337042787], [1.566363279225689, 43.565788455289564], [1.56651308557092, 43.56573643970779], [1.566485647019866, 43.56584406434835], [1.566559876410551, 43.565845044324966], [1.566587314822935, 43.56573741966561], [1.56516795440762, 43.56508874924228], [1.564770270586572, 43.565155484516325], [1.56474192947181, 43.5652990924137], [1.564694242912361, 43.56522647079333], [1.564545785796629, 43.56522450823961], [1.56451924351792, 43.56529614860466], [1.564297007513812, 43.565275212470326], [1.564245721998475, 43.565346525602344], [1.563823742467364, 43.56539493837175], [1.563722520246454, 43.56548358857266], [1.563820141850005, 43.56553887332353], [1.56354616839638, 43.565607240438304], [1.563699577750429, 43.565411293800146], [1.56409816456698, 43.56530857869855], [1.564024835936575, 43.56527161330439], [1.564423871087841, 43.56515090515138], [1.564499449134416, 43.56509791093445], [1.564425670629902, 43.565078937683204], [1.563152981983426, 43.56549405112057], [1.562830873139485, 43.56550778596344], [1.562405737578877, 43.56568213629542], [1.562381445072474, 43.5656638168301], [1.562183050259285, 43.565679187694805], [1.562255026514087, 43.56577012994104], [1.561855081106355, 43.565926813909215], [1.562079121250249, 43.56587578758124], [1.562250971367759, 43.56593205674672], [1.56197654351003, 43.566018411789415], [1.56174889686654, 43.566213372861725], [1.56139978617489, 43.56631673506895], [1.561447469472917, 43.566389358191294], [1.561249522793319, 43.56638673548746], [1.561172587305754, 43.56649370310179], [1.560579648482003, 43.56644984866791], [1.560505869535678, 43.56643087273556], [1.560558062878353, 43.56632357758303], [1.560409603067526, 43.56632160937316], [1.5601599139153, 43.566408287897566], [1.560181949901338, 43.56651656720188], [1.560134719338599, 43.56642595165157], [1.560083878882383, 43.566479271008724], [1.55996151593507, 43.56642365471159], [1.560007843661464, 43.566550254070144], [1.559813055885932, 43.56642168568603], [1.559614657766579, 43.56643705186649], [1.559113017495534, 43.56670036402655], [1.55826812551242, 43.566833131853365], [1.55816553659529, 43.56697575255684], [1.557864998130358, 43.56711574430301], [1.557836638776709, 43.567259350594256], [1.557337243793996, 43.56743269535549], [1.557435314657261, 43.56746999405394], [1.557708852267178, 43.56741963413592], [1.558282477076195, 43.56724727330307], [1.558305413484885, 43.56731956931261], [1.558179887454739, 43.56738989406133], [1.55800622930695, 43.56740558587095], [1.557855055013083, 43.56751156538619], [1.557707044232581, 43.56749160161019], [1.557730432016763, 43.56754590588371], [1.55750592941846, 43.567614915168804]], [[1.561618418957871, 43.56648161212127], [1.561667454951808, 43.566500259535914], [1.561617968182117, 43.566499603993975], [1.561618418957871, 43.56648161212127]], [[1.562959515628094, 43.5663013931839], [1.562984709281101, 43.566283728776085], [1.562984258935036, 43.566301720651964], [1.562959515628094, 43.5663013931839]], [[1.562984709281101, 43.566283728776085], [1.563009902918606, 43.566266064362644], [1.563009452580574, 43.566284056238416], [1.562984709281101, 43.566283728776085]], [[1.563869627816789, 43.56553952786147], [1.563870527941819, 43.56550354412177], [1.563895720964474, 43.56548587951244], [1.563869627816789, 43.56553952786147]], [[1.562879908695513, 43.56552643281789], [1.56285471534255, 43.565544097192046], [1.562855165723266, 43.565526105326235], [1.562879908695513, 43.56552643281789]], [[1.561447920301231, 43.56637136632069], [1.56147356526998, 43.566335710392444], [1.561472663629701, 43.56637169413319], [1.561447920301231, 43.56637136632069]], [[1.561323301928698, 43.56640571091397], [1.561297656835369, 43.5664413668085], [1.561273815244427, 43.56640505521526], [1.561323301928698, 43.56640571091397]], [[1.561248170120659, 43.566440711098075], [1.561272462594172, 43.56645903082685], [1.561247719229208, 43.56645870296869], [1.561248170120659, 43.566440711098075]], [[1.560007843661464, 43.566550254070144], [1.560056879190941, 43.56656890221294], [1.560007392380487, 43.56656824593701], [1.560007843661464, 43.566550254070144]], [[1.558267673684065, 43.56685112371657], [1.558291965380221, 43.56686944411732], [1.558267221855428, 43.56686911557997], [1.558267673684065, 43.56685112371657]], [[1.557536550087304, 43.567381349590875], [1.557585585523894, 43.5673999988604], [1.557535645963189, 43.56741733332515], [1.557536550087304, 43.567381349590875]], [[1.55805571681622, 43.5674062430592], [1.558080008679607, 43.56742456351447], [1.558055264916795, 43.56742423492871], [1.55805571681622, 43.5674062430592]], [[1.557730884018936, 43.56752791401402], [1.55775607981871, 43.567510250804155], [1.557755627824572, 43.56752824267373], [1.557730884018936, 43.56752791401402]], [[1.557703428149791, 43.567635536569504], [1.557727719997778, 43.56765385710651], [1.557702976138167, 43.567653528440424], [1.557703428149791, 43.567635536569504]], [[1.559341940958411, 43.56744131391295], [1.559167831421516, 43.56747499945621], [1.55914489386481, 43.567402703620964], [1.559345101427025, 43.56731537079216], [1.559341940958411, 43.56744131391295]], [[1.557461414694301, 43.56741634717884], [1.557510450136376, 43.56743499648273], [1.557460962608565, 43.567434339045995], [1.557461414694301, 43.56741634717884]], [[1.558355804532582, 43.5672842426258], [1.558380096440105, 43.56730256301238], [1.558355352728153, 43.56730223449502], [1.558355804532582, 43.5672842426258]], [[1.558307672583126, 43.567229609968685], [1.558381451829289, 43.567248587405075], [1.558307220764044, 43.56724760183703], [1.558307672583126, 43.567229609968685]], [[1.558480878351738, 43.567231909547786], [1.558529913967425, 43.567250558388956], [1.558480426586914, 43.56724990141688], [1.558480878351738, 43.567231909547786]], [[1.55845658644195, 43.56721358918467], [1.558407550881654, 43.56719494031087], [1.558457038213959, 43.56719559731612], [1.55845658644195, 43.56721358918467]], [[1.558629792168196, 43.56721588852622], [1.558580756549678, 43.56719723973061], [1.558630695603415, 43.56717990478788], [1.558629792168196, 43.56721588852622]], [[1.558531269214541, 43.56719658278173], [1.558482233644511, 43.567177933941885], [1.558532172711203, 43.567160599044705], [1.558531269214541, 43.56719658278173]], [[1.558631599037502, 43.567143921050445], [1.558655890973658, 43.56716224137354], [1.5586311473206, 43.56716191291905], [1.558631599037502, 43.567143921050445]], [[1.558681538029515, 43.56712658608498], [1.55870582997427, 43.567144906396685], [1.558681086328398, 43.567144577953584], [1.558681538029515, 43.56712658608498]], [[1.558781415923074, 43.56709191608578], [1.558830451516815, 43.567110564789424], [1.558780964253528, 43.56710990795438], [1.558781415923074, 43.56709191608578]], [[1.559005914943343, 43.56702290418906], [1.559079694154674, 43.56704188114832], [1.559005463344688, 43.56704089605771], [1.559005914943343, 43.56702290418906]], [[1.559104889326219, 43.56702421763151], [1.559153924967207, 43.5670428661882], [1.559104437758568, 43.567042209500585], [1.559104889326219, 43.56702421763151]], [[1.559130536041595, 43.56698856224036], [1.559154828071221, 43.567006882449846], [1.559130084482262, 43.56700655410909], [1.559130536041595, 43.56698856224036]], [[1.559229510368124, 43.56698987556919], [1.559278546020258, 43.56700852406916], [1.559229058839794, 43.567007867438356], [1.559229510368124, 43.56698987556919]], [[1.559329387692981, 43.56695520506931], [1.559353679771942, 43.56697352523393], [1.559328936196221, 43.56697319693846], [1.559329387692981, 43.56695520506931]], [[1.559428813432028, 43.566938526347535], [1.559453105535657, 43.56695684648969], [1.559428361966556, 43.566956518216884], [1.559428813432028, 43.566938526347535]], [[1.56046984780917, 43.56688034145333], [1.560493689089019, 43.566916653235126], [1.560468945531292, 43.56691632519943], [1.56046984780917, 43.56688034145333]], [[1.560447359995731, 43.56679005405144], [1.560470750085917, 43.566844357708135], [1.560446006559477, 43.56684402966723], [1.560447359995731, 43.56679005405144]], [[1.560224668479768, 43.566787101432524], [1.560248960773268, 43.5668054213947], [1.560224217264875, 43.56680509330327], [1.560224668479768, 43.566787101432524]], [[1.559980843817947, 43.5666398852599], [1.560005135971364, 43.56665820527474], [1.559980392527806, 43.56665787712779], [1.559980843817947, 43.5666398852599]], [[1.5600307819642, 43.56662254968008], [1.560055074126216, 43.56664086968352], [1.560030330689844, 43.56664054154794], [1.5600307819642, 43.56662254968008]], [[1.561812760263533, 43.56662816914754], [1.561763724113164, 43.566609521796856], [1.561813210979256, 43.56661017727241], [1.561812760263533, 43.56662816914754]], [[1.561813661694696, 43.56659218539751], [1.561864049945446, 43.56655685710078], [1.561937829502518, 43.566575832112015], [1.56191173403011, 43.56662948003143], [1.561813661694696, 43.56659218539751]], [[1.559908870074953, 43.566548941451096], [1.559933162166927, 43.56656726148087], [1.559908418762973, 43.56656693331755], [1.559908870074953, 43.566548941451096]], [[1.561765076305143, 43.56655554617348], [1.56178891826926, 43.56659185766267], [1.561764174844106, 43.566591529922185], [1.561765076305143, 43.56655554617348]], [[1.56008342762579, 43.56649726287503], [1.56010726850219, 43.56653357473194], [1.560082525111757, 43.56653324660827], [1.56008342762579, 43.56649726287503]], [[1.561815464553633, 43.56652021790018], [1.561864500644537, 43.56653886522633], [1.561815013839323, 43.56653820977417], [1.561815464553633, 43.56652021790018]], [[1.561670159509078, 43.566392308301815], [1.561768231409876, 43.5664296030601], [1.561643613102543, 43.56646394802238], [1.561670159509078, 43.566392308301815]], [[1.56159728183906, 43.566337349369306], [1.561497857770984, 43.566354030069455], [1.561598183400701, 43.56630136562838], [1.56159728183906, 43.566337349369306]], [[1.563778295393524, 43.56622223725902], [1.563630736020439, 43.56618428969687], [1.563779645682558, 43.56616826162517], [1.563778295393524, 43.56622223725902]], [[1.56298966306919, 43.56608581815621], [1.562941527715303, 43.56603118759877], [1.5629662709057, 43.566031515070854], [1.56298966306919, 43.56608581815621]], [[1.563064343032104, 43.56606880864922], [1.56311337914308, 43.566087455405565], [1.563063892712678, 43.56608680052272], [1.563064343032104, 43.56606880864922]], [[1.565044250207334, 43.566076994482074], [1.565068543738127, 43.566095313357], [1.565043800508256, 43.5660949863639], [1.565044250207334, 43.566076994482074]], [[1.565365462518563, 43.56609923683452], [1.565316875279694, 43.566062599212216], [1.565366811312668, 43.56604526118557], [1.565365462518563, 43.56609923683452]], [[1.565168865640555, 43.56604264562667], [1.565193159196574, 43.566060964473266], [1.565168415980795, 43.56606063750856], [1.565168865640555, 43.56604264562667]], [[1.565913409135903, 43.565962492689984], [1.56584007850173, 43.56592552850475], [1.565914757411694, 43.5659085170394], [1.565913409135903, 43.565962492689984]], [[1.562946481630446, 43.56583327701575], [1.563020260615448, 43.56585225128199], [1.562970324041782, 43.565869588227244], [1.562946481630446, 43.56583327701575]], [[1.566137445812092, 43.56591145798794], [1.566064115098867, 43.56587449395529], [1.566138793876076, 43.565857482336504], [1.566137445812092, 43.56591145798794]], [[1.562330607377481, 43.5657171372107], [1.562305413771851, 43.5657348014598], [1.562305864326187, 43.565716809593845], [1.562330607377481, 43.5657171372107]], [[1.562305864326187, 43.565716809593845], [1.56228157183698, 43.565698490105746], [1.562306314880241, 43.56569881772814], [1.562305864326187, 43.565716809593845]], [[1.562850211519871, 43.56572401586259], [1.562874504201307, 43.565742335223824], [1.562849761136051, 43.56574200773089], [1.562850211519871, 43.56572401586259]], [[1.562331508469805, 43.56568115347929], [1.56235580096761, 43.56569947295602], [1.562331057923785, 43.56569914534491], [1.562331508469805, 43.56568115347929]], [[1.562529903250043, 43.56566578234333], [1.562554195804643, 43.56568410177547], [1.56252945276631, 43.56568377420956], [1.562529903250043, 43.56566578234333]], [[1.562852463434739, 43.56563405652451], [1.562925341413522, 43.56568901458764], [1.562875855328669, 43.5656883596193], [1.562852463434739, 43.56563405652451]], [[1.562705356613206, 43.56557811585409], [1.562803427795712, 43.56561540965628], [1.562802527000173, 43.56565139338996], [1.562703554899247, 43.565650083318836], [1.562705356613206, 43.56557811585409]], [[1.564887688335578, 43.56540900593129], [1.564862495651834, 43.5654266707698], [1.56486294540249, 43.565408678897136], [1.564887688335578, 43.56540900593129]], [[1.56486294540249, 43.565408678897136], [1.56483910198565, 43.565372368112904], [1.564863844902955, 43.56537269515246], [1.56486294540249, 43.565408678897136]], [[1.56560613255315, 43.565382503718375], [1.565630425969369, 43.5654008224587], [1.565605683035578, 43.56540049559378], [1.56560613255315, 43.565382503718375]], [[1.564766672356985, 43.565299419475394], [1.564790965470226, 43.56531773840246], [1.564766222577018, 43.565317411346285], [1.564766672356985, 43.565299419475394]], [[1.564841350770635, 43.565282408755714], [1.564865643900504, 43.56530072766584], [1.564840901014202, 43.56530040062669], [1.564841350770635, 43.565282408755714]], [[1.565088779568837, 43.56528567889248], [1.565113072779031, 43.56530399774731], [1.56508832988991, 43.565303670764536], [1.565088779568837, 43.56528567889248]]], [[[1.562282435126286, 43.56665238692003], [1.562234299970328, 43.566597756027456], [1.562156915426042, 43.56672271623297], [1.562405251339986, 43.56669000873222], [1.562382310020515, 43.56661771362049], [1.562282435126286, 43.56665238692003]]], [[[1.568618114392578, 43.56668209852756], [1.568712154309593, 43.566881314172214], [1.568808886041852, 43.56697257830796], [1.568716191301008, 43.56671938701848], [1.568618114392578, 43.56668209852756]]], [[[1.568765229802994, 43.56673803123108], [1.568884013936602, 43.56693757288004], [1.568861961378223, 43.566829295310406], [1.568765229802994, 43.56673803123108]]], [[[1.561782608118875, 43.56684374393014], [1.561658439687461, 43.56686009704121], [1.561458237231538, 43.56694743410715], [1.56163099149961, 43.56696772053936], [1.561780805208596, 43.56691571144318], [1.561782608118875, 43.56684374393014]], [[1.561608051044078, 43.56689542525004], [1.561657087388063, 43.566914072674734], [1.561607149479294, 43.56693140900597], [1.561608051044078, 43.56689542525004]]], [[[1.565739779191085, 43.56696807761418], [1.565712338601907, 43.567075702151925], [1.565810414295481, 43.567112993277426], [1.565887791414241, 43.56698803043448], [1.565814908951057, 43.56693307430968], [1.565739779191085, 43.56696807761418]], [[1.565814010022195, 43.56696905810144], [1.56581266162679, 43.56702303379075], [1.565764522801174, 43.56696840444891], [1.565814010022195, 43.56696905810144]]], [[[1.569441460625002, 43.56741286193198], [1.569737490039821, 43.56745275729279], [1.569887297670467, 43.56740073699578], [1.569719918110951, 43.56716456069933], [1.569034269451277, 43.56686756187087], [1.569051837847675, 43.56715575851553], [1.56927363448183, 43.56719467685949], [1.569441460625002, 43.56741286193198]], [[1.569150812688568, 43.56715706280211], [1.569126517406097, 43.56713874482687], [1.56915126110899, 43.56713907088996], [1.569150812688568, 43.56715706280211]]], [[[1.560734358840628, 43.56718981142389], [1.5609071135822, 43.56721009901112], [1.560981795624377, 43.56719309092296], [1.560983148565175, 43.56713911528733], [1.560734358840628, 43.56718981142389]], [[1.560957953921047, 43.567156779241316], [1.560932759261417, 43.56717444318969], [1.560933210257185, 43.56715645131136], [1.560957953921047, 43.567156779241316]]], [[[1.566275152272934, 43.56733510468304], [1.566249060508166, 43.567388753673086], [1.566468160562532, 43.56753562917933], [1.566494252189319, 43.56748198013114], [1.566275152272934, 43.56733510468304]]], [[[1.569685761081114, 43.567542065021705], [1.569834672573913, 43.56752602863179], [1.569934992604032, 43.5674733564458], [1.569685761081114, 43.567542065021705]]], [[[1.560009571763707, 43.56746816771247], [1.560159839487217, 43.56739816895687], [1.55993579169726, 43.56744919137934], [1.560009571763707, 43.56746816771247]]], [[[1.557153185090499, 43.5678621988002], [1.557030822034859, 43.56780657914708], [1.557029013138198, 43.567878546629494], [1.557153185090499, 43.5678621988002]]], [[[1.558512747283396, 43.56793424958839], [1.558661211198997, 43.56793622039371], [1.558613078412375, 43.56788158784708], [1.558512747283396, 43.56793424958839]]], [[[1.558114132247742, 43.56803694437656], [1.558486196224295, 43.56800588861416], [1.558487099761941, 43.56796990485718], [1.558264855608837, 43.56794895633878], [1.558114132247742, 43.56803694437656]]], [[[1.557216564950384, 43.56829499014251], [1.557544567635893, 43.56804737752823], [1.557448756186604, 43.567920119544], [1.557276452678217, 43.567881834572894], [1.557075335572384, 43.568005147367636], [1.556843593840972, 43.56836202531348], [1.557216564950384, 43.56829499014251]], [[1.557142784744614, 43.56827601190083], [1.557118492820045, 43.568257691225014], [1.557143236936683, 43.56825802002443], [1.557142784744614, 43.56827601190083]]], [[[1.557813136121309, 43.56819492796237], [1.558114132247742, 43.56803694437656], [1.557915276143845, 43.568070299347454], [1.557788392028027, 43.56819459931562], [1.557467170931018, 43.568172334518046], [1.557388417543038, 43.56835126709805], [1.557540499043868, 43.5682093044152], [1.557813136121309, 43.56819492796237]]], [[[1.566366072626792, 43.56865014771702], [1.566392164855456, 43.56859649865162], [1.566217157249796, 43.568666179363184], [1.566366072626792, 43.56865014771702]]], [[[1.562445657881912, 43.56903026522642], [1.562343075416331, 43.56917289009491], [1.562492894234329, 43.56912087993631], [1.562445657881912, 43.56903026522642]]], [[[1.561454526370904, 43.56907113288462], [1.561525604072517, 43.56919805964126], [1.561650228384883, 43.56916371474888], [1.561578699642159, 43.56905477998148], [1.561454526370904, 43.56907113288462]]], [[[1.561294336090187, 43.56953695547066], [1.561145867945, 43.569534988262916], [1.561243043038416, 43.56960826739666], [1.561294336090187, 43.56953695547066]]], [[[1.561491391954073, 43.56957556191992], [1.561538176423264, 43.5696841689917], [1.561662801783278, 43.56964982407324], [1.561616017106325, 43.56954121705773], [1.561491391954073, 43.56957556191992]]], [[[1.561364963134322, 43.569681874284974], [1.561242592120482, 43.56962625930705], [1.561361356083962, 43.569825809585886], [1.561459884501018, 43.56984511279817], [1.561486432700164, 43.569773472953464], [1.561364963134322, 43.569681874284974]], [[1.561290728871871, 43.56968089075466], [1.561315924521265, 43.56966322669234], [1.561315473625739, 43.56968121860374], [1.561290728871871, 43.56968089075466]]], [[[1.561482375103354, 43.56993540018289], [1.561479670026098, 43.570043351679246], [1.561604296200778, 43.57000900681931], [1.561607001042087, 43.56990105532245], [1.561482375103354, 43.56993540018289]], [[1.561530963172663, 43.569972039619834], [1.561555257230573, 43.56999035933049], [1.561530512342098, 43.56999003153599], [1.561530963172663, 43.569972039619834]]], [[[1.558056288527008, 43.57033990653881], [1.559004728715008, 43.57002853450203], [1.559280534816561, 43.56988821100991], [1.558659655467712, 43.56996996101634], [1.5582088255174, 43.57017995081875], [1.558056288527008, 43.57033990653881]]], [[[1.553028184409813, 43.574394553185954], [1.553173036967341, 43.57454046699923], [1.553572159357631, 43.57441979794382], [1.553395758195452, 43.57454343409478], [1.553595092700097, 43.57449209530959], [1.553567172384466, 43.57461770928274], [1.553814640772713, 43.574621005129515], [1.554589041638613, 43.5743433475712], [1.554841038516746, 43.5741667216698], [1.554912560843572, 43.5742756612627], [1.554813574055117, 43.574274343992634], [1.554113415642609, 43.57455299162914], [1.554187202913875, 43.574571972011974], [1.554812668115693, 43.57431032787714], [1.554960695469494, 43.574330295692945], [1.554843756271466, 43.57405877002905], [1.555110534434108, 43.574278295532174], [1.555017435408838, 43.57404308320386], [1.555212238303363, 43.57417166087312], [1.555094392481823, 43.57393611938754], [1.555171349268041, 43.57382915552465], [1.555489884601114, 43.57395937884227], [1.555544810584371, 43.573744133902885], [1.555641532946518, 43.57383541020313], [1.555570462512787, 43.573708479185456], [1.555620860851229, 43.5736731536104], [1.555813853233097, 43.57387369792716], [1.555912839353692, 43.573875014285186], [1.55577341348354, 43.573513200939644], [1.555918723412755, 43.573641119063105], [1.555897145356874, 43.57351484641874], [1.556117147417187, 43.5736257595579], [1.556122125513581, 43.573427848238666], [1.556243142124485, 43.573537444948904], [1.556172975802659, 43.57337453047798], [1.556293992398247, 43.57348412712751], [1.556248119778877, 43.57333953363608], [1.556419081603987, 43.57343179619798], [1.556494225505135, 43.57339679918441], [1.556137964682859, 43.5727981305847], [1.556711647947804, 43.57262577740308], [1.556975260628963, 43.5729712416364], [1.557146674754598, 43.57304551109351], [1.557100800338141, 43.572900918006425], [1.557447246012926, 43.57290552075639], [1.557427473425444, 43.572707280745476], [1.557548491009341, 43.572816875946195], [1.557479678227347, 43.57259998660289], [1.557650639829346, 43.57269224717858], [1.557558437159074, 43.57242105342664], [1.557458097129538, 43.572473714360235], [1.557409057400826, 43.572455064967166], [1.557608833144112, 43.57238572696077], [1.557801828142367, 43.57258626756502], [1.557706912644729, 43.57242302554278], [1.557757308540137, 43.57238769900797], [1.558000699954326, 43.572552912696835], [1.557908495854243, 43.5722817192684], [1.558078553335144, 43.5724099630127], [1.557984541261527, 43.572210737393135], [1.558133468130652, 43.57219471699653], [1.55823561457381, 43.57207008773274], [1.558356180514562, 43.572197673914964], [1.55833640503234, 43.57199943416729], [1.558555050658363, 43.572164318040684], [1.558461489141487, 43.5719471009395], [1.558657647879373, 43.57202169645307], [1.558610415193638, 43.571931079891804], [1.558885779725155, 43.571808749142974], [1.558907363713079, 43.5719350210434], [1.559031092274878, 43.57193666295028], [1.55933165313298, 43.57179666750612], [1.559357753364982, 43.57174302001334], [1.560982456598302, 43.571116637576885], [1.560984260641251, 43.571044669866154], [1.561057594687426, 43.57108163746244], [1.561107987343617, 43.57104630940586], [1.561110693166997, 43.57093835784327], [1.56150120774932, 43.57115950656658], [1.561382440540849, 43.570959956255116], [1.561507519608641, 43.570907619557005], [1.561537224086379, 43.57071003616477], [1.561735636457072, 43.57069466642597], [1.561787831377674, 43.57058737036318], [1.561986693949674, 43.57055400824249], [1.562041141644571, 43.57035675245177], [1.562240904491982, 43.57028740602627], [1.562317843072823, 43.570180437371874], [1.562415020754541, 43.5702537154899], [1.562566644358439, 43.57012973750175], [1.562814544346594, 43.570115020909306], [1.562887427977047, 43.57016997916977], [1.56303859998114, 43.57006399245266], [1.563015656515967, 43.5699916973045], [1.563163675587263, 43.57001165387984], [1.563412475394508, 43.5699609520779], [1.56353890103739, 43.56985463730848], [1.563686019628565, 43.56991057701671], [1.563511004733067, 43.56998025343106], [1.563559594134929, 43.57001689196152], [1.563907823267235, 43.56994950639471], [1.563934818536506, 43.569859874021645], [1.564057192656094, 43.56991548597498], [1.564034247967655, 43.56984319104949], [1.564209261810336, 43.56977351379857], [1.564112982689704, 43.5696642534644], [1.564186766983187, 43.56968322698884], [1.564263701128985, 43.56957625700101], [1.564412619411895, 43.569560228023384], [1.564385175095984, 43.569667852420395], [1.564557488703963, 43.569706126160014], [1.564534993355607, 43.56961583942665], [1.56463577175333, 43.56954518013615], [1.564538592436528, 43.56947190404153], [1.564663665385372, 43.56941956376278], [1.564615975502555, 43.56934694189911], [1.56469110906056, 43.569311939314005], [1.564617325077561, 43.56929296613713], [1.564692008729875, 43.569275955472705], [1.564744196835803, 43.56916865809526], [1.565092419433005, 43.56910126876986], [1.565094218260869, 43.569029301092094], [1.565143707250614, 43.56902995505104], [1.565343911361774, 43.568942611063754], [1.565369555059453, 43.56890695415149], [1.565468982423438, 43.56889026987684], [1.565495525178619, 43.56881862909987], [1.565568859286083, 43.56885559359247], [1.565894581889852, 43.568697915243575], [1.566067792391042, 43.568700202724074], [1.565792907557702, 43.568804559498176], [1.565841047949843, 43.568859188897434], [1.566191514186056, 43.56870183646959], [1.566093435530889, 43.568664545646925], [1.566218505303522, 43.568612203606946], [1.565945418914287, 43.56864459308357], [1.565922921799278, 43.56855430670457], [1.566174858400023, 43.56837765522038], [1.566175307762544, 43.5683596633052], [1.565952160432346, 43.56837471434348], [1.565979151769696, 43.568285081560774], [1.566077229702418, 43.56832237247677], [1.566030437756829, 43.56821376746378], [1.566177105209811, 43.56828769564675], [1.56613121185313, 43.568143106854635], [1.566354358236232, 43.56812805545087], [1.56625762845889, 43.56803678905514], [1.56630981251264, 43.56792949101813], [1.566234681750544, 43.56796449468938], [1.566361097771439, 43.5678581767827], [1.56631295772379, 43.56780354765211], [1.566362894970127, 43.56778620914635], [1.566459175222985, 43.567895467342645], [1.566533407265376, 43.56789644733877], [1.566316552233924, 43.56765961239011], [1.566343991969581, 43.56755198765583], [1.566051110164071, 43.567386139719915], [1.565420809812881, 43.56685587688741], [1.56522196204501, 43.5668892452103], [1.565195419840422, 43.56696088582391], [1.564998370459882, 43.56692228616618], [1.564974976055818, 43.56686798348184], [1.56485170801251, 43.56684835646175], [1.564905242856551, 43.56668708352197], [1.564414422340132, 43.56651861487094], [1.563424686217576, 43.56650552478366], [1.563250131649113, 43.56655720873087], [1.563097168013854, 43.5667351630089], [1.562750308695406, 43.566748570182284], [1.562127215143658, 43.56692029924502], [1.561526156648107, 43.56720030383636], [1.559954668522224, 43.56768341396774], [1.559877728884771, 43.56779038076153], [1.559706326915683, 43.56771611588705], [1.559055308662714, 43.56801344240521], [1.558583365335116, 43.568079170049565], [1.557881040959553, 43.568447800191294], [1.557408188495538, 43.568549506514024], [1.55420422529155, 43.56996472407106], [1.55327189009, 43.57061822971419], [1.55272704410481, 43.57062896729418], [1.552433732257123, 43.5704810741641], [1.552059833756537, 43.57058407677879], [1.551830319829377, 43.570850985226734], [1.551971075892858, 43.57115882728844], [1.552070511048927, 43.57114215525491], [1.552214899206363, 43.571306061908764], [1.552216714245635, 43.57123409433461], [1.552388117028653, 43.571308371212226], [1.55231614946073, 43.57121742207529], [1.552341802265277, 43.57118176818327], [1.552486644972391, 43.57132768258545], [1.552515473382894, 43.57116608539052], [1.552614908393441, 43.57114941285847], [1.552591523979971, 43.57109510734685], [1.55268869079495, 43.57116839421437], [1.552665759921537, 43.57109609682458], [1.552814685383127, 43.57108008373404], [1.552792207963437, 43.57098979448277], [1.552936597798068, 43.571153700159684], [1.553534112822517, 43.571017677499775], [1.553656932640983, 43.57105530932044], [1.553780659156505, 43.571056957207965], [1.55365149294253, 43.57127121209889], [1.553742768744119, 43.57157839275725], [1.553514618738074, 43.5717913292293], [1.553561389922721, 43.57189993990468], [1.55408784664189, 43.57163698193182], [1.55397046384709, 43.571383447739684], [1.55400608608505, 43.57095197166414], [1.554189271966326, 43.57055845641327], [1.554312997426388, 43.57056010369374], [1.554614921585995, 43.57036614576388], [1.554688250664098, 43.5704031176435], [1.554988814083111, 43.57026313436806], [1.555093681009967, 43.570030556885804], [1.555490504397466, 43.569999840605064], [1.555592652672744, 43.56987521401784], [1.55589230593191, 43.569771212070606], [1.556046205079333, 43.56955728378843], [1.556366076036213, 43.569633528480566], [1.556494323626735, 43.56945525438263], [1.556865493094302, 43.56946018791916], [1.557146728084321, 43.56910396725639], [1.557268641857557, 43.5691775787175], [1.557467050074788, 43.569162216793785], [1.557494959205074, 43.56903660229578], [1.557645686139346, 43.568948615055994], [1.558187352166802, 43.56906379604187], [1.558239552235779, 43.56895650180655], [1.558189611518657, 43.56897383659091], [1.558140574541711, 43.56895518757365], [1.558291752109657, 43.568849207554166], [1.55827152616176, 43.56866896014364], [1.558615235990766, 43.568781510475425], [1.558759636894923, 43.56894540815756], [1.558859517905342, 43.56891073804254], [1.558811835786795, 43.56883811365605], [1.558963463432665, 43.56871414082107], [1.558865389451523, 43.56867684347026], [1.558991820686459, 43.56857053408975], [1.559383665484212, 43.568737714391034], [1.559582523046611, 43.56870435671578], [1.559613587268275, 43.56845279848566], [1.55998384791628, 43.568493705139424], [1.560084629945194, 43.56842305012773], [1.560136374631634, 43.56833374691803], [1.560017618012026, 43.56813419550731], [1.560386072192933, 43.5682470683312], [1.561016400979432, 43.56778747888727], [1.561259782270527, 43.567952684742146], [1.561531966383655, 43.567956290845096], [1.56156437406581, 43.567650756526625], [1.561734425995982, 43.567778994132105], [1.561907182863675, 43.567799280136725], [1.561954417353506, 43.567889895003006], [1.562079939853444, 43.56781956586681], [1.562060153022136, 43.567621327402684], [1.562305789464464, 43.56769657144287], [1.562931116117689, 43.56842476357958], [1.563597394359611, 43.56949545355897], [1.563304960843609, 43.569311606075395], [1.563331056233238, 43.56925795772075], [1.562725955252448, 43.56871001403047], [1.56262247309618, 43.568888622945394], [1.562891959359152, 43.56900017708822], [1.562837065458823, 43.56921542503072], [1.563031419128967, 43.56936198015569], [1.563075504282495, 43.569578538048916], [1.562415506852115, 43.56924584054616], [1.562556315734928, 43.56955366854129], [1.562355654682928, 43.56965899934214], [1.562330008777573, 43.5696946555614], [1.562181990813323, 43.56967469785421], [1.561931839051363, 43.56977937257189], [1.562027212865679, 43.5699246186831], [1.561973666918473, 43.57008589056829], [1.561822943631482, 43.57017388388472], [1.561629041097852, 43.570009334597], [1.561553003112273, 43.570080318915196], [1.561672219882483, 43.570261876997364], [1.561423417234415, 43.57031257482305], [1.561270437931836, 43.57049052699426], [1.560974849747662, 43.570432616548324], [1.560726045743889, 43.57048331278237], [1.56065045712505, 43.57053630457216], [1.560453398529132, 43.570497696571145], [1.560482655260958, 43.57031810543962], [1.560362088541737, 43.570190521785285], [1.560067405399019, 43.570096625055626], [1.559898253011848, 43.56993240081439], [1.559901412397254, 43.569806457458476], [1.559703454007048, 43.56980383193019], [1.557754828149831, 43.57051588212512], [1.557702173721791, 43.57064116815255], [1.557852000575213, 43.57058916434325], [1.557901038854025, 43.57060781351206], [1.557722398576989, 43.57082141591705], [1.557915840684979, 43.57100396418683], [1.558147025381447, 43.57165495920308], [1.557973806282264, 43.571652659084386], [1.557594485155233, 43.571971583937774], [1.557495050166993, 43.571988261038626], [1.557545445811128, 43.57195293461281], [1.557496406498882, 43.57193428526595], [1.557271434277596, 43.57202128620235], [1.557169285828216, 43.57214591455506], [1.556922280208111, 43.57212463443368], [1.556671203439828, 43.57226528106319], [1.556493005858655, 43.57246088976549], [1.556067346999493, 43.572653208056536], [1.55611140841098, 43.572869769272785], [1.555989035691646, 43.57281414825163], [1.555314552588807, 43.573057148541864], [1.555287995169631, 43.57312878704152], [1.554889791236052, 43.573213478435406], [1.55488888536114, 43.57324946229398], [1.554814646596811, 43.57324847433442], [1.554662998016265, 43.573372441768306], [1.554564465831243, 43.57335313234205], [1.554742672752769, 43.57315752668258], [1.554520409884119, 43.573136570425326], [1.554568090143985, 43.5732091969136], [1.554516785456421, 43.57328050584493], [1.554424143563593, 43.57302730124618], [1.554325612051266, 43.57300799160787], [1.554134440461016, 43.57273547708601], [1.554161452298771, 43.572645846969046], [1.554234330858243, 43.5727008111334], [1.554140784814862, 43.572483590229076], [1.554217741430716, 43.572376627150106], [1.554021587249317, 43.57230202359887], [1.554124195978329, 43.572159406280576], [1.554027478852165, 43.57206812873559], [1.55408150214934, 43.57188886863707], [1.554582304789082, 43.57166156258331], [1.55463270193867, 43.57162623751719], [1.554583663851673, 43.57160758685934], [1.553660372588575, 43.57190125831384], [1.553800234498445, 43.57224508205321], [1.553632000353765, 43.57204486398618], [1.553653572875094, 43.572171136951255], [1.553506911629541, 43.57209719165504], [1.553453793101846, 43.572240467671556], [1.553653119558589, 43.57218912886219], [1.553796608321474, 43.57238901735938], [1.553675598801776, 43.572279418010744], [1.553375928435661, 43.572383414023264], [1.55330305110092, 43.57232844929505], [1.553300783960096, 43.57241840885459], [1.553025858120658, 43.5725227335815], [1.552952980944219, 43.572467768613045], [1.552552056163664, 43.57266040287673], [1.552503471549775, 43.57262375935417], [1.552629469616823, 43.57253544899913], [1.552582699677464, 43.5724268378743], [1.552326166130879, 43.57278337744022], [1.551922967717718, 43.5730659690036], [1.551748836770461, 43.57309964278399], [1.551772221203304, 43.573153948552914], [1.551498197064747, 43.57322228563329], [1.550194126270523, 43.573888806362525], [1.550366443083978, 43.57392710273099], [1.550093776920914, 43.57394146054578], [1.549291430198103, 43.574344698823495], [1.549389052970831, 43.574399996888395], [1.549390871650381, 43.57432802920645], [1.549766617526249, 43.574153067832505], [1.550190490948589, 43.57403274171292], [1.550038830311415, 43.57415670275747], [1.550188673280786, 43.57410470939347], [1.550657495860423, 43.574164961413196], [1.549860604261569, 43.574352300834306], [1.550804612943732, 43.57422091873903], [1.550901782768102, 43.57429420736487], [1.550850926768998, 43.57434752269156], [1.55139626243717, 43.57431880256768], [1.550848655705973, 43.57443748232633], [1.551989275515178, 43.57436270738487], [1.55211074002481, 43.57445431683833], [1.552090077685829, 43.574292059503804], [1.552330738369838, 43.57456523771997], [1.552385676777344, 43.57434999428764], [1.552529620215475, 43.57453189282432], [1.552728048205278, 43.57451653950149], [1.553028184409813, 43.574394553185954]], [[1.555120950516054, 43.57386448089495], [1.555072363243522, 43.57382783849086], [1.555097109749226, 43.57382816775776], [1.555120950516054, 43.57386448089495]], [[1.555072363243522, 43.57382783849086], [1.555048069630515, 43.57380951728102], [1.555072816128182, 43.57380984655345], [1.555072363243522, 43.57382783849086]], [[1.555171349268041, 43.57382915552465], [1.555147055622887, 43.573810834336925], [1.555171802121689, 43.57381116358681], [1.555171349268041, 43.57382915552465]], [[1.555519158624092, 43.57377978861512], [1.555494864888831, 43.57376146750581], [1.555519611368349, 43.57376179667644], [1.555519158624092, 43.57377978861512]], [[1.5558889980816, 43.57383870132157], [1.555864704203384, 43.57382038029428], [1.555889450710416, 43.57382070938063], [1.5558889980816, 43.57383870132157]], [[1.555897145356874, 43.57351484641874], [1.555872851613102, 43.573496525397374], [1.555897597980583, 43.5734968544818], [1.555897145356874, 43.57351484641874]], [[1.557427473425444, 43.572707280745476], [1.557403631680264, 43.5726709681439], [1.557428377700666, 43.57267129687934], [1.557427473425444, 43.572707280745476]], [[1.557557532969311, 43.57245703728757], [1.557532334937462, 43.5724747005123], [1.557532787040521, 43.57245670858159], [1.557557532969311, 43.57245703728757]], [[1.558935271039926, 43.57180940593243], [1.558960468348144, 43.571791742390374], [1.558960016697736, 43.57180973431869], [1.558935271039926, 43.57180940593243]], [[1.55933210466682, 43.571778675576425], [1.559307810561579, 43.5717603553456], [1.559332556200378, 43.57176068364696], [1.55933210466682, 43.571778675576425]], [[1.561083242002578, 43.5710459815092], [1.561058947648597, 43.57102766167944], [1.561083692981601, 43.571027989581644], [1.561083242002578, 43.5710459815092]], [[1.562166669431586, 43.5702864230943], [1.562142375053305, 43.57026810351662], [1.562167120065121, 43.570268431171776], [1.562166669431586, 43.5702864230943]], [[1.562814544346594, 43.570115020909306], [1.562840640559646, 43.570061372642456], [1.562839289296266, 43.57011534841128], [1.562814544346594, 43.570115020909306]], [[1.563214066008363, 43.56997632487236], [1.563189771427096, 43.56995800553295], [1.563214516311235, 43.56995833294937], [1.563214066008363, 43.56997632487236]], [[1.56496914655469, 43.56908164185248], [1.564870618268072, 43.569062341834325], [1.565070373194164, 43.56899299026686], [1.56496914655469, 43.56908164185248]], [[1.564870168491201, 43.56908033375292], [1.564844974191128, 43.569097998632635], [1.564845423976033, 43.56908000671393], [1.564870168491201, 43.56908033375292]], [[1.564844974191128, 43.569097998632635], [1.564795035345445, 43.56911533645625], [1.564795485146135, 43.56909734453753], [1.564844974191128, 43.569097998632635]], [[1.564795035345445, 43.56911533645625], [1.5647450964696, 43.569132674257126], [1.564745546286076, 43.569114682338395], [1.564795035345445, 43.56911533645625]], [[1.5647450964696, 43.569132674257126], [1.564719902108078, 43.56915033910848], [1.564720351932588, 43.56913234718962], [1.5647450964696, 43.569132674257126]], [[1.565144156941372, 43.569011963131935], [1.565119862152339, 43.568993644236635], [1.565144606631849, 43.56899397121307], [1.565144156941372, 43.569011963131935]], [[1.56552026958484, 43.56881895599068], [1.565545463554693, 43.56880129095772], [1.565545013991342, 43.56881928287583], [1.56552026958484, 43.56881895599068]], [[1.565744767257172, 43.568749930079626], [1.565720921895066, 43.56871361940431], [1.565770410619842, 43.568714273077504], [1.565744767257172, 43.568749930079626]], [[1.565695278501953, 43.56874927639474], [1.565645340216361, 43.568766614605146], [1.56564578974786, 43.568748622687274], [1.565695278501953, 43.56874927639474]], [[1.565645340216361, 43.568766614605146], [1.565620146292453, 43.568784279660846], [1.565620595831986, 43.56876628774286], [1.565645340216361, 43.568766614605146]], [[1.565770410619842, 43.568714273077504], [1.565820348822139, 43.568696934810205], [1.565819899345746, 43.56871492672814], [1.565770410619842, 43.568714273077504]], [[1.565820348822139, 43.568696934810205], [1.565845542646122, 43.56867926970915], [1.565845093177762, 43.56869726162697], [1.565820348822139, 43.568696934810205]], [[1.565945418914287, 43.56864459308357], [1.565895480795285, 43.56866193140774], [1.565895930247579, 43.568643939490144], [1.565945418914287, 43.56864459308357]], [[1.565895480795285, 43.56866193140774], [1.565870286994275, 43.56867959652017], [1.565870736454602, 43.568661604602454], [1.565895480795285, 43.56866193140774]], [[1.566051137304052, 43.56837602145625], [1.566075432128875, 43.568394340135306], [1.566050687902493, 43.568394013371126], [1.566051137304052, 43.56837602145625]], [[1.565905368680679, 43.56826610927262], [1.565953958159792, 43.56830274668798], [1.565879725601987, 43.56830176629547], [1.565905368680679, 43.56826610927262]], [[1.566104670203433, 43.56821474775321], [1.566129863728353, 43.56819708259213], [1.566129414352864, 43.56821507450507], [1.566104670203433, 43.56821474775321]], [[1.566338151004194, 43.56778588244779], [1.566313856353013, 43.567767563835275], [1.566338600310913, 43.56776789053937], [1.566338151004194, 43.56778588244779]], [[1.566313856353013, 43.567767563835275], [1.566289561717335, 43.56774924521755], [1.566314305667202, 43.56774957192717], [1.566313856353013, 43.567767563835275]], [[1.564925039188985, 43.566885321338255], [1.564949333023757, 43.56690364025019], [1.56492458944622, 43.56690331322974], [1.564925039188985, 43.566885321338255]], [[1.552021020388069, 43.57114149533746], [1.55199672888552, 43.57112317347937], [1.55202147420777, 43.57112350344645], [1.552021020388069, 43.57114149533746]], [[1.552487552322617, 43.57129169879512], [1.552463260607633, 43.57127337703949], [1.552488005997304, 43.5712737069003], [1.552487552322617, 43.57129169879512]], [[1.552792207963437, 43.57098979448277], [1.552767916278968, 43.57097147279911], [1.552792661540265, 43.57097180259045], [1.552792207963437, 43.57098979448277]], [[1.553657385947341, 43.571037317423695], [1.553682584540446, 43.57101965511574], [1.553682131242125, 43.571037647012375], [1.553657385947341, 43.571037317423695]], [[1.554965880674844, 43.570190837509585], [1.554940682840297, 43.570208500105096], [1.554941135737672, 43.57019050821362], [1.554965880674844, 43.570190837509585]], [[1.555042379815645, 43.570101865907475], [1.555018087788798, 43.57008354473848], [1.55504283268031, 43.5700838740169], [1.555042379815645, 43.570101865907475]], [[1.558811384113045, 43.568856105546665], [1.558786188047314, 43.568873769017976], [1.5587866397291, 43.56885577712722], [1.558811384113045, 43.568856105546665]], [[1.558786188047314, 43.568873769017976], [1.558760991966081, 43.568891432483646], [1.558761443655901, 43.56887344059277], [1.558786188047314, 43.568873769017976]], [[1.562749798718931, 43.56874632536333], [1.562724603913055, 43.56876398974701], [1.562725054359802, 43.56874599784128], [1.562749798718931, 43.56874632536333]], [[1.562355204113258, 43.56967699125778], [1.562379498309321, 43.56969531078031], [1.562354753543306, 43.56969498317367], [1.562355204113258, 43.56967699125778]], [[1.562280519246955, 43.56969400031993], [1.562255323880828, 43.569711664606416], [1.56225577448207, 43.56969367269075], [1.562280519246955, 43.56969400031993]], [[1.560999143823014, 43.57045093638928], [1.561023437913871, 43.570469256225046], [1.560998241820761, 43.57048692022943], [1.560999143823014, 43.57045093638928]], [[1.560775084865821, 43.570501960652024], [1.560749888681949, 43.570519624599186], [1.560750339761303, 43.570501632679644], [1.560775084865821, 43.570501960652024]], [[1.560430909324693, 43.57040740893793], [1.560405713076425, 43.5704250728041], [1.560406164262893, 43.57040708088715], [1.560430909324693, 43.57040740893793]], [[1.557446010840943, 43.57196961166855], [1.557470304440618, 43.57198793231851], [1.557445558714526, 43.57198760359278], [1.557446010840943, 43.57196961166855]], [[1.557396067263191, 43.57198694612438], [1.557420360854263, 43.572005266785744], [1.557395615120985, 43.57200493804861], [1.557396067263191, 43.57198694612438]], [[1.556091187892086, 43.57268952095103], [1.556141132475018, 43.57267218708678], [1.556140679934132, 43.57269017901439], [1.556091187892086, 43.57268952095103]], [[1.556141132475018, 43.57267218708678], [1.556166331021564, 43.572654524182404], [1.556165878488714, 43.5726725161099], [1.556141132475018, 43.57267218708678]], [[1.556110050754853, 43.57292374506332], [1.556135249421374, 43.572906082163065], [1.556159090461928, 43.57294239504905], [1.556110050754853, 43.57292374506332]], [[1.554814193635671, 43.57326646626371], [1.554838486944245, 43.573284787518936], [1.554813740674248, 43.57328445819323], [1.554814193635671, 43.57326646626371]], [[1.554142597477164, 43.57241162256372], [1.554118304760143, 43.57239330116396], [1.55414305064203, 43.57239363064794], [1.554142597477164, 43.57241162256372]], [[1.553001112189538, 43.57252240384296], [1.552951166788895, 43.572539736261355], [1.552951620328152, 43.572521744348926], [1.553001112189538, 43.57252240384296]], [[1.552951166788895, 43.572539736261355], [1.552901221358095, 43.572557068657], [1.552901674913141, 43.57253907674457], [1.552951166788895, 43.572539736261355]], [[1.552901221358095, 43.572557068657], [1.552876021849808, 43.57257473080258], [1.552876475412892, 43.57255673889003], [1.552901221358095, 43.572557068657]], [[1.552554820689424, 43.574514230735026], [1.552557089081935, 43.57442427105978], [1.552954851302528, 43.574357580082626], [1.552753702228203, 43.574480885430205], [1.552554820689424, 43.574514230735026]], [[1.553003891209366, 43.57437623151164], [1.552979598024426, 43.57435790983214], [1.553004344746608, 43.57435823957601], [1.553003891209366, 43.57437623151164]], [[1.55221608005026, 43.574203749525786], [1.552241734251369, 43.57416809558321], [1.552240826701604, 43.57420407944358], [1.55221608005026, 43.574203749525786]], [[1.552216987615532, 43.57416776566563], [1.552194509926942, 43.57407747609643], [1.552219256523731, 43.574077806019126], [1.552216987615532, 43.57416776566563]], [[1.554742957899168, 43.57412942045436], [1.554767251550176, 43.57414774173653], [1.554742504908611, 43.57414741239439], [1.554742957899168, 43.57412942045436]], [[1.554767704532981, 43.57412974979639], [1.554792904141845, 43.57411208719276], [1.554792451167077, 43.57413007913278], [1.554767704532981, 43.57412974979639]], [[1.554742957899168, 43.57412942045436], [1.554718664263667, 43.57411109916699], [1.554743410889442, 43.574111428514556], [1.554742957899168, 43.57412942045436]], [[1.55217021712673, 43.5740591542397], [1.552196778866796, 43.57398751645606], [1.552194963715482, 43.574059484167925], [1.55217021712673, 43.5740591542397]], [[1.553085841099934, 43.57407135782871], [1.55306154801785, 43.57405303617142], [1.553086294609085, 43.57405336589653], [1.553085841099934, 43.57407135782871]], [[1.553210934509445, 43.57401903057288], [1.553186641409581, 43.574000708944226], [1.553211387978979, 43.57400103864085], [1.553210934509445, 43.57401903057288]], [[1.553286534580574, 43.57396604383282], [1.55331082769765, 43.573984365438676], [1.553286081134868, 43.57398403576471], [1.553286534580574, 43.57396604383282]], [[1.553311281135603, 43.57396637350665], [1.553361227668678, 43.57394904090543], [1.553360774246514, 43.57396703283744], [1.553311281135603, 43.57396637350665]], [[1.550539668740164, 43.573929414986914], [1.550465883500767, 43.573910432134504], [1.550540123046153, 43.573911423067166], [1.550539668740164, 43.573929414986914]], [[1.550688147885142, 43.57393139670067], [1.550589616077835, 43.57391208366075], [1.550688602144615, 43.57391340478027], [1.550688147885142, 43.57393139670067]], [[1.550787133987489, 43.57393271773041], [1.550738095179713, 43.57391406530621], [1.55078758821595, 43.57391472580958], [1.550787133987489, 43.57393271773041]], [[1.550960813851749, 43.57391703739377], [1.550837535465997, 43.57389739436958], [1.550961268025655, 43.573899045472416], [1.550960813851749, 43.57391703739377]], [[1.551208279069943, 43.57392033917763], [1.551010761051511, 43.573899705874084], [1.551208733166321, 43.573902347255206], [1.551208279069943, 43.57392033917763]], [[1.551407159333418, 43.57388699635238], [1.551233025593328, 43.573920669325005], [1.551233933770294, 43.57388468548015], [1.551407159333418, 43.57388699635238]], [[1.551430997790653, 43.573923310301005], [1.551506145375749, 43.57388831672674], [1.551505237369346, 43.57392430057396], [1.551430997790653, 43.573923310301005]], [[1.551579476950599, 43.57392529079618], [1.551530437891737, 43.57390663872985], [1.551579930930685, 43.57390729887214], [1.551579476950599, 43.57392529079618]], [[1.551852596559763, 43.5738929373266], [1.551752702650151, 43.573927601117354], [1.551604677450586, 43.57390762893483], [1.55167982490929, 43.57387263524079], [1.551852596559763, 43.5738929373266]], [[1.551876889188274, 43.57391125925226], [1.552498274509894, 43.57381155587292], [1.552223340540572, 43.573915878669524], [1.551876889188274, 43.57391125925226]], [[1.552498728201133, 43.573793563946474], [1.552698514532365, 43.57372423490802], [1.552700782668497, 43.57363427527925], [1.552605879942942, 43.57347102868008], [1.552388153871006, 43.573270148840834], [1.552367037447219, 43.57312588361022], [1.552561377626307, 43.57327245787112], [1.552493036826141, 43.57303757338259], [1.553414992147981, 43.572797887371756], [1.553458136896836, 43.57305043352741], [1.553232247270276, 43.5731734100089], [1.553202059468204, 43.5733889833917], [1.552876275392732, 43.57354662418453], [1.552728250784611, 43.573526653538686], [1.552726889932161, 43.57358062931158], [1.552873553962668, 43.57365457573756], [1.552975260881965, 43.57354794321962], [1.553248831363127, 43.5734975943226], [1.553297870630868, 43.57351624560772], [1.552896939685454, 43.57370888128526], [1.552498728201133, 43.573793563946474]], [[1.552604972632438, 43.57350701252605], [1.552579318952327, 43.57354266653798], [1.552580226279474, 43.57350668269136], [1.552604972632438, 43.57350701252605]], [[1.552367037447219, 43.57312588361022], [1.552342744994607, 43.57310756180419], [1.552367491174168, 43.573107891692885], [1.552367037447219, 43.57312588361022]], [[1.555147508484004, 43.57379284239942], [1.555123214861824, 43.57377452120685], [1.555147961344837, 43.57377485046215], [1.555147508484004, 43.57379284239942]], [[1.553788718346889, 43.573684765323854], [1.553764425204078, 43.57366644382872], [1.553789171632708, 43.573666773393605], [1.553788718346889, 43.573684765323854]], [[1.554828068931453, 43.57369860196206], [1.554854174236541, 43.57364495548064], [1.554852815380048, 43.57369893128458], [1.554828068931453, 43.57369860196206]], [[1.554829427811204, 43.57364462615841], [1.554805587320071, 43.5736083129628], [1.554830333729619, 43.57360864229045], [1.554829427811204, 43.57364462615841]], [[1.554805587320071, 43.5736083129628], [1.554781746859098, 43.57357199976287], [1.554806493252856, 43.57357232909595], [1.554805587320071, 43.5736083129628]], [[1.554686838319257, 43.57340875498925], [1.554707960676506, 43.57355301979719], [1.554613052377851, 43.57338977496124], [1.554686838319257, 43.57340875498925]], [[1.553323523852921, 43.57348059142668], [1.553347816776381, 43.573498913018085], [1.553323070422641, 43.57349858335267], [1.553323523852921, 43.57348059142668]], [[1.553348270198908, 43.573480921092], [1.55337346995967, 43.57346325882569], [1.553373016545179, 43.57348125075166], [1.553348270198908, 43.573480921092]], [[1.553398669704926, 43.57344559655375], [1.553472908699781, 43.57344658548135], [1.553397762891735, 43.57348158040569], [1.553398669704926, 43.57344559655375]], [[1.553473362082692, 43.57342859355541], [1.553498561782001, 43.573410931260725], [1.553498108407126, 43.57342892318656], [1.553473362082692, 43.57342859355541]], [[1.554560841500328, 43.57349706778481], [1.554586040895125, 43.57347940523696], [1.554585587860519, 43.57349739716821], [1.554560841500328, 43.57349706778481]], [[1.554561294542687, 43.5734790758537], [1.554537001240359, 43.57346075453399], [1.554561747584761, 43.573461083922794], [1.554561294542687, 43.5734790758537]], [[1.555337940377212, 43.573111453541344], [1.555385621650427, 43.57318407966943], [1.555577253397237, 43.57343860013913], [1.55543103920483, 43.57334666544235], [1.555337940377212, 43.573111453541344]], [[1.553622746705496, 43.57339458740521], [1.553598453738441, 43.57337626587665], [1.553623200041038, 43.573376595479274], [1.553622746705496, 43.57339458740521]], [[1.553648399671424, 43.573358933150466], [1.553672692647084, 43.57337725466764], [1.553647946343919, 43.57337692507628], [1.553648399671424, 43.573358933150466]], [[1.553673145966836, 43.573359262741725], [1.553723091862476, 43.5733419299814], [1.553722638558513, 43.573359921907304], [1.553673145966836, 43.573359262741725]], [[1.554273400983759, 43.57311528426472], [1.554515426291349, 43.573334481630965], [1.554489320810898, 43.57338812801935], [1.554271135332364, 43.57320524389382], [1.554273400983759, 43.57311528426472]], [[1.553847729837424, 43.573307593943944], [1.55382343683538, 43.5732892724668], [1.553848183101771, 43.57328960201814], [1.553847729837424, 43.573307593943944]], [[1.553897675635404, 43.57329026110395], [1.553873382624755, 43.573271939638204], [1.553898128883961, 43.57327226917817], [1.553897675635404, 43.57329026110395]], [[1.556248572291211, 43.57332154169989], [1.556224278517088, 43.57330322075961], [1.556249024803261, 43.57330354976393], [1.556248572291211, 43.57332154169989]], [[1.554047966049581, 43.57322027052169], [1.554124017473127, 43.573149291303274], [1.554198256097312, 43.57315027973485], [1.554197349789953, 43.573186263586095], [1.554047966049581, 43.57322027052169]], [[1.555734332257911, 43.57309872823311], [1.55580766554718, 43.5731356994273], [1.555733426914155, 43.57313471209586], [1.555734332257911, 43.57309872823311]], [[1.554058389598534, 43.572806456291275], [1.554276119756061, 43.57300733271722], [1.554274307242329, 43.573079300414676], [1.554058389598534, 43.572806456291275]], [[1.555387885554633, 43.57309412001841], [1.555363592151412, 43.57307579888852], [1.555388338334622, 43.57307612808889], [1.555387885554633, 43.57309412001841]], [[1.556031286619268, 43.57310267725184], [1.556007445592991, 43.573066364333776], [1.556032191775826, 43.57306669338745], [1.556031286619268, 43.57310267725184]], [[1.556254907434103, 43.57306965461671], [1.556230613764548, 43.573051333681065], [1.556255359942183, 43.57305166268387], [1.556254907434103, 43.57306965461671]], [[1.556182931532642, 43.5729787079307], [1.55615863792454, 43.57296038698011], [1.556183384062561, 43.572960715999315], [1.556182931532642, 43.5729787079307]], [[1.557150744800144, 43.572883583675335], [1.557175943128857, 43.572865920534134], [1.557175490910744, 43.57288391246846], [1.557150744800144, 43.572883583675335]], [[1.55715119702601, 43.57286559174111], [1.557127355389833, 43.572829279074874], [1.557152101476891, 43.5728296078733], [1.55715119702601, 43.57286559174111]], [[1.557127355389833, 43.572829279074874], [1.557103061543579, 43.57281095833744], [1.557127807622601, 43.57281128714141], [1.557127355389833, 43.572829279074874]], [[1.557203402488198, 43.572758297719496], [1.557299221467992, 43.57288555634948], [1.557130521013256, 43.57270333554538], [1.557203402488198, 43.572758297719496]], [[1.554034549943158, 43.5727701429476], [1.554012069943309, 43.57267985384249], [1.554059295986994, 43.57277047245074], [1.554034549943158, 43.5727701429476]], [[1.557103513783816, 43.572792966404315], [1.557079219960536, 43.57277464566203], [1.55710396602377, 43.572774974471415], [1.557103513783816, 43.572792966404315]], [[1.556164520888462, 43.57272649189371], [1.556239664021627, 43.57269149507346], [1.556238759001024, 43.57272747893018], [1.556164520888462, 43.57272649189371]], [[1.554111053964172, 43.5726811718416], [1.554136253139224, 43.57266350940815], [1.554135799970098, 43.572681501327274], [1.554111053964172, 43.5726811718416]], [[1.554111507141051, 43.572663179922564], [1.554087214327509, 43.57264485851267], [1.554111960317645, 43.57264518800376], [1.554111507141051, 43.572663179922564]], [[1.552701439333321, 43.57262639801196], [1.552725731696809, 43.572644719731606], [1.552700985714833, 43.57264438992466], [1.552701439333321, 43.57262639801196]], [[1.552726185307544, 43.57262672781882], [1.552801330406022, 43.572591733380015], [1.552800876819112, 43.57260972529267], [1.552726185307544, 43.57262672781882]], [[1.553915805356122, 43.5725705842475], [1.553964390826452, 43.57260722713691], [1.553963484381085, 43.57264321097256], [1.553913992404504, 43.57264255191705], [1.553915805356122, 43.5725705842475]], [[1.553915805356122, 43.5725705842475], [1.553891512644214, 43.57255226279501], [1.553916258593316, 43.57255259233067], [1.553915805356122, 43.5725705842475]], [[1.556363846608491, 43.57267514809184], [1.556314807063179, 43.572656498202065], [1.55636429907932, 43.5726571561635], [1.556363846608491, 43.57267514809184]], [[1.556863290132363, 43.572501807173126], [1.556389497550609, 43.57263949320755], [1.557014027132288, 43.57241382059749], [1.556863290132363, 43.572501807173126]], [[1.557014027132288, 43.57241382059749], [1.557039225296879, 43.57239615749376], [1.55703877303962, 43.57241414942166], [1.557014027132288, 43.57241382059749]], [[1.552850822326016, 43.57259239294254], [1.55282652994475, 43.57257407125154], [1.552851275897137, 43.572574401029875], [1.552850822326016, 43.57259239294254]], [[1.55738069426921, 43.57259867167407], [1.557355043960913, 43.57263432679149], [1.557331202291842, 43.572598014175824], [1.55738069426921, 43.57259867167407]], [[1.557331202291842, 43.572598014175824], [1.557307360652931, 43.572561701555884], [1.557332106625685, 43.572562030313236], [1.557331202291842, 43.572598014175824]], [[1.556712100309248, 43.57260778547389], [1.556737298651863, 43.57259012243782], [1.556761592287948, 43.57260844325425], [1.556712100309248, 43.57260778547389]], [[1.55386812645179, 43.57249795750519], [1.553843833785829, 43.57247963604296], [1.553868579703353, 43.572479965589466], [1.55386812645179, 43.57249795750519]], [[1.55730781282718, 43.57254370962504], [1.557258773087498, 43.572525060163194], [1.557308265001145, 43.5725257176944], [1.55730781282718, 43.57254370962504]], [[1.55384428704486, 43.572461644127564], [1.553819994401873, 43.57244332266047], [1.553844740303608, 43.57244365221241], [1.55384428704486, 43.572461644127564]], [[1.553820447668089, 43.57242533074563], [1.553796155048074, 43.572407009273654], [1.55382090093402, 43.57240733883103], [1.553820447668089, 43.57242533074563]], [[1.557089621579546, 43.57236083126944], [1.557263294966612, 43.572345140871334], [1.557063971196742, 43.57239648631219], [1.557089621579546, 43.57236083126944]], [[1.557288945202685, 43.572309485782796], [1.557338889093368, 43.572292151372324], [1.55733843693084, 43.57231014330015], [1.557288945202685, 43.572309485782796]], [[1.557410413824591, 43.572401089178015], [1.557486460005807, 43.5723301076456], [1.557510301661823, 43.57236642022038], [1.557410413824591, 43.572401089178015]], [[1.557510753770934, 43.572348428291136], [1.557585895588615, 43.572313430548654], [1.557585443503327, 43.57233142247776], [1.557510753770934, 43.572348428291136]], [[1.557708268787704, 43.57236904975112], [1.557683974950821, 43.5723507291495], [1.557708720834795, 43.57235105782099], [1.557708268787704, 43.57236904975112]], [[1.557364539258819, 43.57225649626723], [1.557413578803455, 43.57227514567784], [1.55736408710461, 43.572274488194736], [1.557364539258819, 43.57225649626723]], [[1.557414030942159, 43.57225715375013], [1.557463974749549, 43.57223981928277], [1.557463522626633, 43.57225781121045], [1.557414030942159, 43.57225715375013]], [[1.557513466419651, 43.572240476720324], [1.557489624813935, 43.57220416414944], [1.557539116453594, 43.572204821575305], [1.557513466419651, 43.572240476720324]], [[1.55761380599076, 43.57218781574412], [1.557589512260711, 43.5721694951237], [1.557614258066027, 43.57216982381669], [1.55761380599076, 43.57218781574412]], [[1.557639455938859, 43.57215216057671], [1.557663749677511, 43.57217048118575], [1.557639003871627, 43.57217015250404], [1.557639455938859, 43.57215216057671]], [[1.557713693334102, 43.572153146604585], [1.557689851638008, 43.57211683407984], [1.557739343204677, 43.57211749141443], [1.557713693334102, 43.572153146604585]], [[1.557739343204677, 43.57211749141443], [1.557789286792346, 43.572100156799166], [1.557788834772479, 43.57211814872646], [1.557739343204677, 43.57211749141443]], [[1.557789286792346, 43.572100156799166], [1.557814484580752, 43.57208249351942], [1.55781403256892, 43.57210048544661], [1.557789286792346, 43.572100156799166]], [[1.557814484580752, 43.57208249351942], [1.557864428115288, 43.572065158870004], [1.557863976119244, 43.572083150797205], [1.557814484580752, 43.57208249351942]], [[1.557864428115288, 43.572065158870004], [1.557889625865215, 43.57204749557328], [1.557889173877207, 43.57206548750032], [1.557864428115288, 43.572065158870004]], [[1.557985897138472, 43.572156761605996], [1.557961603302825, 43.5721384410692], [1.557986349096887, 43.57213876967737], [1.557985897138472, 43.572156761605996]], [[1.558061490350235, 43.57210377161095], [1.558085784203086, 43.572122092124964], [1.558061038415645, 43.572121763539435], [1.558061490350235, 43.57210377161095]], [[1.558086236129925, 43.57210410019639], [1.558111433828701, 43.5720864368477], [1.558110981909898, 43.57210442877616], [1.558086236129925, 43.57210410019639]], [[1.558112337665458, 43.572050452991434], [1.558263071566062, 43.571962464709856], [1.558312563006218, 43.57196312178314], [1.558160925373992, 43.57208709399014], [1.558112337665458, 43.572050452991434]], [[1.558312563006218, 43.57196312178314], [1.558337760573486, 43.57194545838369], [1.558337308726721, 43.57196345031134], [1.558312563006218, 43.57196312178314]], [[1.558089851534438, 43.57196016477576], [1.558114145335571, 43.57197848528159], [1.558089399609865, 43.571978156702556], [1.558089851534438, 43.57196016477576]], [[1.558114597252392, 43.57196049335469], [1.558139794879414, 43.5719428300012], [1.558139342970629, 43.57196082192797], [1.558114597252392, 43.57196049335469]], [[1.558612222235633, 43.57185911217968], [1.558586121254201, 43.57191275949759], [1.558562730881709, 43.571858455243], [1.558612222235633, 43.57185911217968]], [[1.558636516160698, 43.57187743256736], [1.558661713590689, 43.5718597690938], [1.55866126184612, 43.57187776102172], [1.558636516160698, 43.57187743256736]], [[1.558661713590689, 43.5718597690938], [1.558686911005176, 43.57184210561462], [1.558686459268642, 43.57186009754241], [1.558661713590689, 43.5718597690938]], [[1.558686911005176, 43.57184210561462], [1.558737305787635, 43.571806778639335], [1.558761148017477, 43.57184309092628], [1.558686911005176, 43.57184210561462]], [[1.558289624733381, 43.57189082554097], [1.558265330913344, 43.5718725050755], [1.558290076594519, 43.57187283361443], [1.558289624733381, 43.57189082554097]], [[1.558389511151894, 43.571856155787], [1.558365217314653, 43.571837835344326], [1.558389962981456, 43.5718381638605], [1.558389511151894, 43.571856155787]], [[1.55900995964911, 43.571792399145785], [1.558985665640859, 43.57177407884271], [1.55901041128373, 43.57177440721749], [1.55900995964911, 43.571792399145785]], [[1.558589735393413, 43.57176882407954], [1.558565441529234, 43.57175050368279], [1.55859018715954, 43.571750832153306], [1.558589735393413, 43.57176882407954]], [[1.558765213424226, 43.57168116358327], [1.558740919541145, 43.57166284322689], [1.558765665134672, 43.5716631716574], [1.558765213424226, 43.57168116358327]], [[1.558865099190764, 43.571646493396976], [1.558840805290479, 43.57162817306338], [1.558865550869634, 43.57162850147112], [1.558865099190764, 43.571646493396976]], [[1.559509387504038, 43.57161904616502], [1.559485093409773, 43.57160072597589], [1.559509838980782, 43.57160105423684], [1.559509387504038, 43.57161904616502]], [[1.558965888130968, 43.57157583926818], [1.558990182049022, 43.571594159573145], [1.558965436483956, 43.5715938311938], [1.558965888130968, 43.57157583926818]], [[1.558990633688281, 43.571576167647414], [1.559040576427229, 43.57155883246325], [1.559040124803757, 43.57157682438898], [1.558990633688281, 43.571576167647414]], [[1.559040576427229, 43.57155883246325], [1.559065773593076, 43.57154116889987], [1.559065321977639, 43.571559160825444], [1.559040576427229, 43.57155883246325]], [[1.559065773593076, 43.57154116889987], [1.559090970743418, 43.571523505330845], [1.559090519136016, 43.571541497256334], [1.559065773593076, 43.57154116889987]], [[1.559266447259096, 43.57143584403967], [1.559315486720547, 43.571454492580806], [1.559265995707376, 43.57145383596478], [1.559266447259096, 43.57143584403967]], [[1.559365429255561, 43.5714371572487], [1.559341586812099, 43.571400845104705], [1.559391077780454, 43.571401501686246], [1.559365429255561, 43.5714371572487]], [[1.55946531423511, 43.571402486516256], [1.559441020246548, 43.57138416632004], [1.559566102008294, 43.57133183184247], [1.55946531423511, 43.571402486516256]], [[1.559615592919726, 43.57133248832165], [1.559591750361506, 43.57129617623523], [1.559641241242495, 43.571296832702714], [1.559615592919726, 43.57133248832165]], [[1.559690732124615, 43.571297489147646], [1.559666889533406, 43.571261177078604], [1.559716380385084, 43.57126183351182], [1.559690732124615, 43.571297489147646]], [[1.559716380385084, 43.57126183351182], [1.559766322631456, 43.571244497997725], [1.559765871237893, 43.57126248992251], [1.559716380385084, 43.57126183351182]], [[1.559861242036286, 43.57140773808603], [1.559885536168916, 43.57142605818856], [1.559860790671186, 43.57142573001325], [1.559861242036286, 43.57140773808603]], [[1.559885987526264, 43.571408066261206], [1.559911184365839, 43.57139040250354], [1.559910733016526, 43.571408394430755], [1.559885987526264, 43.571408066261206]], [[1.552463714289787, 43.57125538514497], [1.552439422597776, 43.57123706338445], [1.552464167971657, 43.571237393250705], [1.552463714289787, 43.57125538514497]], [[1.552439876287113, 43.57121907149052], [1.552415584618073, 43.57120074972513], [1.552440329976167, 43.5712010795968], [1.552439876287113, 43.57121907149052]], [[1.551997636539575, 43.571087189698275], [1.551973798901535, 43.57105087594577], [1.551998544192492, 43.57105120591807], [1.551997636539575, 43.571087189698275]], [[1.559892306499437, 43.571156179301944], [1.559990836705677, 43.57117548386494], [1.559866658395427, 43.57119183497667], [1.559892306499437, 43.571156179301944]], [[1.56006597547633, 43.57114048443514], [1.560041681406964, 43.571122164376625], [1.560116820076839, 43.57108716491296], [1.56006597547633, 43.57114048443514]], [[1.560116820076839, 43.57108716491296], [1.560142016704559, 43.57106950110566], [1.560141565430107, 43.571087493029836], [1.560116820076839, 43.57108716491296]], [[1.552666213538831, 43.57107810493146], [1.552641921857205, 43.571059783218516], [1.552666667155841, 43.57106011303857], [1.552666213538831, 43.57107810493146]], [[1.560191507396438, 43.57107015732229], [1.560167213316773, 43.57105183729276], [1.560191958655103, 43.57105216539815], [1.560191507396438, 43.57107015732229]], [[1.560217155244344, 43.57103450157386], [1.560241449332609, 43.57105282159199], [1.560216703993714, 43.5710524934979], [1.560217155244344, 43.57103450157386]], [[1.56029139123862, 43.57103548583896], [1.560267548376315, 43.57099917390841], [1.560317039009005, 43.570999830067784], [1.56029139123862, 43.57103548583896]], [[1.560366529642827, 43.571000486204625], [1.560342686747533, 43.57096417429147], [1.560392177350912, 43.570964830416585], [1.560366529642827, 43.571000486204625]], [[1.560392177350912, 43.570964830416585], [1.560442119134869, 43.570947494595295], [1.560441667955422, 43.57096548651916], [1.560392177350912, 43.570964830416585]], [[1.560442119134869, 43.570947494595295], [1.560467315601208, 43.57092983071424], [1.560466864429797, 43.570947822638], [1.560442119134869, 43.570947494595295]], [[1.560641434852796, 43.57089614300636], [1.560517708487373, 43.570894502935296], [1.560642337085111, 43.57086015915891], [1.560641434852796, 43.57089614300636]], [[1.560642788200844, 43.57084216723551], [1.560968535603575, 43.570684503443516], [1.561042771158172, 43.57068548719474], [1.560766514457054, 43.570843807164024], [1.560642788200844, 43.57084216723551]], [[1.561189438502729, 43.570759422241224], [1.56116514423612, 43.570741102438916], [1.56118988944622, 43.570741430316836], [1.561189438502729, 43.570759422241224]], [[1.561165595187081, 43.57072311051484], [1.561141300943445, 43.57070479070764], [1.561166046137759, 43.570705118591], [1.561165595187081, 43.57072311051484]], [[1.561239830794974, 43.5707240941314], [1.56114310477434, 43.570632823014925], [1.561217791198865, 43.57061581472388], [1.561239830794974, 43.5707240941314]], [[1.56114265381704, 43.57065081493778], [1.561117006715314, 43.570686470895225], [1.561117908646265, 43.5706504870491], [1.56114265381704, 43.57065081493778]], [[1.561217791198865, 43.57061581472388], [1.561267732429925, 43.570598478527124], [1.561267281511951, 43.570616470450055], [1.561217791198865, 43.57061581472388]], [[1.561267732429925, 43.570598478527124], [1.561292928489079, 43.570580814458836], [1.56129247757914, 43.570598806381646], [1.561267732429925, 43.570598478527124]], [[1.561293379398736, 43.57056282253625], [1.561618221816944, 43.57044114066766], [1.561671318305053, 43.57029786083835], [1.561868377034051, 43.570336466624056], [1.561442301069797, 43.57054679762072], [1.561293379398736, 43.57056282253625]], [[1.561868377034051, 43.570336466624056], [1.561918317825667, 43.57031913013151], [1.561917867113766, 43.57033712205362], [1.561868377034051, 43.570336466624056]], [[1.561967807891008, 43.57031978553831], [1.561943964265648, 43.57028347399393], [1.561993454300546, 43.570284129389044], [1.561967807891008, 43.57031978553831]], [[1.561993454300546, 43.570284129389044], [1.562018649998465, 43.57026646515626], [1.562018199318419, 43.57028445707813], [1.561993454300546, 43.570284129389044]], [[1.558723049010537, 43.570402752115726], [1.559046541136276, 43.570335053678875], [1.559191398746786, 43.57048095905229], [1.559341223833171, 43.57042895319425], [1.559488791280262, 43.570466906697476], [1.558988921753209, 43.57065825135829], [1.558791863856103, 43.57061964033909], [1.558695593626447, 43.570510375137886], [1.558723049010537, 43.570402752115726]], [[1.561662753263104, 43.57063970737244], [1.561713145159024, 43.57060437904592], [1.561711792822864, 43.570658354821134], [1.561662753263104, 43.57063970737244]], [[1.554413790061221, 43.57048945384315], [1.554364753016299, 43.57047080310124], [1.554414243125929, 43.57047146195034], [1.554413790061221, 43.57048945384315]], [[1.557978437897805, 43.570482856000744], [1.557927591846565, 43.57053617449931], [1.557878101640884, 43.570535517251244], [1.557978437897805, 43.570482856000744]], [[1.559461788784505, 43.57055653800313], [1.559437495155026, 43.57053821781691], [1.55946224026781, 43.57053854608845], [1.559461788784505, 43.57055653800313]], [[1.560897457293283, 43.57055757619069], [1.5608484180841, 43.57053892837557], [1.56089790832669, 43.57053958427004], [1.560897457293283, 43.57055757619069]], [[1.559415459029441, 43.57042993805769], [1.559391165468315, 43.570411617862725], [1.55941591052627, 43.57041194614478], [1.559415459029441, 43.57042993805769]], [[1.554889381296946, 43.570279809063344], [1.554865089243632, 43.57026148785787], [1.55488983421096, 43.57026181717119], [1.554889381296946, 43.570279809063344]], [[1.562442919589671, 43.57012809962491], [1.562369135300776, 43.570109124909784], [1.562443370135392, 43.570110107703236], [1.562442919589671, 43.57012809962491]], [[1.562939169878298, 43.57008067451581], [1.562890130413326, 43.570062027628836], [1.562939620268135, 43.57006268259266], [1.562939169878298, 43.57008067451581]], [[1.562718267307506, 43.57000575931265], [1.562693972871983, 43.56998743986195], [1.56271871776598, 43.56998776739136], [1.562718267307506, 43.57000575931265]], [[1.56388802939052, 43.569751267969075], [1.563735509361901, 43.569911231617766], [1.563686469783023, 43.56989258509262], [1.563688720551085, 43.56980262547545], [1.56388802939052, 43.569751267969075]], [[1.56314343393466, 43.56983140723085], [1.563119139437253, 43.5698130878775], [1.563143884258531, 43.56981341530999], [1.56314343393466, 43.56983140723085]], [[1.563243313839044, 43.56979673306251], [1.563219469624208, 43.56976042181143], [1.563268959222792, 43.56976107662504], [1.563243313839044, 43.56979673306251]], [[1.563268959222792, 43.56976107662504], [1.563294154298738, 43.569743412102795], [1.563293704022508, 43.569761404023396], [1.563268959222792, 43.56976107662504]], [[1.562600849737166, 43.56975223473849], [1.562577005947138, 43.56971592334748], [1.562601750723446, 43.56971625090348], [1.562600849737166, 43.56975223473849]], [[1.563170880656449, 43.56972378313535], [1.56314703651772, 43.569687471870225], [1.563171781285017, 43.56968779929635], [1.563170880656449, 43.56972378313535]], [[1.563569498357788, 43.56962106966511], [1.563618537666763, 43.56963971623956], [1.563569048168803, 43.56963906158531], [1.563569498357788, 43.56962106966511]], [[1.563618987840245, 43.56962172431914], [1.563644182747345, 43.56960405971737], [1.563643732581897, 43.56962205163769], [1.563618987840245, 43.56962172431914]], [[1.563644182747345, 43.56960405971737], [1.563694122365653, 43.56958672241707], [1.563693672215991, 43.56960471433738], [1.563644182747345, 43.56960405971737]], [[1.563694122365653, 43.56958672241707], [1.563719317234276, 43.56956905779832], [1.563718867092648, 43.56958704971849], [1.563694122365653, 43.56958672241707]], [[1.564487303472512, 43.569543217496566], [1.564463008668258, 43.56952489844752], [1.56448775337299, 43.56952522557375], [1.564487303472512, 43.569543217496566]], [[1.564536792898323, 43.56954387173231], [1.564512498078002, 43.56952555269432], [1.564537242783297, 43.569525879809284], [1.564536792898323, 43.56954387173231]], [[1.564168772235061, 43.569413020969215], [1.564144477587535, 43.569394701850584], [1.564169222234338, 43.56939502904933], [1.564168772235061, 43.569413020969215]], [[1.564294745311832, 43.5693246972793], [1.564343784603204, 43.5693433435224], [1.564294295352443, 43.5693426891988], [1.564294745311832, 43.5693246972793]], [[1.564344234547091, 43.569325351602686], [1.564369429100995, 43.569307686836325], [1.564368979165143, 43.56932567875593], [1.564344234547091, 43.569325351602686]], [[1.564591230873931, 43.569346614802136], [1.564566936119711, 43.56932829577888], [1.5645916807403, 43.56932862288137], [1.564591230873931, 43.569346614802136]], [[1.564418918322442, 43.56930834112568], [1.564467957640171, 43.5693269873125], [1.564418468402093, 43.56932633304549], [1.564418918322442, 43.56930834112568]], [[1.564468407545016, 43.56930899539246], [1.564493602053539, 43.569291330597494], [1.564493152156727, 43.56930932251742], [1.564468407545016, 43.56930899539246]], [[1.564567835867106, 43.56929231193819], [1.564543541143328, 43.569273992910375], [1.564643419232425, 43.56923931746785], [1.564642519533231, 43.569275301307805], [1.564567835867106, 43.56929231193819]], [[1.56387768757688, 43.56917519928644], [1.563902882208438, 43.569157534630165], [1.563902432127559, 43.56917552654595], [1.56387768757688, 43.56917519928644]], [[1.563878137665509, 43.56915720737076], [1.56385429331478, 43.56912089627528], [1.563879037841923, 43.5691212235401], [1.563878137665509, 43.56915720737076]], [[1.563855193505568, 43.569084912445696], [1.563805254372379, 43.56910224981402], [1.563806154593609, 43.56906626598533], [1.563855193505568, 43.569084912445696]], [[1.563807504923339, 43.569012290243975], [1.563782310326173, 43.56902995487633], [1.563662189133914, 43.56888438308863], [1.563807504923339, 43.569012290243975]], [[1.563662189133914, 43.56888438308863], [1.563638345033063, 43.56884807195263], [1.563663089441393, 43.5688483992666], [1.563662189133914, 43.56888438308863]], [[1.563638345033063, 43.56884807195263], [1.563614500962372, 43.56881176081231], [1.563639245354916, 43.5688120881317], [1.563638345033063, 43.56884807195263]], [[1.563614500962372, 43.56881176081231], [1.563590206746117, 43.56879344157736], [1.563614951130627, 43.56879376890229], [1.563614500962372, 43.56881176081231]], [[1.563590206746117, 43.56879344157736], [1.563566362728558, 43.568757130427855], [1.563591107097283, 43.568757457758224], [1.563590206746117, 43.56879344157736]], [[1.5635672630941, 43.5687211466098], [1.563517324190369, 43.56873848384132], [1.563518224586352, 43.56870250002416], [1.5635672630941, 43.5687211466098]], [[1.563493480241728, 43.5687021726772], [1.563252340745015, 43.56844701221901], [1.563158317207979, 43.568247791629], [1.563232099365673, 43.56826676578332], [1.563493480241728, 43.5687021726772]], [[1.563158317207979, 43.568247791629], [1.563134023375911, 43.568229472299215], [1.563158767514765, 43.568229799727966], [1.563158317207979, 43.568247791629]], [[1.563159217821268, 43.56821180782714], [1.563012554448115, 43.568137875572255], [1.562991413216624, 43.567993612924845], [1.563160568739085, 43.56815783212602], [1.563159217821268, 43.56821180782714]], [[1.562966669180514, 43.56799328545805], [1.562773221157651, 43.56781074656857], [1.562751179788066, 43.567702467692335], [1.562968470638201, 43.56792131787116], [1.562966669180514, 43.56799328545805]], [[1.562966669180514, 43.56799328545805], [1.562941474771807, 43.56801094988275], [1.562941925144686, 43.56799295798557], [1.562966669180514, 43.56799328545805]], [[1.562752080647964, 43.56766648390754], [1.562653105074602, 43.56766517378858], [1.562679200325011, 43.567611525652225], [1.562752080647964, 43.56766648390754]], [[1.562726435878799, 43.56770214017084], [1.56270124152394, 43.56771980453623], [1.562701691969815, 43.5677018126437], [1.562726435878799, 43.56770214017084]], [[1.562679200325011, 43.567611525652225], [1.562655357374433, 43.567575214332635], [1.562680101228594, 43.56757554187031], [1.562679200325011, 43.567611525652225]], [[1.562655357374433, 43.567575214332635], [1.562631063987425, 43.567556894898935], [1.562655807833553, 43.567557222442126], [1.562655357374433, 43.567575214332635]], [[1.562631063987425, 43.567556894898935], [1.562607221089976, 43.56752058357019], [1.562631964920319, 43.5675209111188], [1.562631063987425, 43.567556894898935]], [[1.562607221089976, 43.56752058357019], [1.562583378222686, 43.56748427223712], [1.562608122037243, 43.56748459979114], [1.562607221089976, 43.56752058357019]], [[1.562583378222686, 43.56748427223712], [1.562559084897122, 43.567465952788474], [1.562583828703647, 43.567466280348036], [1.562583378222686, 43.56748427223712]], [[1.562559084897122, 43.567465952788474], [1.562535242082961, 43.56742964144621], [1.5625599858737, 43.56742996901122], [1.562559084897122, 43.567465952788474]], [[1.562535242082961, 43.56742964144621], [1.562511399298957, 43.567393330099634], [1.562536143073912, 43.56739365767005], [1.562535242082961, 43.56742964144621]], [[1.562511399298957, 43.567393330099634], [1.562487106034838, 43.56737501063607], [1.56251184980176, 43.56737533821201], [1.562511399298957, 43.567393330099634]], [[1.562487106034838, 43.56737501063607], [1.562463263303963, 43.56733869928031], [1.562488007055099, 43.56733902686169], [1.562487106034838, 43.56737501063607]], [[1.562463263303963, 43.56733869928031], [1.562438970078318, 43.56732037980666], [1.562463713821421, 43.56732070739356], [1.562463263303963, 43.56733869928031]], [[1.558163059575606, 43.56904547558966], [1.558138766999913, 43.56902715513223], [1.558163511454012, 43.56902748369933], [1.558163059575606, 43.56904547558966]], [[1.565145506011956, 43.56895798737601], [1.565169800794083, 43.56897630626512], [1.565145056322043, 43.568975979294436], [1.565145506011956, 43.56895798737601]], [[1.565170250476245, 43.568958314346595], [1.565195444614943, 43.56894064939313], [1.565194994940815, 43.56895864131153], [1.565170250476245, 43.568958314346595]], [[1.565244933529426, 43.56894130330588], [1.565220638738138, 43.568922984434046], [1.565245383187769, 43.568923311387486], [1.565244933529426, 43.56894130330588]], [[1.56527057728799, 43.56890564641702], [1.565294872087876, 43.56892396527748], [1.565270127637681, 43.568923638335306], [1.56527057728799, 43.56890564641702]], [[1.565295321730433, 43.5689059733591], [1.565345260242937, 43.56888863530794], [1.565344810616164, 43.568906627226326], [1.565295321730433, 43.5689059733591]], [[1.565345260242937, 43.56888863530794], [1.56539519872528, 43.56887129723407], [1.565394749114292, 43.568889289152416], [1.565345260242937, 43.56888863530794]], [[1.565855430878778, 43.56828344757378], [1.565831136171073, 43.56826512884692], [1.56585588034066, 43.56826545566112], [1.565855430878778, 43.56828344757378]], [[1.565955755882731, 43.56823077903604], [1.565931461165302, 43.56821246033228], [1.565956205312761, 43.56821278712362], [1.565955755882731, 43.56823077903604]], [[1.565881972871228, 43.568211806732705], [1.565857678185368, 43.5681934880127], [1.565882422324231, 43.568193814820845], [1.565881972871228, 43.568211806732705]], [[1.559901570168025, 43.56782669269638], [1.559877277553274, 43.56780837264342], [1.559902021492054, 43.567808700814126], [1.559901570168025, 43.56782669269638]], [[1.566236479111017, 43.567892527049786], [1.566212184447149, 43.567874208413166], [1.566236928450431, 43.56787453514045], [1.566236479111017, 43.567892527049786]], [[1.566138851178988, 43.56783724438031], [1.566114556569662, 43.56781892572256], [1.566139300548563, 43.56781925247208], [1.566138851178988, 43.56783724438031]], [[1.56626346977783, 43.567802894226574], [1.566239175143278, 43.56778457559714], [1.566263919108084, 43.567784902318245], [1.56626346977783, 43.567802894226574]], [[1.562200094060859, 43.56697525784425], [1.562175801072956, 43.56695693831637], [1.562200544657931, 43.56695726596317], [1.562200094060859, 43.56697525784425]]]]}}, {"type": "Feature", "properties": {"classe": 4, "classeLabel": "> 2 m", "classeColor": "#08306b"}, "geometry": {"type": "MultiPolygon", "coordinates": [[[[1.513300818800917, 43.57612570629267], [1.513242470054152, 43.57646687274354], [1.513413838012607, 43.57654121139463], [1.513489012190055, 43.57650624406566], [1.513473117698546, 43.576164061251994], [1.513300818800917, 43.57612570629267]]], [[[1.510900346291833, 43.577046721256714], [1.510825169829865, 43.57708168680708], [1.511018950587302, 43.57724632758074], [1.511070312843543, 43.57717503901159], [1.510900346291833, 43.577046721256714]]], [[[1.512136329351952, 43.577117656359086], [1.512062552722436, 43.57709864737632], [1.512008859727699, 43.57725989539929], [1.512132598403144, 43.57726159074223], [1.512136329351952, 43.577117656359086]]], [[[1.512796591921152, 43.57743266938321], [1.512282950113986, 43.57719165777169], [1.512207307958284, 43.57724461608134], [1.512796591921152, 43.57743266938321]]], [[[1.512277820553419, 43.5773895675693], [1.511934150093995, 43.57727686992385], [1.51232591720702, 43.57744422100559], [1.512277820553419, 43.5773895675693]]], [[[1.50664831612609, 43.578716163927794], [1.508174331611436, 43.578107199139296], [1.508572638342397, 43.578022678755254], [1.509349640025826, 43.577655384210324], [1.510862986934733, 43.57657825609528], [1.51315564470389, 43.576951634813646], [1.514084410136877, 43.577414301109606], [1.514546237577088, 43.577744586315255], [1.515085107349201, 43.57796793388041], [1.517705615333813, 43.57811172168116], [1.519215716277686, 43.57811432422708], [1.519416486011358, 43.57800907253293], [1.517188228520004, 43.57801466780342], [1.517240513351112, 43.57790739262105], [1.517191946841677, 43.57787073317155], [1.517163945228848, 43.5779963380682], [1.517014527049363, 43.578030294175335], [1.516398614973955, 43.577913892899915], [1.515210709284767, 43.57789765843798], [1.514402406455515, 43.57756263705177], [1.513476897689718, 43.576974030815144], [1.512888082335387, 43.57676798946832], [1.511998104350657, 43.57671980247051], [1.511900980098934, 43.576646478923195], [1.510815825952342, 43.57648761847675], [1.508875223640785, 43.57781085522325], [1.507426743068792, 43.578294907596664], [1.506750585929194, 43.578591582549144], [1.50664831612609, 43.578716163927794]]], [[[1.513622176999123, 43.57805591041916], [1.513207984109393, 43.57779826608119], [1.51232591720702, 43.57744422100559], [1.513622176999123, 43.57805591041916]]], [[[1.519860560014591, 43.57806912025465], [1.523030174812792, 43.57804028025112], [1.52308244875012, 43.57793300225494], [1.522117736718088, 43.57790188028876], [1.52204210269999, 43.57795484547347], [1.519713927243797, 43.57799512902658], [1.519860560014591, 43.57806912025465]]], [[[1.510759810705466, 43.57864663409618], [1.510425007091171, 43.57819208725014], [1.510432944561666, 43.57788622662989], [1.510588435419652, 43.57761838620559], [1.510866730125671, 43.57738822598211], [1.51111654141598, 43.57730166015236], [1.51188558750672, 43.57724020811779], [1.5114658093786, 43.577198458829145], [1.510993269411344, 43.57728197185754], [1.510615517541032, 43.57752876662835], [1.510435746001646, 43.57777827583816], [1.509824520936244, 43.5774819193503], [1.510410064225593, 43.57781391999022], [1.510376911620773, 43.57813743294369], [1.510469367460686, 43.57839067597633], [1.510758877082321, 43.578682617717064], [1.510929781680121, 43.57877495221367], [1.511053056869032, 43.57879464060097], [1.510759810705466, 43.57864663409618]]], [[[1.5111329023881, 43.57857975673035], [1.511337888226611, 43.57831259365779], [1.510919502929509, 43.57821686680364], [1.510896621848794, 43.57814456024984], [1.511102073930685, 43.57785940590208], [1.511471427447798, 43.57793646182512], [1.51157275229519, 43.577847859579876], [1.511894476128207, 43.57785226847193], [1.512001397153676, 43.57754776419954], [1.511781931813604, 43.57741876961089], [1.511261761402491, 43.5774296383415], [1.510758402966734, 43.577746704499575], [1.510697703331526, 43.57817782898654], [1.510840123900735, 43.57841375865546], [1.5111329023881, 43.57857975673035]]], [[[1.514192780270232, 43.578009723927124], [1.514238084968167, 43.57817232745019], [1.514242742126322, 43.57799240926926], [1.514192780270232, 43.578009723927124]]], [[[1.515023509028657, 43.57843504450232], [1.51497633995181, 43.57834440857348], [1.514383779788868, 43.57828230972175], [1.514311863697929, 43.57819133496938], [1.514187191487351, 43.57822562574695], [1.514872226357508, 43.5785409649796], [1.51516920602092, 43.578545025740375], [1.515290620607601, 43.57863667662922], [1.515738417159881, 43.57855280659554], [1.516677458424902, 43.57861963089074], [1.515985900311901, 43.57855618864562], [1.515840666943846, 43.57842821667285], [1.515739812908958, 43.57849883110536], [1.515617467322951, 43.57844316438397], [1.515023509028657, 43.57843504450232]], [[1.51554275721642, 43.57846014140468], [1.515517543625322, 43.578477794952505], [1.515518008943924, 43.578459803124105], [1.51554275721642, 43.57846014140468]], [[1.515468512399808, 43.578459126546015], [1.515443298786324, 43.57847678007658], [1.515443764128187, 43.578458788248525], [1.515468512399808, 43.578459126546015]]], [[[1.51345411807718, 43.578809534429546], [1.513789357474764, 43.57829217491329], [1.513912166787046, 43.57832985186815], [1.513962129006393, 43.5783125373355], [1.513938778243505, 43.578258223236794], [1.513814571515787, 43.578274521768925], [1.513842114751625, 43.57816690952893], [1.513744985696232, 43.57809358755684], [1.513695489488786, 43.57809291017096], [1.513671673173802, 43.57805658783843], [1.513622176999123, 43.57805591041916], [1.513792618479813, 43.578166232187264], [1.513790289191953, 43.578256191276175], [1.51345411807718, 43.578809534429546]]], [[[1.514721874267076, 43.5786109016], [1.514256313147275, 43.578424551514686], [1.5145967357815, 43.57866318468497], [1.514721874267076, 43.5786109016]]], [[[1.532870213158965, 43.579523516510015], [1.533274470230032, 43.57920501059237], [1.534095772427835, 43.57903611820919], [1.534747504227366, 43.57872094713959], [1.53564212243143, 43.578589028624535], [1.535222776324403, 43.578529379202244], [1.534625139739365, 43.578665301821765], [1.534147567108714, 43.57894682672774], [1.533301517681515, 43.579115385263385], [1.532922929928414, 43.579398241754014], [1.532674062307094, 43.57944887403375], [1.532308811179632, 43.57920996294251], [1.531863794933038, 43.57918594988263], [1.530934397073138, 43.57874142695985], [1.53021530901182, 43.57878569191976], [1.529846385710145, 43.57869070780153], [1.529228135425525, 43.578664338682735], [1.529008627111735, 43.57853537880557], [1.528663072161323, 43.578494701549374], [1.527347254748406, 43.57863885027151], [1.527026448752036, 43.578598503390836], [1.525931512721724, 43.578817623224616], [1.525387046061027, 43.578810231823816], [1.524244915535848, 43.57893870322266], [1.523999280905863, 43.57886337251006], [1.523660669071256, 43.57855280131898], [1.523668998832882, 43.57822894779877], [1.523501777881004, 43.57799269852365], [1.523355140612337, 43.57791871221533], [1.52320572629751, 43.577952676837626], [1.523202485956142, 43.57807861982668], [1.523517732657845, 43.57833488030197], [1.52370229897267, 43.57885933589191], [1.524144070942864, 43.579009325483575], [1.524688076882951, 43.57903471499068], [1.525755500638289, 43.57892322297403], [1.526154711110945, 43.57880265431476], [1.528834004993643, 43.578587007859646], [1.529250578786332, 43.57875463328936], [1.529647015396005, 43.578742003146765], [1.530262502511071, 43.57887632125672], [1.531029707339454, 43.57888670118865], [1.531910991363949, 43.57927657852852], [1.532355088236593, 43.57933657521804], [1.532597056069688, 43.579555822369095], [1.532870213158965, 43.579523516510015]]], [[[1.523482339503093, 43.57874835669587], [1.523414574015555, 43.57849546116767], [1.523174034476387, 43.5782222181486], [1.522805126448093, 43.57812721015163], [1.52250768528233, 43.57814116212451], [1.522639503323797, 43.57879088908592], [1.522886524896114, 43.57881224727629], [1.522825915220819, 43.579243378855296], [1.522936021831913, 43.57881292047409], [1.523482339503093, 43.57874835669587]]], [[[1.514571521810296, 43.578680838015686], [1.514567796865796, 43.5788247726388], [1.514641576543276, 43.57884377994262], [1.514695263624256, 43.57868253044075], [1.514571521810296, 43.578680838015686]]], [[[1.523775156250826, 43.578914320729325], [1.523699522428035, 43.57896728710543], [1.523772842576314, 43.57900428007835], [1.523775156250826, 43.578914320729325]]], [[[1.514611240841516, 43.579059343423346], [1.514944143774512, 43.578631939383044], [1.514820402062268, 43.57863024724156], [1.514611240841516, 43.579059343423346]]], [[[1.516633646303408, 43.57935695829687], [1.51693620888803, 43.579145112112606], [1.51678957713818, 43.57907111688129], [1.516394065530047, 43.57904771641896], [1.51642020918253, 43.57899407898256], [1.516171793881392, 43.57902668159693], [1.516125552769186, 43.57890006245629], [1.515656262530166, 43.578857653013884], [1.515979387867047, 43.57880807430845], [1.515832758211465, 43.57873407780276], [1.515066954571582, 43.57866961504107], [1.515114589506049, 43.57874225912083], [1.514963771688648, 43.578830187916935], [1.515233677369672, 43.578923869244875], [1.514951203212769, 43.579315967422914], [1.515939753390999, 43.57938347494571], [1.516633646303408, 43.57935695829687]], [[1.515802892273889, 43.5789316497642], [1.515828105976578, 43.57891399614458], [1.515827640751485, 43.57893198797997], [1.515802892273889, 43.5789316497642]], [[1.515753860567925, 43.578912981480656], [1.515779074277493, 43.57889532787263], [1.515778609037185, 43.57891331970759], [1.515753860567925, 43.578912981480656]], [[1.515112262266477, 43.57883221827407], [1.515037551504198, 43.578849194951864], [1.515038482448009, 43.57881321129011], [1.515112262266477, 43.57883221827407]]], [[[1.523820026083861, 43.57909491222805], [1.523772379840542, 43.579022271948816], [1.523468917467288, 43.579270120901455], [1.523642620931972, 43.57925448419392], [1.523820026083861, 43.57909491222805]]], [[[1.527091738825476, 43.57991325379341], [1.526638134920826, 43.5792591674584], [1.52639711492478, 43.57900392331488], [1.527091738825476, 43.57991325379341]]], [[[1.504938249432176, 43.57973653414176], [1.505414566371065, 43.5795091129237], [1.505768541833104, 43.57922601180759], [1.505892752903405, 43.57920972246583], [1.505919843106367, 43.57912010396048], [1.506319096597254, 43.57899960819309], [1.506622163469808, 43.57876979900136], [1.506448925003093, 43.57876741669029], [1.504815443001272, 43.579698847003655], [1.504938249432176, 43.57973653414176]]], [[[1.516730316239691, 43.57944826959581], [1.515790330876796, 43.57941742940148], [1.515788935152885, 43.579471404926785], [1.516778418857261, 43.57950292113853], [1.516730316239691, 43.57944826959581]]], [[[1.519352288299087, 43.57953804227451], [1.518212916692696, 43.579558499155], [1.519351360047625, 43.579574025991306], [1.519352288299087, 43.57953804227451]]], [[[1.518088708365255, 43.57957480258955], [1.518015855695799, 43.57951981391271], [1.517817401146354, 43.579535103867656], [1.517865504871643, 43.57958975493222], [1.518088708365255, 43.57957480258955]]], [[[1.519376572941171, 43.579556371540086], [1.519449891055916, 43.57959336744626], [1.519647881338797, 43.57959606636801], [1.519376572941171, 43.579556371540086]]], [[[1.519796374063175, 43.579598090322484], [1.521449908843142, 43.579800596050305], [1.521548904386614, 43.57980194373364], [1.52160210953951, 43.57965868258006], [1.521603499801999, 43.5796047069732], [1.519796374063175, 43.579598090322484]]], [[[1.508006591847594, 43.5807506350851], [1.507839895755256, 43.580496369466346], [1.507490601208151, 43.58059955936595], [1.507729204932792, 43.58094480486538], [1.50792907019269, 43.58087555784915], [1.508006591847594, 43.5807506350851]]], [[[1.545692354458107, 43.57570040504257], [1.54546734959153, 43.575787381753884], [1.545665783808877, 43.57577204132056], [1.545692354458107, 43.57570040504257]]], [[[1.544542575867661, 43.576134952323756], [1.545390828035349, 43.57587634696289], [1.545442146378265, 43.57580504221424], [1.544542575867661, 43.576134952323756]]], [[[1.540851551687316, 43.5762294062308], [1.540676032404187, 43.576317038057795], [1.540901046605561, 43.57623007124062], [1.540851551687316, 43.5762294062308]]], [[[1.540251207075203, 43.57647331105112], [1.540500512585199, 43.5764046696065], [1.540526175045787, 43.57636901837704], [1.540251207075203, 43.57647331105112]]], [[[1.543166398198141, 43.57671043533446], [1.544165888454106, 43.5763458797114], [1.544442217408373, 43.57618760136732], [1.543168224751869, 43.576638467641246], [1.542915724393663, 43.57683305868458], [1.542989054196849, 43.576870038629856], [1.543166398198141, 43.57671043533446]]], [[[1.539926742898379, 43.576576937605175], [1.539751221140977, 43.57666456795883], [1.539976238105542, 43.5765776030366], [1.539926742898379, 43.576576937605175]]], [[[1.539601819794221, 43.57669855510591], [1.539226484155792, 43.57685548971215], [1.539651315102474, 43.57669922068545], [1.539601819794221, 43.57669855510591]]], [[[1.539126577468276, 43.57689014196071], [1.538877268207192, 43.57695878027479], [1.538851604458947, 43.57699443112924], [1.539126577468276, 43.57689014196071]]], [[[1.542510166976353, 43.577205575738894], [1.542913897517198, 43.57690502638331], [1.542587608415872, 43.57708062862494], [1.542510166976353, 43.577205575738894]]], [[[1.538226495470779, 43.57723799191845], [1.537877733697657, 43.57732328738404], [1.53785206916572, 43.57735893801136], [1.538226495470779, 43.57723799191845]]], [[[1.541510194073111, 43.57758810827069], [1.542206338168784, 43.577471468652156], [1.542510166976353, 43.577205575738894], [1.542133008101554, 43.57743448816298], [1.54158718106521, 43.57748115376313], [1.541235679302894, 43.57767441159654], [1.541259055653636, 43.57772871980147], [1.541510194073111, 43.57758810827069]]], [[[1.537601381178266, 43.57748154915113], [1.537727871178759, 43.57737526387865], [1.537527137240214, 43.577480549371536], [1.537601381178266, 43.57748154915113]]], [[[1.537526678827513, 43.5774985412813], [1.537452893304749, 43.57747954954121], [1.537102294729135, 43.57763681017446], [1.537176538861881, 43.57763781024456], [1.537526678827513, 43.5774985412813]]], [[[1.536753070205628, 43.57774009396332], [1.537076629575464, 43.57767246062631], [1.537102294729135, 43.57763681017446], [1.536753070205628, 43.57774009396332]]], [[[1.536727404788904, 43.5777757443352], [1.53642813379454, 43.577861702067935], [1.536402468121653, 43.577897352366016], [1.536727404788904, 43.5777757443352]]], [[[1.535850665785445, 43.578177884010444], [1.536376802416889, 43.577933002658966], [1.536402468121653, 43.577897352366016], [1.535779174773082, 43.57806893157197], [1.535992271921522, 43.57844976451575], [1.535850665785445, 43.578177884010444]]], [[[1.534513800272963, 43.57817785056903], [1.534909772502137, 43.57818319312852], [1.534910231740491, 43.57816520122127], [1.534712704978819, 43.57814453821667], [1.534513800272963, 43.57817785056903]]], [[[1.533819929889383, 43.57820448142192], [1.534092160870908, 43.578208156325836], [1.534093079860236, 43.578172172517846], [1.533994546359291, 43.578152844365725], [1.533819929889383, 43.57820448142192]]], [[[1.540080793651764, 43.57830682351817], [1.540204535405082, 43.57830848688093], [1.540280610685257, 43.57823751710629], [1.540206823301602, 43.578218527227314], [1.540080793651764, 43.57830682351817]]], [[[1.534513800272963, 43.57817785056903], [1.5341664056901, 43.57820915845393], [1.534513340910259, 43.57819584247475], [1.534513800272963, 43.57817785056903]]], [[[1.533276847282107, 43.578143153866314], [1.533126058862071, 43.5782311078426], [1.533745225478639, 43.57822147095979], [1.533324964557738, 43.57819779803039], [1.533276847282107, 43.578143153866314]]], [[[1.540030839318002, 43.57832415006422], [1.539855770067395, 43.57839378876155], [1.539878687722349, 43.578466089222374], [1.540030839318002, 43.57832415006422]]], [[[1.53957941784791, 43.57855205567922], [1.53960233521799, 43.57862435620629], [1.539854396996071, 43.57844776455517], [1.539805357884088, 43.57842910713613], [1.53957941784791, 43.57855205567922]]], [[[1.539178863606548, 43.578726649452996], [1.539402973853401, 43.57867566945641], [1.539155488817415, 43.578672340762694], [1.539178863606548, 43.578726649452996]]], [[[1.536579352551356, 43.5787276485235], [1.535837815252922, 43.57868165761358], [1.536626556050129, 43.57881827509135], [1.536579352551356, 43.5787276485235]]], [[[1.538306709067397, 43.57894888985806], [1.538781055114044, 43.57879329017871], [1.538183882425516, 43.578911240471406], [1.536825003105861, 43.578802950778226], [1.536922162836988, 43.57887625214389], [1.537588082500446, 43.57897521170375], [1.538306709067397, 43.57894888985806]]], [[[1.534474294027945, 43.57972515527725], [1.534695197127005, 43.579800128433746], [1.534697493716843, 43.57971016880317], [1.534279518744643, 43.579596539919244], [1.534003604896569, 43.57973680085787], [1.533975179614754, 43.57988040217323], [1.534022839480849, 43.57995303801953], [1.5342717080982, 43.5799024026317], [1.534344576823605, 43.57995738041869], [1.534474294027945, 43.57972515527725]]], [[[1.531874996342658, 43.5903629821705], [1.531539496776813, 43.589926488775504], [1.531823648127789, 43.59043428122752], [1.531874996342658, 43.5903629821705]]], [[[1.532975105899184, 43.59091779326246], [1.532485092129466, 43.59071319336125], [1.53253275910538, 43.590785830406595], [1.532975105899184, 43.59091779326246]]], [[[1.553427614764749, 43.57033233747009], [1.553883448907918, 43.56992445676055], [1.55440852685787, 43.56971547323724], [1.554435083795537, 43.569643835123046], [1.554109324356856, 43.56980147920314], [1.553861423492683, 43.56981617592098], [1.553758818298737, 43.56995879275806], [1.553533848154893, 43.57004578583215], [1.553303436409381, 43.570348681067614], [1.553153606063766, 43.57040067859288], [1.552610576638287, 43.57033944804196], [1.552461199365241, 43.57037345272755], [1.553003321940187, 43.57047066779999], [1.553427614764749, 43.57033233747009]]], [[[1.552363580480181, 43.570318157579216], [1.55228979927881, 43.57029917601369], [1.552065733175073, 43.570350182302064], [1.552013520301355, 43.57045747367376], [1.552363580480181, 43.570318157579216]]], [[[1.551892755140634, 43.57131976436203], [1.551634173962821, 43.57077637744285], [1.551963576398923, 43.57047480561303], [1.551565385969282, 43.570559484661224], [1.551435304606535, 43.57080972061156], [1.551432126594156, 43.570935663808555], [1.551653018013813, 43.57101060201665], [1.551648932595084, 43.571172529017076], [1.551772659305548, 43.571174179192376], [1.551892755140634, 43.57131976436203]]], [[[1.551839179424613, 43.571481031405916], [1.55159944191289, 43.57117186890748], [1.551667322903531, 43.57142474554606], [1.551839179424613, 43.571481031405916]]], [[[1.552111379671708, 43.57148466112946], [1.551915685129956, 43.57139206192632], [1.552107749308689, 43.57162859630295], [1.552111379671708, 43.57148466112946]]], [[[1.550869110081122, 43.57166606769677], [1.550964913197105, 43.57179333181809], [1.551065257993065, 43.57174067690871], [1.550993291978858, 43.571649726867776], [1.550869110081122, 43.57166606769677]]], [[[1.549282212713799, 43.571770864831755], [1.549159394232265, 43.5717332280449], [1.549133739204987, 43.571768881198906], [1.549282212713799, 43.571770864831755]]], [[[1.552396982815868, 43.57193841754672], [1.552181078384656, 43.571665569907985], [1.552250323783302, 43.57186447056559], [1.552396982815868, 43.57193841754672]]], [[[1.549078336326807, 43.572002114488626], [1.549034756871478, 43.57176755866423], [1.548861082983763, 43.57178323589731], [1.548803859644179, 43.57208843660661], [1.549078336326807, 43.572002114488626]]], [[[1.552466229291601, 43.572137318104495], [1.552468044042099, 43.57206535048446], [1.552394714270701, 43.5720283770629], [1.552466229291601, 43.572137318104495]]], [[[1.550881592741959, 43.57215217911289], [1.550954013371986, 43.572225137359354], [1.550980121627058, 43.572171491864246], [1.551226217091093, 43.57222876930336], [1.551132229093124, 43.572029537778015], [1.550881592741959, 43.57215217911289]], [[1.551154704309276, 43.57211982743828], [1.551080012947559, 43.57213682882649], [1.551080467070027, 43.572118836926954], [1.551154704309276, 43.57211982743828]]], [[[1.551630099447088, 43.57290008153906], [1.551676867969812, 43.57300869310992], [1.551775852503991, 43.57301001323767], [1.55173226126268, 43.57277545833116], [1.551805591561682, 43.57281243221926], [1.551956337128218, 43.572724452644586], [1.55203057516569, 43.57272544255761], [1.552027852184348, 43.572833394027676], [1.552202435936493, 43.57278172789365], [1.552255104329582, 43.57265644434616], [1.55215884312569, 43.572547173195645], [1.552259188144204, 43.57249451715546], [1.552316847255208, 43.57217132263415], [1.552029882120922, 43.57177154162863], [1.551807171716642, 43.57176857173784], [1.551884131721753, 43.57166161036581], [1.55198311393817, 43.57166293030342], [1.551887762647482, 43.57151767519649], [1.551885947186894, 43.57158964277935], [1.551737927968944, 43.571569670810966], [1.551561531613999, 43.57169330373733], [1.551665053235347, 43.57151470501477], [1.551541779767085, 43.571495062822834], [1.551439619816427, 43.571619685740394], [1.551295233083614, 43.571455778019974], [1.551193980832674, 43.57154441691636], [1.551318616417833, 43.57151008382434], [1.551266855152981, 43.57159938302978], [1.55141442026994, 43.5716373475353], [1.551362205008433, 43.57174463869012], [1.551457555346371, 43.57188989428144], [1.551283427693212, 43.57192356728801], [1.551311805742633, 43.571779962241465], [1.551188531825672, 43.57176031964491], [1.551086824754698, 43.5718669503568], [1.550988296356356, 43.571847637706355], [1.551036425212093, 43.571902273783344], [1.550862297274389, 43.571935946115026], [1.550814622759893, 43.57186331806434], [1.550788514490322, 43.57191696350813], [1.550885680394659, 43.57199025203077], [1.551060716737822, 43.57192059586617], [1.551230757852058, 43.572048850300334], [1.551441211077688, 43.572537602759354], [1.551366973293276, 43.572536612443585], [1.551250962885447, 43.57222909944624], [1.551200109039928, 43.57228241485975], [1.550978305008023, 43.57224345946472], [1.550976488384433, 43.57231542706879], [1.550701104571078, 43.572437737806055], [1.550898617448432, 43.57245837165174], [1.550794183308907, 43.572672953571065], [1.550867058678949, 43.572727919996005], [1.55106593500986, 43.57269457782328], [1.551108161107261, 43.57298310871416], [1.551336778822073, 43.57275218521226], [1.551283654272499, 43.572895460232665], [1.551433038805049, 43.572861457106995], [1.55146005491952, 43.57277182765412], [1.551607623177827, 43.57280979192813], [1.551505915026028, 43.57291642311045], [1.551630099447088, 43.57290008153906]], [[1.551956337128218, 43.572724452644586], [1.551932044976535, 43.572706130751826], [1.551956790980704, 43.57270646073401], [1.551956337128218, 43.572724452644586]], [[1.551932044976535, 43.572706130751826], [1.551907752840356, 43.57268780885388], [1.551932498836489, 43.572688138841585], [1.551932044976535, 43.572706130751826]], [[1.551086824754698, 43.5718669503568], [1.551160607573123, 43.57188593276035], [1.551086370636215, 43.57188494225321], [1.551086824754698, 43.5718669503568]], [[1.551486162950352, 43.572718182016914], [1.551435762906173, 43.57275350564975], [1.551387178925995, 43.572716861625416], [1.551486162950352, 43.572718182016914]], [[1.551185124042807, 43.57287614774696], [1.551161286175905, 43.57283983377086], [1.551186032233274, 43.572840163928674], [1.551185124042807, 43.57287614774696]], [[1.551262540761986, 43.57275119482495], [1.551311578746854, 43.57276984699726], [1.551262086691575, 43.57276918673319], [1.551262540761986, 43.57275119482495]], [[1.551608985064305, 43.57275581619824], [1.551584693010204, 43.5727374942274], [1.551609439025895, 43.572737824288744], [1.551608985064305, 43.57275581619824]], [[1.551213502808981, 43.57273254263076], [1.551164918988407, 43.572695898507554], [1.551214410979389, 43.572696558815856], [1.551213502808981, 43.57273254263076]], [[1.551115881114351, 43.57267724627], [1.551066843272159, 43.57265859401056], [1.551116335229854, 43.57265925436353], [1.551115881114351, 43.57267724627]], [[1.5512900111517, 43.57264357351436], [1.551313849018534, 43.57267988745726], [1.551289103029515, 43.57267955732857], [1.5512900111517, 43.57264357351436]], [[1.551315665230756, 43.57260791982928], [1.551489340942863, 43.57259223866191], [1.551537016916221, 43.57266486645327], [1.551412832977456, 43.572681207915565], [1.551315665230756, 43.57260791982928]], [[1.551464594990615, 43.57259190857325], [1.551440303051948, 43.5725735865722], [1.551465048996159, 43.57257391666638], [1.551464594990615, 43.57259190857325]], [[1.551784476770146, 43.57266816692137], [1.551760638610494, 43.572631853082065], [1.551785384581662, 43.5726321831033], [1.551784476770146, 43.57266816692137]], [[1.550894075614185, 43.572638290692225], [1.55084503787733, 43.57261963833312], [1.550894529798891, 43.572620298787164], [1.550894075614185, 43.572638290692225]], [[1.55106775153332, 43.57262261019872], [1.551043459708311, 43.572604288108515], [1.551068205663474, 43.57260461829313], [1.55106775153332, 43.57262261019872]], [[1.551835784304218, 43.5725968593112], [1.551811492244996, 43.57257853739311], [1.551836238193475, 43.57257886740274], [1.551835784304218, 43.5725968593112]], [[1.551539286830501, 43.57257490691516], [1.551514994875191, 43.57255658493102], [1.551539740812503, 43.57255691500819], [1.551539286830501, 43.57257490691516]], [[1.551762000348891, 43.57257787735696], [1.551737708321248, 43.57255955542261], [1.551762454261121, 43.57255988544904], [1.551762000348891, 43.57257787735696]], [[1.552058951742591, 43.572581837235596], [1.552034659618504, 43.572563515367605], [1.552059405561791, 43.57256384532638], [1.552058951742591, 43.572581837235596]], [[1.5509224549908, 43.57249468567586], [1.550946292563324, 43.57253099969567], [1.550921546640594, 43.572530669483285], [1.5509224549908, 43.57249468567586]], [[1.55094901756401, 43.572423048275475], [1.551148800997329, 43.572353722153984], [1.551171276366456, 43.572444011831195], [1.550947200898025, 43.572495015888045], [1.55094901756401, 43.572423048275475]], [[1.551094768105679, 43.57253298085159], [1.551070476309972, 43.572514658768554], [1.551095222226657, 43.57251498894701], [1.551094768105679, 43.57253298085159]], [[1.551565394697747, 43.57252126126626], [1.551541102756804, 43.57250293928865], [1.551565848671143, 43.57250326935988], [1.551565394697747, 43.57252126126626]], [[1.551244605880816, 43.572480986089545], [1.551196022253269, 43.572444341986646], [1.55124551402775, 43.57244500228068], [1.551244605880816, 43.572480986089545]], [[1.551221676301668, 43.57240868832872], [1.55119738451805, 43.572390366275684], [1.551222130381891, 43.57239069642519], [1.551221676301668, 43.57240868832872]], [[1.55119965495366, 43.572300406761855], [1.55122258446183, 43.57237270452187], [1.551197838605741, 43.57237237437246], [1.55119965495366, 43.572300406761855]], [[1.551890722683785, 43.57238161642427], [1.551866884575911, 43.57234530261555], [1.551891630424177, 43.57234563261249], [1.551890722683785, 43.57238161642427]], [[1.551990159981043, 43.572364944450115], [1.551941575975828, 43.5723283006837], [1.551966321817195, 43.572328630663634], [1.551990159981043, 43.572364944450115]], [[1.551075925832535, 43.57229875593245], [1.551124509260226, 43.572335400085336], [1.55107501758162, 43.57233473973623], [1.551075925832535, 43.57229875593245]], [[1.551594680263758, 43.57234167227703], [1.551570388389457, 43.57232335030826], [1.551595134226557, 43.572323680372754], [1.551594680263758, 43.57234167227703]], [[1.551843046498193, 43.57230898880251], [1.551867338453433, 43.572327310710094], [1.551842592613203, 43.57232698070762], [1.551843046498193, 43.57230898880251]], [[1.55186779233067, 43.57230931880486], [1.551892992032632, 43.57229165689651], [1.551892538163431, 43.572309648801614], [1.55186779233067, 43.57230931880486]], [[1.552090051028298, 43.572330280478674], [1.552065759000727, 43.57231195862086], [1.552090504835764, 43.57231228857248], [1.552090051028298, 43.572330280478674]], [[1.551821024016479, 43.572200707369156], [1.551794462634228, 43.57227234497173], [1.551744971002275, 43.57227168492795], [1.551721586954567, 43.572217379186554], [1.551821024016479, 43.572200707369156]], [[1.552067574258754, 43.57223999099875], [1.552116158269658, 43.57227663470653], [1.552091412449842, 43.57227630476076], [1.552067574258754, 43.57223999099875]], [[1.551893899770179, 43.57225567308698], [1.551869607836774, 43.572237351186224], [1.551894353638526, 43.572237681182514], [1.551893899770179, 43.57225567308698]], [[1.551945206799703, 43.5721843654456], [1.552019897967048, 43.572167363461794], [1.551993790685431, 43.57222100920671], [1.551945206799703, 43.5721843654456]], [[1.552093681480058, 43.57218634523541], [1.55206938951223, 43.57216802338024], [1.552094135285248, 43.572168353330994], [1.552093681480058, 43.57218634523541]], [[1.55212205763265, 43.57204273995082], [1.552097765716529, 43.57202441810384], [1.552122511427812, 43.5720247480481], [1.55212205763265, 43.57204273995082]], [[1.551207374381509, 43.57199454445665], [1.551183082777688, 43.57197622240569], [1.551207828462939, 43.571976552558354], [1.551207374381509, 43.57199454445665]], [[1.552099580925344, 43.571952450495615], [1.552075289054599, 43.571934128644756], [1.552100034726836, 43.57193445859412], [1.552099580925344, 43.571952450495615]], [[1.551781064417599, 43.571822217416695], [1.551853939652603, 43.57187718314681], [1.551804448360615, 43.57187652313033], [1.551781064417599, 43.571822217416695]], [[1.552002413535392, 43.57187916306097], [1.55202761300713, 43.57186150112665], [1.552027159183519, 43.571879493026934], [1.552002413535392, 43.57187916306097]], [[1.552002867366756, 43.571861171160805], [1.551978575565497, 43.57184284928948], [1.552003321197835, 43.571843179260846], [1.552002867366756, 43.571861171160805]], [[1.551211461104131, 43.57183261738006], [1.551162878046411, 43.57179597327892], [1.551212369261583, 43.571796633587724], [1.551211461104131, 43.57183261738006]], [[1.551508862590967, 43.57181858686439], [1.551557899859276, 43.57183723891334], [1.551508408605126, 43.57183657876195], [1.551508862590967, 43.57181858686439]], [[1.551558353829612, 43.57181924701555], [1.551608299023942, 43.57180191524639], [1.551607845069395, 43.57181990714417], [1.551558353829612, 43.57181924701555]], [[1.551608299023942, 43.57180191524639], [1.5516829897935, 43.57178491349882], [1.551682535862494, 43.57180290539671], [1.551608299023942, 43.57180191524639]], [[1.551734750578358, 43.571695614083524], [1.551710458932714, 43.57167729215432], [1.551735204492153, 43.57167762218676], [1.551734750578358, 43.571695614083524]], [[1.551538601950342, 43.5716210060831], [1.551514310398863, 43.571602684111], [1.551539055925016, 43.5716030141881], [1.551538601950342, 43.5716210060831]]], [[[1.553300783960096, 43.57241840885459], [1.552977726851512, 43.572468098362535], [1.553001112189538, 43.57252240384296], [1.553300783960096, 43.57241840885459]]], [[[1.552357718080226, 43.57251382866162], [1.552457155470863, 43.572497156258336], [1.552484623499625, 43.57238953466462], [1.55235907925447, 43.572459852933456], [1.552357718080226, 43.57251382866162]]], [[[1.55410788171807, 43.57280711528105], [1.554057483208938, 43.5728424401327], [1.554274307242329, 43.573079300414676], [1.554276119756061, 43.57300733271722], [1.55410788171807, 43.57280711528105]]], [[[1.548484164242365, 43.57298406252016], [1.548409925931695, 43.57298307018274], [1.548406741162111, 43.57310901348185], [1.548481434580267, 43.573092013920665], [1.548484164242365, 43.57298406252016]]], [[[1.554124017473127, 43.573149291303274], [1.554072259094081, 43.573238591947714], [1.554198256097312, 43.57315027973485], [1.554124017473127, 43.573149291303274]]], [[[1.554489320810898, 43.57338812801935], [1.55429860029941, 43.57309762178827], [1.554271135332364, 43.57320524389382], [1.554489320810898, 43.57338812801935]]], [[[1.550748542712374, 43.57350025119389], [1.55152521324729, 43.57313265614167], [1.551652121836978, 43.57300836306389], [1.551455968831204, 43.572933754846], [1.551355622308271, 43.572986410160134], [1.551326789718972, 43.573148007252115], [1.550904287770337, 43.57321436199407], [1.550601881813274, 43.57342630190624], [1.550748542712374, 43.57350025119389]]], [[[1.552677397161651, 43.57357996969211], [1.552698514532365, 43.57372423490802], [1.552498274509894, 43.57381155587292], [1.553297870630868, 43.57351624560772], [1.552975260881965, 43.57354794321962], [1.552873553962668, 43.57365457573756], [1.552726889932161, 43.57358062931158], [1.552728250784611, 43.573526653538686], [1.552876275392732, 43.57354662418453], [1.553202059468204, 43.5733889833917], [1.553232247270276, 43.5731734100089], [1.553458136896836, 43.57305043352741], [1.553414992147981, 43.572797887371756], [1.552493036826141, 43.57303757338259], [1.552561377626307, 43.57327245787112], [1.552367037447219, 43.57312588361022], [1.552388153871006, 43.573270148840834], [1.552677397161651, 43.57357996969211]], [[1.552461031525225, 43.57332511421904], [1.552486685181584, 43.57328946024042], [1.55248577779924, 43.57332544408082], [1.552461031525225, 43.57332511421904]]], [[[1.550246800061924, 43.57376352369242], [1.550623448188934, 43.57355257559462], [1.550526279975137, 43.573479286757625], [1.550374167169663, 43.573621240138486], [1.550201851269107, 43.57358294379041], [1.550123522250128, 43.57374387985985], [1.550246800061924, 43.57376352369242]]], [[[1.548684135180669, 43.57388663452637], [1.548445314533522, 43.57354148073246], [1.548609895699395, 43.57388564232503], [1.548684135180669, 43.57388663452637]]], [[[1.552498274509894, 43.57381155587292], [1.552199047799539, 43.5738975568213], [1.551876889188274, 43.57391125925226], [1.552223340540572, 43.573915878669524], [1.552498274509894, 43.57381155587292]]], [[[1.551233933770294, 43.57388468548015], [1.551406251264991, 43.57392298019874], [1.551407159333418, 43.57388699635238], [1.551233933770294, 43.57388468548015]]], [[[1.548657114207748, 43.57397626335826], [1.548732718425432, 43.573923279789724], [1.548707971915313, 43.57392294907265], [1.548708881674997, 43.57388696524888], [1.548684135180669, 43.57388663452637], [1.548657114207748, 43.57397626335826]]], [[[1.549144769018675, 43.574270747524714], [1.54964652115587, 43.57400748002439], [1.549770253918525, 43.57400913248425], [1.550021809686963, 43.57385050972168], [1.549723942749432, 43.573882528100754], [1.54957137228129, 43.57404247231483], [1.549147497489496, 43.57416279601893], [1.549144769018675, 43.574270747524714]]], [[[1.547918528997809, 43.574794297844434], [1.548743363995569, 43.57448135989068], [1.548725895307739, 43.57419315849815], [1.548651655429358, 43.574192166325155], [1.548644831898631, 43.574462045079024], [1.548145346509071, 43.57463534843872], [1.547919894399855, 43.574740322086264], [1.547918528997809, 43.574794297844434]]], [[[1.547167470670124, 43.5751262147612], [1.547768226990635, 43.574864280021124], [1.547269646134647, 43.575001595558206], [1.547167470670124, 43.5751262147612]]], [[[1.545842205393084, 43.57564841761954], [1.546891609798755, 43.575266508000475], [1.547167470670124, 43.5751262147612], [1.547069393399665, 43.57508890659121], [1.545842205393084, 43.57564841761954]]], [[[1.566709233550338, 43.56581102035508], [1.56658686561004, 43.56575541154954], [1.566434812976706, 43.565897386656985], [1.566709233550338, 43.56581102035508]]], [[[1.56456873086587, 43.56628668311625], [1.565686225580531, 43.566139470122174], [1.566385326672278, 43.56589673328785], [1.566262958863015, 43.56584112411397], [1.565912510283968, 43.56599847645817], [1.56561604150633, 43.56597656259378], [1.565389756161249, 43.56611755563786], [1.564993864334498, 43.56611232424262], [1.564892642655531, 43.56620097557865], [1.564544437413573, 43.566268364127055], [1.564123351338133, 43.56628079432707], [1.563927205112867, 43.566206208984546], [1.563850724930548, 43.56629518660276], [1.564665005190094, 43.566395942788816], [1.56456873086587, 43.56628668311625]]], [[[1.563453931621464, 43.56632593335212], [1.56377559480784, 43.56633018853276], [1.563802138492425, 43.56625854829773], [1.563604642307769, 43.56623793800843], [1.563453931621464, 43.56632593335212]]], [[[1.563058488857554, 43.56630270302233], [1.563180854546861, 43.56635831582506], [1.563158362674865, 43.56626802901753], [1.563058488857554, 43.56630270302233]]], [[[1.562704425198491, 43.566603980097504], [1.562979755458861, 43.566481639423095], [1.563006300206447, 43.56640999937503], [1.562732772053454, 43.56646037260104], [1.562681033093666, 43.566549676931054], [1.56250827971241, 43.56652939217519], [1.562356665490146, 43.56665336977037], [1.562704425198491, 43.566603980097504]]], [[[1.561981457727813, 43.56681038190619], [1.561732670309175, 43.56686108031822], [1.561731768823031, 43.56689706407434], [1.561981457727813, 43.56681038190619]]], [[[1.561032184914328, 43.56715776299738], [1.561582405908848, 43.566931081223984], [1.560958404908781, 43.567138787363106], [1.561032184914328, 43.56715776299738]]], [[[1.560432923211166, 43.567365794057324], [1.560533702707635, 43.56729513868451], [1.560832882523398, 43.56720911516954], [1.56043472782507, 43.56729382654404], [1.560432923211166, 43.567365794057324]]], [[[1.560084254407432, 43.56745116023852], [1.560283107106856, 43.56741780131033], [1.560309204459299, 43.567364153752756], [1.560234973211573, 43.567363169502364], [1.560084254407432, 43.56745116023852]]], [[[1.559911047913222, 43.56744886321639], [1.55948634056639, 43.56760521047553], [1.560084254407432, 43.56745116023852], [1.559911047913222, 43.56744886321639]]], [[[1.558737701609384, 43.56784724632861], [1.558836225748969, 43.56786655189457], [1.558862776306893, 43.56779491279019], [1.558737701609384, 43.56784724632861]]], [[[1.562991413216624, 43.567993612924845], [1.562920333765649, 43.567866687234286], [1.562823159479141, 43.56779340969048], [1.562845201019385, 43.567901688559004], [1.562991413216624, 43.567993612924845]], [[1.562869945015327, 43.56790201605348], [1.562895139398239, 43.567884351646704], [1.562894689011551, 43.567902343542315], [1.562869945015327, 43.56790201605348]]], [[[1.563183511653901, 43.56823012715107], [1.56308858805671, 43.56806689032835], [1.563015256553484, 43.56802992418125], [1.563012554448115, 43.568137875572255], [1.563183511653901, 43.56823012715107]], [[1.563062042645768, 43.56813853047941], [1.563087237073364, 43.568120866025154], [1.563086786745017, 43.56813885792454], [1.563062042645768, 43.56813853047941]]], [[[1.563519124981207, 43.56866651620788], [1.563182160755951, 43.56828410285518], [1.563518224586352, 43.56870250002416], [1.563519124981207, 43.56866651620788]]], [[[1.555761490202879, 43.56906755395977], [1.558035832973599, 43.568197885529464], [1.558088032538468, 43.56809059143179], [1.558437159977716, 43.567987239743445], [1.55791437224624, 43.568106283102225], [1.557762743940441, 43.56823025441981], [1.557540499043868, 43.5682093044152], [1.557287632322213, 43.56842191960398], [1.556989345359476, 43.56847194966733], [1.556837714090643, 43.56859591972497], [1.556589366762011, 43.568628614537076], [1.556063401620273, 43.56887359220488], [1.555915387951574, 43.568853625967975], [1.555789855640091, 43.56892394802928], [1.555761490202879, 43.56906755395977]]], [[[1.563662189133914, 43.56888438308863], [1.563709877426095, 43.56895700534768], [1.563806154593609, 43.56906626598533], [1.563662189133914, 43.56888438308863]]], [[[1.555712001287942, 43.56906689572527], [1.555461387653089, 43.56918954737586], [1.555585110199679, 43.569191193205484], [1.555712001287942, 43.56906689572527]]], [[[1.554459828494194, 43.56964416453419], [1.555284553846161, 43.569331178026594], [1.555361504105731, 43.56922421437224], [1.555213036972977, 43.56922223905404], [1.555161283827984, 43.56931153997302], [1.555013269343984, 43.56929157250049], [1.554459828494194, 43.56964416453419]]], [[[1.558805414545214, 43.57007988305604], [1.558854001028411, 43.570116523694345], [1.559004728715008, 43.57002853450203], [1.558955238934585, 43.57002787774506], [1.558805414545214, 43.57007988305604]]], [[[1.561292928489079, 43.570580814458836], [1.561868377034051, 43.570336466624056], [1.561671318305053, 43.57029786083835], [1.561668613565983, 43.5704058123667], [1.561292928489079, 43.570580814458836]]], [[[1.554254545551248, 43.57288105980225], [1.554424143563593, 43.57302730124618], [1.554516785456421, 43.57328050584493], [1.554520409884119, 43.573136570425326], [1.554742672752769, 43.57315752668258], [1.554565824950651, 43.5732991565547], [1.554662998016265, 43.573372441768306], [1.554889791236052, 43.573213478435406], [1.555287995169631, 43.57312878704152], [1.555314552588807, 43.573057148541864], [1.555689366725134, 43.572918150686306], [1.555989035691646, 43.57281414825163], [1.55611140841098, 43.572869769272785], [1.556067346999493, 43.572653208056536], [1.556493005858655, 43.57246088976549], [1.556671203439828, 43.57226528106319], [1.556922280208111, 43.57212463443368], [1.557169285828216, 43.57214591455506], [1.557496406498882, 43.57193428526595], [1.557495050166993, 43.571988261038626], [1.557594485155233, 43.571971583937774], [1.557973806282264, 43.571652659084386], [1.558147025381447, 43.57165495920308], [1.557915840684979, 43.57100396418683], [1.557722398576989, 43.57082141591705], [1.55790149082684, 43.570589821603235], [1.557776409164325, 43.57064215413652], [1.557703529827132, 43.57058719242797], [1.557829967420297, 43.570480884258465], [1.558704176316009, 43.570168528868884], [1.558056288527008, 43.57033990653881], [1.5582088255174, 43.57017995081875], [1.558659655467712, 43.56996996101634], [1.559256241527711, 43.569869890791686], [1.559005180337393, 43.570010542595895], [1.559078963387764, 43.570029519595195], [1.559703454007048, 43.56980383193019], [1.559901412397254, 43.569806457458476], [1.559898253011848, 43.56993240081439], [1.560067405399019, 43.570096625055626], [1.560166836363845, 43.57007994562158], [1.560190227529002, 43.57013424946337], [1.560313501033477, 43.57015388181981], [1.560262657442134, 43.57020720139938], [1.560362088541737, 43.570190521785285], [1.560458812575602, 43.570281793569215], [1.560453398529132, 43.570497696571145], [1.56065045712505, 43.57053630457216], [1.560974849747662, 43.570432616548324], [1.561270437931836, 43.57049052699426], [1.561423417234415, 43.57031257482305], [1.561672219882483, 43.570261876997364], [1.561553003112273, 43.570080318915196], [1.561629041097852, 43.570009334597], [1.561822943631482, 43.57017388388472], [1.561973666918473, 43.57008589056829], [1.562027212865679, 43.5699246186831], [1.561931839051363, 43.56977937257189], [1.562181990813323, 43.56967469785421], [1.562330008777573, 43.5696946555614], [1.562556315734928, 43.56955366854129], [1.562415506852115, 43.56924584054616], [1.563075504282495, 43.569578538048916], [1.563031419128967, 43.56936198015569], [1.562837065458823, 43.56921542503072], [1.562891959359152, 43.56900017708822], [1.56262247309618, 43.568888622945394], [1.562725955252448, 43.56871001403047], [1.563596494000812, 43.569531437396705], [1.563500216452245, 43.56942217653772], [1.563528112509013, 43.56929656046681], [1.563214988371636, 43.56895045820975], [1.563241984252787, 43.56886082607141], [1.562305789464464, 43.56769657144287], [1.562060153022136, 43.567621327402684], [1.562079939853444, 43.56781956586681], [1.561954417353506, 43.567889895003006], [1.561907182863675, 43.567799280136725], [1.561734425995982, 43.567778994132105], [1.56156437406581, 43.567650756526625], [1.561531966383655, 43.567956290845096], [1.561259782270527, 43.567952684742146], [1.561016400979432, 43.56778747888727], [1.560386072192933, 43.5682470683312], [1.560337937504459, 43.56819243653727], [1.560164277519156, 43.568208131806706], [1.560017618012026, 43.56813419550731], [1.560136374631634, 43.56833374691803], [1.560084629945194, 43.56842305012773], [1.55998384791628, 43.568493705139424], [1.559613587268275, 43.56845279848566], [1.559582523046611, 43.56870435671578], [1.559383665484212, 43.568737714391034], [1.558991820686459, 43.56857053408975], [1.558865389451523, 43.56867684347026], [1.558963915057642, 43.56869614893161], [1.558811835786795, 43.56883811365605], [1.558859517905342, 43.56891073804254], [1.558759636894923, 43.56894540815756], [1.558615235990766, 43.568781510475425], [1.55827152616176, 43.56866896014364], [1.558291752109657, 43.568849207554166], [1.558140574541711, 43.56895518757365], [1.558239552235779, 43.56895650180655], [1.558187352166802, 43.56906379604187], [1.557868385906389, 43.56895157296801], [1.557645686139346, 43.568948615055994], [1.557494959205074, 43.56903660229578], [1.557467050074788, 43.569162216793785], [1.557096786908983, 43.569121301539965], [1.556991025260761, 43.569389864588196], [1.556865493094302, 43.56946018791916], [1.556494323626735, 43.56945525438263], [1.556366076036213, 43.569633528480566], [1.556046205079333, 43.56955728378843], [1.55589230593191, 43.569771212070606], [1.555592652672744, 43.56987521401784], [1.555490504397466, 43.569999840605064], [1.5551688212674, 43.56999556087223], [1.554966333564184, 43.570172845618224], [1.555040115488063, 43.57019182536367], [1.554988814083111, 43.57026313436806], [1.554189271966326, 43.57055845641327], [1.55400608608505, 43.57095197166414], [1.55397046384709, 43.571383447739684], [1.55408784664189, 43.57163698193182], [1.553561389922721, 43.57189993990468], [1.553514618738074, 43.5717913292293], [1.553742768744119, 43.57157839275725], [1.55365149294253, 43.57127121209889], [1.553780659156505, 43.571056957207965], [1.553534112822517, 43.571017677499775], [1.552936597798068, 43.571153700159684], [1.552792207963437, 43.57098979448277], [1.552814685383127, 43.57108008373404], [1.552665759921537, 43.57109609682458], [1.55268869079495, 43.57116839421437], [1.552641014607397, 43.571095767004316], [1.552515473382894, 43.57116608539052], [1.552486644972391, 43.57132768258545], [1.552341802265277, 43.57118176818327], [1.552388117028653, 43.571308371212226], [1.552313427087874, 43.5713253734391], [1.552021020388069, 43.57114149533746], [1.552618332992581, 43.57199536194027], [1.552629469616823, 43.57253544899913], [1.552503471549775, 43.57262375935417], [1.552552056163664, 43.57266040287673], [1.552651493751736, 43.57264373029381], [1.552603362737417, 43.57258909490434], [1.552926874397886, 43.572521414593474], [1.55297818038188, 43.572450106450916], [1.552729360574733, 43.572500784435555], [1.552680775982755, 43.57246414099638], [1.552881918147719, 43.57234083595701], [1.553154576011371, 43.57232647115841], [1.553131190607992, 43.572272165718466], [1.553329157207999, 43.57227480323141], [1.553203160789254, 43.572363114382135], [1.553327796950173, 43.57232877896475], [1.553351182562583, 43.57238308436452], [1.553675598801776, 43.572279418010744], [1.553796608321474, 43.57238901735938], [1.553653119558589, 43.57218912886219], [1.553453793101846, 43.572240467671556], [1.553506911629541, 43.57209719165504], [1.553653572875094, 43.572171136951255], [1.553607254625141, 43.57204453438586], [1.553800234498445, 43.57224508205321], [1.553660372588575, 43.57190125831384], [1.554633154943746, 43.57160824560922], [1.554232694935076, 43.571782894051545], [1.554028385248343, 43.57203214491383], [1.55412464914697, 43.57214141436802], [1.554021587249317, 43.57230202359887], [1.554094012058628, 43.57237497975903], [1.554217741430716, 43.572376627150106], [1.554140784814862, 43.572483590229076], [1.554234330858243, 43.5727008111334], [1.554161452298771, 43.572645846969046], [1.554134440461016, 43.57273547708601], [1.554254545551248, 43.57288105980225]], [[1.555288900792483, 43.57309280318265], [1.555264607421409, 43.57307448203063], [1.555289353603484, 43.57307481125355], [1.555288900792483, 43.57309280318265]], [[1.555264154602656, 43.573092473959626], [1.555238955586322, 43.57311013666006], [1.555239408413112, 43.57309214473096], [1.555264154602656, 43.573092473959626]], [[1.557545897905969, 43.5719349426886], [1.557571095696743, 43.571917279467364], [1.557570643609938, 43.57193527139146], [1.557545897905969, 43.5719349426886]], [[1.560190678780711, 43.57011625755097], [1.560215874959611, 43.57009859373849], [1.560215423715936, 43.57011658565079], [1.560190678780711, 43.57011625755097]], [[1.55781844508149, 43.56896890758163], [1.557842737530326, 43.56898722810994], [1.557817993095412, 43.568986899469756], [1.55781844508149, 43.56896890758163]], [[1.555040115488063, 43.57019182536367], [1.555065313284703, 43.57017416274529], [1.555064860426371, 43.5701921546371], [1.555040115488063, 43.57019182536367]], [[1.554638760610238, 43.57040245891931], [1.554613562582177, 43.57042012144153], [1.554614015583734, 43.57040212954876], [1.554638760610238, 43.57040245891931]], [[1.554238762149498, 43.57055911534236], [1.554263054128872, 43.57057743669174], [1.554238309029107, 43.57057710723554], [1.554238762149498, 43.57055911534236]], [[1.554238309029107, 43.57057710723554], [1.554213110801199, 43.570594769667004], [1.554213563929626, 43.5705767777737], [1.554238309029107, 43.57057710723554]], [[1.552814685383127, 43.57108008373404], [1.552838977128475, 43.5710984054086], [1.552814231812345, 43.5710980756278], [1.552814685383127, 43.57108008373404]], [[1.552714796948595, 43.57111474834178], [1.552739088676733, 43.57113307003913], [1.552714343346236, 43.57113274023557], [1.552714796948595, 43.57111474834178]], [[1.55268869079495, 43.57116839421437], [1.552712528933959, 43.57120470781293], [1.552687783572739, 43.57120437800327], [1.55268869079495, 43.57116839421437]], [[1.552712528933959, 43.57120470781293], [1.552736820699437, 43.57122302951195], [1.552712075330179, 43.57122269970784], [1.552712528933959, 43.57120470781293]], [[1.552512297720324, 43.57129202865038], [1.552561334864877, 43.57131068023942], [1.552511844053105, 43.57131002054555], [1.552512297720324, 43.57129202865038]], [[1.552388117028653, 43.571308371212226], [1.552412408734463, 43.57132669298514], [1.552387663322389, 43.57132636310708], [1.552388117028653, 43.571308371212226]], [[1.554633154943746, 43.57160824560922], [1.554683099026241, 43.57159091242854], [1.554682646036954, 43.57160890433651], [1.554633154943746, 43.57160824560922]], [[1.554683099026241, 43.57159091242854], [1.554708750527736, 43.57155525796813], [1.554707844565518, 43.57159124178362], [1.554683099026241, 43.57159091242854]], [[1.554217741430716, 43.572376627150106], [1.554242940439273, 43.57235896469564], [1.554242487305985, 43.57237695661141], [1.554217741430716, 43.572376627150106]], [[1.55423297144134, 43.57275478689411], [1.554258170611195, 43.57273712443145], [1.554282463518336, 43.5727554458043], [1.55423297144134, 43.57275478689411]], [[1.554255451817939, 43.572845075958206], [1.554279744769892, 43.572863397333045], [1.554254998684736, 43.572863067880114], [1.554255451817939, 43.572845075958206]], [[1.554255451817939, 43.572845075958206], [1.55423161202188, 43.57280876265682], [1.554256358083494, 43.572809092115065], [1.554255451817939, 43.572845075958206]], [[1.554207319108406, 43.57279044127193], [1.554232518301804, 43.572772778814794], [1.554232065161984, 43.572790770735686], [1.554207319108406, 43.57279044127193]], [[1.554143956970908, 43.572357646817046], [1.554169155993834, 43.57233998437993], [1.554168702837573, 43.572357976295145], [1.554143956970908, 43.572357646817046]], [[1.55335254279971, 43.57232910862882], [1.553377742053586, 43.5723114463757], [1.553377288649531, 43.572329438287255], [1.55335254279971, 43.57232910862882]], [[1.553402487895939, 43.5723117760284], [1.553427687126842, 43.57229411376389], [1.553427233738576, 43.57231210567544], [1.553402487895939, 43.5723117760284]], [[1.553452432962011, 43.57229444340518], [1.553477632169941, 43.572276781129304], [1.553477178797464, 43.572294773040845], [1.553452432962011, 43.57229444340518]], [[1.553527577182883, 43.57225944847197], [1.553502377997926, 43.5722771107592], [1.553502831362366, 43.57225911884779], [1.553527577182883, 43.57225944847197]], [[1.553527577182883, 43.57225944847197], [1.553552776352335, 43.57224178617909], [1.553552323003683, 43.5722597780905], [1.553527577182883, 43.57225944847197]], [[1.554757788610672, 43.57157390856882], [1.554782987100759, 43.57155624599892], [1.554782534143049, 43.57157423790687], [1.554757788610672, 43.57157390856882]], [[1.552408325435061, 43.571488620049806], [1.552382672534718, 43.571524273965174], [1.552358834471658, 43.57148796028613], [1.552408325435061, 43.571488620049806]], [[1.552311612166948, 43.571397341019434], [1.552335903885988, 43.57141566281058], [1.552311158436006, 43.57141533291507], [1.552311612166948, 43.571397341019434]], [[1.552311612166948, 43.571397341019434], [1.552287320463413, 43.57137901922308], [1.552312065897606, 43.57137934912401], [1.552311612166948, 43.571397341019434]], [[1.552411047637222, 43.57138066867134], [1.552436246764449, 43.571363006648355], [1.552435793072837, 43.571380998544065], [1.552411047637222, 43.57138066867134]], [[1.552337265054705, 43.57136168712402], [1.552362464196299, 43.57134402511836], [1.552362010481714, 43.57136201701353], [1.552337265054705, 43.57136168712402]], [[1.552238737102856, 43.5713423756148], [1.552263936266285, 43.571324713632265], [1.552263482520976, 43.57134270552678], [1.552238737102856, 43.5713423756148]], [[1.552983367369781, 43.57126231103576], [1.553008566268992, 43.571244648881404], [1.553008112757669, 43.57126264077805], [1.552983367369781, 43.57126231103576]], [[1.561607001042087, 43.56990105532245], [1.561479670026098, 43.570043351679246], [1.561482375103354, 43.56993540018289], [1.561607001042087, 43.56990105532245]], [[1.558560224255523, 43.56998663906917], [1.55858542087916, 43.569968975636584], [1.55858496912556, 43.56998696754047], [1.558560224255523, 43.56998663906917]], [[1.561335709486595, 43.5698614655745], [1.561360905201395, 43.569843801499495], [1.561360454318546, 43.56986179341337], [1.561335709486595, 43.5698614655745]], [[1.561242592120482, 43.56962625930705], [1.561486432700164, 43.569773472953464], [1.561459884501018, 43.56984511279817], [1.561361356083962, 43.569825809585886], [1.561242592120482, 43.56962625930705]], [[1.561637606246487, 43.56966748821586], [1.561538176423264, 43.5696841689917], [1.561491391954073, 43.56957556191992], [1.561616017106325, 43.56954121705773], [1.561637606246487, 43.56966748821586]], [[1.561146769839774, 43.56949900444543], [1.561294336090187, 43.56953695547066], [1.561293434287303, 43.5695729392903], [1.561218298316404, 43.56960793953109], [1.561146769839774, 43.56949900444543]], [[1.561147671733417, 43.56946302062885], [1.561097731453779, 43.56948035675667], [1.561098633377864, 43.56944437294094], [1.561147671733417, 43.56946302062885]], [[1.561099535300818, 43.569408389126124], [1.561074339696683, 43.56942605313511], [1.561026203364857, 43.5693714216013], [1.561075692603098, 43.56937207741421], [1.561099535300818, 43.569408389126124]], [[1.561171514514428, 43.56949933232727], [1.561197161052002, 43.56946367638647], [1.561221003864585, 43.569499988074035], [1.561171514514428, 43.56949933232727]], [[1.56239616892266, 43.56902961003795], [1.562465897061459, 43.56921051190471], [1.562366468270281, 43.569227193433576], [1.56232013318305, 43.56910059484474], [1.56239616892266, 43.56902961003795]], [[1.561454526370904, 43.56907113288462], [1.561650228384883, 43.56916371474888], [1.561525604072517, 43.56919805964126], [1.561454526370904, 43.56907113288462]], [[1.562456921203422, 43.568580467595766], [1.56243352852742, 43.568526164301076], [1.562507761316438, 43.5685271470494], [1.562456921203422, 43.568580467595766]], [[1.562507761316438, 43.5685271470494], [1.562532956085097, 43.568509482718966], [1.562532505580009, 43.56852747462093], [1.562507761316438, 43.5685271470494]], [[1.560211960825214, 43.56828075556744], [1.560261900328874, 43.56826341986149], [1.560261449114045, 43.56828141175093], [1.560211960825214, 43.56828075556744]], [[1.560138179647675, 43.56826177936104], [1.560163375028901, 43.56824411558362], [1.560162923783349, 43.56826210747241], [1.560138179647675, 43.56826177936104]], [[1.560237607414366, 43.568245099883555], [1.560262802757684, 43.56822743608327], [1.56026235154342, 43.56824542797227], [1.560237607414366, 43.568245099883555]], [[1.56028754687927, 43.568227764166224], [1.560312742199616, 43.56821010035456], [1.560312291001138, 43.56822809224354], [1.56028754687927, 43.568227764166224]], [[1.562120865821311, 43.56816206717817], [1.562171255260783, 43.56812673870015], [1.562170354029642, 43.56816272249169], [1.562120865821311, 43.56816206717817]], [[1.561998947983619, 43.56808846121651], [1.562024142716316, 43.56807079700951], [1.562023692055225, 43.56808878890386], [1.561998947983619, 43.56808846121651]], [[1.562124020233883, 43.56803612391322], [1.562073180199286, 43.56808944426163], [1.562049788086284, 43.56803514090288], [1.562124020233883, 43.56803612391322]]], [[[1.560766514457054, 43.570843807164024], [1.561042771158172, 43.57068548719474], [1.560642337085111, 43.57086015915891], [1.560766514457054, 43.570843807164024]]], [[[1.557239453475665, 43.57230882824289], [1.557063971196742, 43.57239648631219], [1.557288945202685, 43.572309485782796], [1.557239453475665, 43.57230882824289]]], [[[1.556463283115005, 43.57265847201873], [1.557014027132288, 43.57241382059749], [1.556389497550609, 43.57263949320755], [1.556463283115005, 43.57265847201873]]], [[[1.556655822647686, 43.572877006628865], [1.556357059512016, 43.57294502704386], [1.556379995772393, 43.573017323747294], [1.556577060277245, 43.57305593920737], [1.556655822647686, 43.572877006628865]]], [[[1.555577253397237, 43.57343860013913], [1.555337940377212, 43.573111453541344], [1.55543103920483, 43.57334666544235], [1.555577253397237, 43.57343860013913]]], [[[1.554662545006621, 43.57339043369851], [1.554707960676506, 43.57355301979719], [1.554781746859098, 43.57357199976287], [1.554662545006621, 43.57339043369851]]]]}}]}