{"type":"FeatureCollection","features":[{"type":"Feature","geometry":{"coordinates":[[[1.510888,43.576542],[1.510755,43.576575],[1.510743,43.57658],[1.510931,43.576545],[1.510888,43.576542]]],"type":"Polygon"},"properties":{"zoneCode":"Pi","zoneLabel":"Pi","zoneColor":"#9E9E9E","codeZone":"200200020292","typeReg":"03","libelleZone":"Zone Pourpre"}},{"type":"Feature","geometry":{"coordinates":[[[1.531678,43.589919],[1.531657,43.589902],[1.531617,43.5899],[1.531528,43.589907],[1.531448,43.589924],[1.531413,43.589943],[1.531386,43.589981],[1.531379,43.590015],[1.531388,43.59007],[1.531411,43.59014],[1.531429,43.590169],[1.531451,43.590176],[1.531459,43.590174],[1.531468,43.59016],[1.53148,43.590124],[1.531503,43.590108],[1.531523,43.590105],[1.53154,43.590108],[1.531624,43.590257],[1.53166,43.590348],[1.531705,43.590405],[1.531779,43.590513],[1.531845,43.590626],[1.531913,43.590661],[1.532025,43.590705],[1.532242,43.59076],[1.532439,43.59082],[1.532674,43.590917],[1.532763,43.590937],[1.532821,43.590927],[1.532867,43.590936],[1.532951,43.590954],[1.533146,43.591013],[1.533278,43.591057],[1.533357,43.59107],[1.533416,43.591074],[1.533416,43.591055],[1.533406,43.59103],[1.533389,43.591018],[1.533316,43.591016],[1.533257,43.591001],[1.533181,43.590963],[1.533106,43.59094],[1.532999,43.590882],[1.532945,43.590874],[1.532842,43.590832],[1.532625,43.590717],[1.532399,43.590624],[1.532284,43.590598],[1.532119,43.590546],[1.532058,43.590514],[1.531957,43.590453],[1.531934,43.590415],[1.531867,43.590323],[1.531735,43.590057],[1.531678,43.589919]]],"type":"Polygon"},"properties":{"zoneCode":"Ri","zoneLabel":"Rouge inondation","zoneColor":"#E2001A","codeZone":"31201200220008","typeReg":"03","libelleZone":"Zone Rouge : Zone dite non Urbanisée et Zone dite Urbanisée - Aléa Fort"}},{"type":"Feature","geometry":{"coordinates":[[[1.529758,43.587998],[1.529824,43.588026],[1.5299,43.588027],[1.530285,43.587996],[1.530328,43.588003],[1.530453,43.588047],[1.530506,43.588071],[1.530533,43.588118],[1.530552,43.588177],[1.530576,43.588207],[1.53061,43.588234],[1.530678,43.588266],[1.530717,43.588297],[1.530771,43.58835],[1.530809,43.588404],[1.530822,43.588443],[1.530865,43.588477],[1.530909,43.588524],[1.53094,43.588578],[1.531008,43.588807],[1.531054,43.58885],[1.531138,43.588909],[1.531147,43.588923],[1.531145,43.588966],[1.531148,43.589012],[1.53116,43.589038],[1.531187,43.589073],[1.531215,43.589091],[1.531227,43.589103],[1.531261,43.589217],[1.531268,43.58927],[1.531348,43.589376],[1.531408,43.589434],[1.531466,43.589547],[1.531498,43.589599],[1.531505,43.589644],[1.531502,43.589699],[1.53149,43.589733],[1.531491,43.589747],[1.5315,43.589759],[1.531522,43.58977],[1.531592,43.589771],[1.531599,43.58976],[1.531592,43.58971],[1.53157,43.589634],[1.531544,43.58957],[1.531483,43.589461],[1.531462,43.589412],[1.531384,43.589326],[1.531317,43.58926],[1.531309,43.589185],[1.531293,43.58911],[1.531277,43.589075],[1.531236,43.589022],[1.531219,43.588991],[1.531203,43.58893],[1.531167,43.588872],[1.531112,43.58882],[1.531073,43.588796],[1.531057,43.588771],[1.531023,43.588665],[1.530931,43.588489],[1.530858,43.588427],[1.530762,43.588267],[1.53061,43.588192],[1.530596,43.588169],[1.530588,43.588142],[1.530584,43.588105],[1.53056,43.588066],[1.530507,43.588033],[1.530372,43.587984],[1.530288,43.587968],[1.530193,43.587966],[1.529895,43.588],[1.529772,43.587977],[1.529758,43.587998]]],"type":"Polygon"},"properties":{"zoneCode":"Ri","zoneLabel":"Rouge inondation","zoneColor":"#E2001A","codeZone":"31201200220007","typeReg":"03","libelleZone":"Zone Rouge : Zone dite non Urbanisée et Zone dite Urbanisée - Aléa Fort"}},{"type":"Feature","geometry":{"coordinates":[[[1.511462,43.579845],[1.511568,43.579872],[1.511711,43.579935],[1.511709,43.579909],[1.511716,43.579873],[1.511715,43.579839],[1.511686,43.579819],[1.511666,43.579796],[1.511641,43.579753],[1.511649,43.57972],[1.511725,43.579669],[1.511873,43.579635],[1.511901,43.579615],[1.511905,43.579594],[1.511901,43.579556],[1.511891,43.579537],[1.511868,43.579517],[1.511842,43.579501],[1.511748,43.579482],[1.51137,43.579587],[1.511352,43.579593],[1.511339,43.579602],[1.511348,43.579689],[1.511356,43.579701],[1.51137,43.579702],[1.511442,43.579697],[1.511459,43.579703],[1.511464,43.579716],[1.511468,43.579827],[1.511462,43.579845]]],"type":"Polygon"},"properties":{"zoneCode":"GHi","zoneLabel":"Grise hachurée inondation (crue historique)","zoneColor":"#8A8A8A","codeZone":"31201200220010","typeReg":"01","libelleZone":"Zone crue historique"}},{"type":"Feature","geometry":{"coordinates":[[[[1.534428,43.59122],[1.534449,43.591222],[1.534457,43.591217],[1.534531,43.591225],[1.534641,43.591211],[1.53475,43.59118],[1.534858,43.591158],[1.534941,43.591146],[1.535014,43.591154],[1.535057,43.591148],[1.53515,43.591146],[1.535383,43.591153],[1.535473,43.591164],[1.535542,43.591157],[1.535584,43.591149],[1.53572,43.591118],[1.535858,43.591051],[1.53588,43.591044],[1.535962,43.59103],[1.536051,43.59103],[1.536083,43.591034],[1.536136,43.591033],[1.536189,43.591022],[1.536211,43.591021],[1.536251,43.591012],[1.536289,43.591001],[1.536329,43.590981],[1.536462,43.590935],[1.536519,43.590923],[1.536638,43.590883],[1.53732,43.59068],[1.537369,43.590672],[1.537445,43.590666],[1.537626,43.590623],[1.537761,43.590624],[1.537882,43.590605],[1.537973,43.590587],[1.538014,43.59057],[1.538035,43.590575],[1.538132,43.59058],[1.538187,43.590569],[1.538235,43.590552],[1.538259,43.590547],[1.538288,43.590542],[1.538336,43.590541],[1.538388,43.590544],[1.538578,43.590569],[1.538655,43.590586],[1.538662,43.590593],[1.538745,43.590603],[1.538769,43.590617],[1.53885,43.590619],[1.53903,43.590597],[1.539209,43.590564],[1.539224,43.590553],[1.539262,43.590548],[1.539306,43.590533],[1.539335,43.590531],[1.539535,43.590476],[1.539397,43.590484],[1.539239,43.590504],[1.539106,43.590556],[1.539039,43.590578],[1.538932,43.59058],[1.538723,43.590564],[1.538659,43.590557],[1.538516,43.590522],[1.538359,43.590527],[1.538028,43.590557],[1.53793,43.590587],[1.537847,43.5906],[1.537775,43.590604],[1.537676,43.590603],[1.537571,43.590623],[1.53736,43.59064],[1.537061,43.590729],[1.536745,43.590837],[1.536329,43.590957],[1.536268,43.590987],[1.536195,43.591007],[1.536114,43.591017],[1.535928,43.591014],[1.535882,43.59103],[1.535761,43.591089],[1.535661,43.591122],[1.535577,43.591144],[1.535117,43.591133],[1.535031,43.591125],[1.534912,43.591131],[1.534692,43.591171],[1.5346,43.591195],[1.534536,43.591203],[1.53439,43.591195],[1.534159,43.591194],[1.533996,43.591178],[1.533814,43.591112],[1.533513,43.591019],[1.533517,43.59103],[1.53352,43.591074],[1.533636,43.591122],[1.533984,43.591215],[1.534298,43.591245],[1.534455,43.591244],[1.534454,43.59124],[1.534428,43.59122]]],[[[1.540159,43.590377],[1.54023,43.590321],[1.540276,43.590311],[1.540328,43.590288],[1.540364,43.590278],[1.540554,43.590241],[1.54063,43.590213],[1.540779,43.5902],[1.541003,43.590196],[1.541107,43.590201],[1.541191,43.590202],[1.541269,43.590186],[1.541416,43.590204],[1.541495,43.59019],[1.541563,43.590159],[1.541665,43.590163],[1.541804,43.590163],[1.541902,43.590151],[1.542035,43.590141],[1.542235,43.590149],[1.542292,43.590136],[1.542408,43.590127],[1.542483,43.590114],[1.54255,43.590127],[1.542584,43.590139],[1.542673,43.590135],[1.542925,43.590141],[1.542956,43.59011],[1.543038,43.590049],[1.543105,43.590012],[1.543295,43.589868],[1.543406,43.589776],[1.543487,43.589734],[1.54378,43.589605],[1.544077,43.589346],[1.544052,43.589329],[1.543903,43.589454],[1.543811,43.589536],[1.543691,43.589602],[1.54361,43.589631],[1.543511,43.589659],[1.543415,43.589675],[1.543286,43.589681],[1.543226,43.589705],[1.542792,43.590036],[1.542711,43.590086],[1.542674,43.590115],[1.542626,43.590118],[1.54252,43.590088],[1.542413,43.590087],[1.542328,43.590102],[1.54224,43.590104],[1.542138,43.590096],[1.542001,43.590102],[1.54185,43.590126],[1.541748,43.59013],[1.541589,43.590126],[1.541373,43.590129],[1.541214,43.590169],[1.541144,43.590176],[1.540905,43.590172],[1.540661,43.5902],[1.540463,43.590216],[1.540335,43.590234],[1.540238,43.59026],[1.54016,43.5903],[1.540072,43.59035],[1.54004,43.590387],[1.540159,43.590377]]],[[[1.544431,43.590225],[1.544537,43.590228],[1.545033,43.590103],[1.545361,43.590016],[1.54561,43.589973],[1.545889,43.589943],[1.545987,43.589929],[1.54678,43.589728],[1.54701,43.589676],[1.547331,43.58963],[1.547527,43.589628],[1.548339,43.589555],[1.548676,43.589521],[1.548775,43.589504],[1.548888,43.589478],[1.549004,43.589446],[1.549066,43.589434],[1.549335,43.589392],[1.549503,43.589358],[1.549694,43.589289],[1.550209,43.589195],[1.550485,43.589116],[1.550972,43.589011],[1.55121,43.588931],[1.5516,43.588836],[1.551851,43.588743],[1.551796,43.588745],[1.551734,43.588744],[1.551723,43.588736],[1.551719,43.588729],[1.551728,43.588715],[1.551767,43.588696],[1.551949,43.588642],[1.552185,43.588525],[1.552253,43.588481],[1.552414,43.588356],[1.55256,43.588304],[1.552611,43.588284],[1.552652,43.588259],[1.55263,43.588233],[1.552541,43.588261],[1.552523,43.588272],[1.552481,43.588287],[1.552416,43.588302],[1.552302,43.588342],[1.552215,43.588392],[1.552082,43.588457],[1.552017,43.588507],[1.551914,43.58856],[1.551818,43.588585],[1.551544,43.588683],[1.55138,43.588728],[1.551342,43.588745],[1.551208,43.588779],[1.551119,43.588797],[1.55095,43.588818],[1.550881,43.588823],[1.550825,43.58884],[1.550702,43.588899],[1.550634,43.588924],[1.550531,43.588942],[1.550353,43.58896],[1.550187,43.588993],[1.550035,43.589027],[1.549938,43.589061],[1.549868,43.589098],[1.549805,43.589122],[1.549706,43.589146],[1.549507,43.589187],[1.549073,43.5893],[1.548993,43.589318],[1.54887,43.589324],[1.548775,43.589323],[1.548718,43.589333],[1.548556,43.589376],[1.548327,43.589425],[1.548235,43.589448],[1.548206,43.589451],[1.548158,43.58945],[1.548092,43.589441],[1.548039,43.589427],[1.547966,43.589421],[1.547932,43.589424],[1.547835,43.589447],[1.547777,43.589471],[1.547671,43.589524],[1.54761,43.589543],[1.54755,43.589546],[1.547435,43.589541],[1.547207,43.589557],[1.547098,43.589573],[1.547008,43.589601],[1.546937,43.589639],[1.546609,43.589714],[1.5463,43.589771],[1.545865,43.589861],[1.545419,43.589933],[1.545053,43.590012],[1.544721,43.590106],[1.544673,43.590138],[1.544591,43.590173],[1.544324,43.590217],[1.544431,43.590225]]],[[[1.551886,43.588738],[1.551922,43.58874],[1.552117,43.5888],[1.552334,43.588782],[1.552545,43.588775],[1.552788,43.588772],[1.553009,43.588804],[1.553053,43.588797],[1.553094,43.588786],[1.553079,43.588773],[1.552988,43.58877],[1.552825,43.588747],[1.552666,43.588701],[1.552572,43.588693],[1.552438,43.588693],[1.552131,43.5887],[1.551886,43.588738]]]],"type":"MultiPolygon"},"properties":{"zoneCode":"Ri","zoneLabel":"Rouge inondation","zoneColor":"#E2001A","codeZone":"31201200220009","typeReg":"03","libelleZone":"Zone Rouge : Zone dite non Urbanisée et Zone dite Urbanisée - Aléa Fort"}},{"type":"Feature","geometry":{"coordinates":[[[1.567484,43.580387],[1.567589,43.580181],[1.567652,43.580015],[1.567676,43.579973],[1.567761,43.579718],[1.567803,43.579647],[1.567825,43.579601],[1.567863,43.579498],[1.56798,43.579282],[1.568056,43.579067],[1.56804,43.579016],[1.568052,43.578967],[1.567992,43.578855],[1.56782,43.578621],[1.567827,43.578603],[1.567856,43.57856],[1.568007,43.578415],[1.568078,43.578319],[1.568235,43.578156],[1.568242,43.578106],[1.568243,43.578029],[1.568455,43.577345],[1.568582,43.577258],[1.568585,43.577246],[1.568588,43.577169],[1.568701,43.57687],[1.568719,43.576812],[1.568776,43.576539],[1.568787,43.576468],[1.568819,43.576385],[1.568855,43.576338],[1.568871,43.576296],[1.568889,43.576264],[1.568953,43.57617],[1.569032,43.576067],[1.569511,43.575747],[1.569566,43.575688],[1.569603,43.575612],[1.569619,43.575588],[1.569533,43.57554],[1.569448,43.5754],[1.569435,43.575383],[1.569222,43.575206],[1.569176,43.575142],[1.569145,43.575118],[1.569082,43.575046],[1.569034,43.574954],[1.568949,43.574571],[1.568904,43.574246],[1.568815,43.573931],[1.568815,43.57391],[1.568788,43.573794],[1.568782,43.573741],[1.568793,43.573647],[1.568852,43.573337],[1.568861,43.573267],[1.568872,43.573129],[1.568876,43.572891],[1.568885,43.572858],[1.568987,43.572715],[1.569079,43.572305],[1.569149,43.572052],[1.569145,43.571976],[1.569111,43.571868],[1.568955,43.571589],[1.568902,43.571502],[1.568894,43.571493],[1.568715,43.571371],[1.568691,43.571352],[1.568664,43.571315],[1.568629,43.571246],[1.568553,43.570817],[1.568501,43.570629],[1.568501,43.570565],[1.568566,43.570486],[1.56859,43.570433],[1.568542,43.570296],[1.56857,43.570183],[1.568693,43.569891],[1.568638,43.569901],[1.568443,43.569944],[1.568481,43.570007],[1.568495,43.570121],[1.568438,43.570295],[1.568404,43.570477],[1.568408,43.57072],[1.568459,43.570981],[1.568542,43.571185],[1.568611,43.571322],[1.568911,43.571624],[1.569001,43.571811],[1.569054,43.571965],[1.569059,43.57214],[1.568977,43.572473],[1.568912,43.572683],[1.568816,43.572886],[1.568733,43.573219],[1.568698,43.573559],[1.568694,43.573768],[1.568739,43.574012],[1.568959,43.574919],[1.569027,43.575056],[1.569142,43.575243],[1.569334,43.575432],[1.569388,43.575534],[1.569394,43.575596],[1.569363,43.575686],[1.569219,43.575872],[1.569029,43.576041],[1.568943,43.576125],[1.568784,43.576368],[1.568703,43.576645],[1.568589,43.576972],[1.568516,43.577204],[1.568476,43.577277],[1.568397,43.577361],[1.568333,43.577485],[1.568259,43.577802],[1.568186,43.578051],[1.568153,43.578135],[1.568074,43.578249],[1.567884,43.578456],[1.567796,43.578597],[1.567804,43.578671],[1.567849,43.578785],[1.567917,43.578904],[1.567931,43.578989],[1.567929,43.579096],[1.567896,43.579233],[1.567535,43.580078],[1.567486,43.580266],[1.567484,43.580387]]],"type":"Polygon"},"properties":{"zoneCode":"Ri","zoneLabel":"Rouge inondation","zoneColor":"#E2001A","codeZone":"31201200220004","typeReg":"03","libelleZone":"Zone Rouge : Zone dite non Urbanisée et Zone dite Urbanisée - Aléa Fort"}},{"type":"Feature","geometry":{"coordinates":[[[1.551308,43.576497],[1.551297,43.576511],[1.551396,43.576848],[1.55158,43.577424],[1.551761,43.577881],[1.551893,43.578168],[1.551954,43.57825],[1.552046,43.578325],[1.552491,43.578551],[1.552842,43.578713],[1.553005,43.578768],[1.553374,43.57885],[1.553705,43.578918],[1.553883,43.578924],[1.554059,43.57892],[1.554079,43.578852],[1.553702,43.578832],[1.553348,43.578773],[1.553069,43.578698],[1.552759,43.57857],[1.552068,43.578226],[1.552024,43.578175],[1.551862,43.577833],[1.551618,43.577198],[1.551449,43.576696],[1.551414,43.576534],[1.551397,43.576489],[1.551308,43.576497]]],"type":"Polygon"},"properties":{"zoneCode":"Ri","zoneLabel":"Rouge inondation","zoneColor":"#E2001A","codeZone":"31201200220003","typeReg":"03","libelleZone":"Zone Rouge : Zone dite non Urbanisée et Zone dite Urbanisée - Aléa Fort"}},{"type":"Feature","geometry":{"coordinates":[[[1.529239,43.587406],[1.52923,43.587378],[1.52922,43.587379],[1.529205,43.587355],[1.529164,43.587322],[1.529111,43.587265],[1.529087,43.587203],[1.529083,43.587158],[1.529064,43.587126],[1.528982,43.587043],[1.528947,43.586959],[1.528933,43.586909],[1.528914,43.586872],[1.528832,43.586747],[1.528781,43.586695],[1.528765,43.586667],[1.528748,43.586627],[1.528741,43.586579],[1.528746,43.586516],[1.528694,43.586533],[1.528691,43.586578],[1.5287,43.586636],[1.528713,43.586671],[1.528756,43.586737],[1.528823,43.586821],[1.528881,43.586904],[1.528929,43.587011],[1.528973,43.587089],[1.529034,43.587133],[1.529069,43.587262],[1.52909,43.587292],[1.529165,43.587346],[1.529181,43.587376],[1.529146,43.587371],[1.529155,43.587397],[1.529154,43.587448],[1.529127,43.587616],[1.529172,43.587774],[1.529298,43.587921],[1.529342,43.587945],[1.529602,43.587986],[1.529631,43.587964],[1.529474,43.587928],[1.529386,43.587912],[1.52935,43.587892],[1.529316,43.587859],[1.529241,43.587771],[1.52921,43.587726],[1.529192,43.587672],[1.529191,43.587602],[1.529205,43.58754],[1.529232,43.587448],[1.529239,43.587406]]],"type":"Polygon"},"properties":{"zoneCode":"Ri","zoneLabel":"Rouge inondation","zoneColor":"#E2001A","codeZone":"31201200220006","typeReg":"03","libelleZone":"Zone Rouge : Zone dite non Urbanisée et Zone dite Urbanisée - Aléa Fort"}},{"type":"Feature","geometry":{"coordinates":[[[1.528595,43.585533],[1.528547,43.585537],[1.528584,43.585622],[1.528621,43.585671],[1.528643,43.58571],[1.528665,43.585758],[1.528674,43.585798],[1.528674,43.585991],[1.528651,43.586193],[1.528651,43.586228],[1.528667,43.58626],[1.528756,43.586375],[1.528757,43.586416],[1.528783,43.586403],[1.528784,43.586365],[1.528765,43.586331],[1.528728,43.586297],[1.528711,43.58627],[1.528694,43.586196],[1.528692,43.586164],[1.528693,43.586127],[1.528718,43.586033],[1.528725,43.585983],[1.528723,43.58595],[1.528728,43.585868],[1.528722,43.585829],[1.528711,43.585776],[1.528683,43.585689],[1.528643,43.58563],[1.528595,43.585533]]],"type":"Polygon"},"properties":{"zoneCode":"Ri","zoneLabel":"Rouge inondation","zoneColor":"#E2001A","codeZone":"31201200220005","typeReg":"03","libelleZone":"Zone Rouge : Zone dite non Urbanisée et Zone dite Urbanisée - Aléa Fort"}},{"type":"Feature","geometry":{"coordinates":[[[1.518628,43.580588],[1.518597,43.580592],[1.518582,43.580603],[1.51856,43.580627],[1.518546,43.580663],[1.51852,43.58069],[1.518489,43.580697],[1.518343,43.580695],[1.518248,43.580698],[1.518197,43.580709],[1.518167,43.580726],[1.518154,43.580743],[1.518154,43.580752],[1.518166,43.580771],[1.518191,43.580779],[1.518351,43.580782],[1.518523,43.580771],[1.518645,43.580773],[1.518772,43.580787],[1.518821,43.580788],[1.518853,43.580775],[1.518861,43.580758],[1.518898,43.580718],[1.518911,43.580693],[1.518911,43.580673],[1.518919,43.580649],[1.518918,43.580623],[1.518888,43.580609],[1.518628,43.580588]]],"type":"Polygon"},"properties":{"zoneCode":"Ri","zoneLabel":"Rouge inondation","zoneColor":"#E2001A","codeZone":"31201200220002","typeReg":"03","libelleZone":"Zone Rouge : Zone dite non Urbanisée et Zone dite Urbanisée - Aléa Fort"}},{"type":"Feature","geometry":{"coordinates":[[[1.512246,43.579206],[1.512195,43.579223],[1.51218,43.579294],[1.512186,43.579331],[1.512026,43.579703],[1.512027,43.579715],[1.512034,43.579718],[1.512304,43.579766],[1.512865,43.579856],[1.515012,43.580192],[1.515403,43.580251],[1.515431,43.580253],[1.515442,43.580245],[1.515437,43.58023],[1.515401,43.580203],[1.515359,43.580192],[1.51505,43.58015],[1.513915,43.57998],[1.512432,43.57975],[1.512571,43.579745],[1.512633,43.579747],[1.512689,43.579743],[1.512764,43.579754],[1.512874,43.57979],[1.512926,43.57979],[1.51296,43.579777],[1.513012,43.579694],[1.513094,43.579618],[1.513196,43.579539],[1.513198,43.579522],[1.513185,43.579494],[1.513155,43.579492],[1.513072,43.5795],[1.513023,43.5795],[1.512974,43.579491],[1.512811,43.579451],[1.51266,43.579401],[1.512643,43.579387],[1.512608,43.579314],[1.512609,43.579288],[1.512579,43.579256],[1.512526,43.579234],[1.512475,43.579227],[1.512394,43.579232],[1.512338,43.57922],[1.512246,43.579206]]],"type":"Polygon"},"properties":{"zoneCode":"Ri","zoneLabel":"Rouge inondation","zoneColor":"#E2001A","codeZone":"31201200220001","typeReg":"03","libelleZone":"Zone Rouge : Zone dite non Urbanisée et Zone dite Urbanisée - Aléa Fort"}},{"type":"Feature","geometry":{"coordinates":[[[1.55013,43.575432],[1.550119,43.575387],[1.550135,43.575349],[1.550166,43.575334],[1.550219,43.575317],[1.551024,43.575193],[1.551634,43.575128],[1.551811,43.575115],[1.552234,43.575115],[1.552353,43.575131],[1.552435,43.575148],[1.552535,43.575181],[1.552584,43.575189],[1.55302,43.57521],[1.553075,43.575209],[1.553293,43.57519],[1.553348,43.575192],[1.553432,43.575202],[1.553472,43.575218],[1.553506,43.575238],[1.553547,43.575254],[1.553613,43.575263],[1.553653,43.575259],[1.553708,43.575246],[1.553796,43.575217],[1.554101,43.575142],[1.55426,43.575078],[1.554428,43.574989],[1.554502,43.574981],[1.554676,43.574898],[1.554866,43.574811],[1.554994,43.57473],[1.555271,43.574625],[1.55563,43.574423],[1.555708,43.574353],[1.555881,43.574254],[1.556216,43.574111],[1.556479,43.573987],[1.556628,43.573895],[1.556727,43.573807],[1.556748,43.573743],[1.556744,43.573625],[1.556636,43.573407],[1.556634,43.573379],[1.55665,43.573359],[1.55669,43.573331],[1.556792,43.573291],[1.556828,43.573285],[1.556866,43.573284],[1.556901,43.573293],[1.556967,43.573321],[1.557027,43.573362],[1.557116,43.573451],[1.557215,43.573498],[1.557265,43.573506],[1.557376,43.573497],[1.557473,43.573462],[1.55758,43.573378],[1.557684,43.573322],[1.557823,43.573283],[1.557913,43.573215],[1.558023,43.573097],[1.558316,43.572991],[1.558432,43.572917],[1.558475,43.57285],[1.558494,43.572795],[1.558518,43.572671],[1.558655,43.572572],[1.558729,43.572551],[1.558834,43.572613],[1.558925,43.572613],[1.559096,43.572575],[1.559266,43.572505],[1.559627,43.572385],[1.55999,43.572261],[1.560413,43.572079],[1.560818,43.571926],[1.561669,43.571567],[1.561731,43.571544],[1.56176,43.571525],[1.561786,43.571492],[1.561789,43.571478],[1.561785,43.57146],[1.56179,43.571444],[1.561864,43.571394],[1.562053,43.571298],[1.562363,43.57119],[1.562549,43.571117],[1.562583,43.5711],[1.562662,43.571044],[1.562772,43.570981],[1.562821,43.570967],[1.562876,43.570961],[1.562929,43.570962],[1.562964,43.570967],[1.562994,43.570967],[1.563017,43.570951],[1.563038,43.570927],[1.563068,43.570906],[1.563203,43.570856],[1.563328,43.570818],[1.563544,43.570741],[1.563938,43.570662],[1.5642,43.570589],[1.564466,43.570508],[1.564799,43.570398],[1.565053,43.570341],[1.565094,43.570325],[1.56511,43.570314],[1.565157,43.570268],[1.565194,43.570248],[1.565282,43.570219],[1.565333,43.570209],[1.565378,43.570214],[1.565424,43.570229],[1.565482,43.570231],[1.565609,43.570205],[1.565669,43.570174],[1.565709,43.570142],[1.565785,43.570091],[1.565881,43.570069],[1.565908,43.570059],[1.565941,43.570038],[1.565956,43.57001],[1.565974,43.569988],[1.565991,43.569961],[1.566016,43.569937],[1.566082,43.569906],[1.566214,43.569854],[1.566324,43.569804],[1.566445,43.569745],[1.566585,43.56972],[1.566658,43.569702],[1.566738,43.569656],[1.566767,43.56961],[1.566783,43.569543],[1.566804,43.569493],[1.566833,43.569463],[1.566861,43.569449],[1.56692,43.569444],[1.566944,43.569437],[1.567035,43.569398],[1.567075,43.569366],[1.56711,43.56932],[1.56721,43.569256],[1.567475,43.569169],[1.567519,43.569157],[1.567578,43.56915],[1.567637,43.569147],[1.567736,43.569159],[1.567827,43.569172],[1.567903,43.569195],[1.568011,43.569255],[1.568078,43.569308],[1.568152,43.569375],[1.568242,43.56949],[1.568364,43.569719],[1.568402,43.569775],[1.568453,43.569803],[1.568543,43.569823],[1.568591,43.56982],[1.568523,43.56975],[1.568402,43.569549],[1.568219,43.569214],[1.568041,43.56892],[1.567886,43.568753],[1.567648,43.568596],[1.567334,43.56845],[1.567083,43.568428],[1.566834,43.568509],[1.566526,43.568637],[1.56641,43.568693],[1.566203,43.568811],[1.565882,43.568965],[1.565699,43.569029],[1.565574,43.56906],[1.565297,43.569103],[1.565215,43.569129],[1.565154,43.569196],[1.565063,43.56936],[1.565061,43.569452],[1.565124,43.569577],[1.565158,43.569625],[1.565211,43.569677],[1.565215,43.569715],[1.56519,43.569747],[1.565128,43.569767],[1.565097,43.569765],[1.565051,43.569758],[1.564991,43.569717],[1.564958,43.569688],[1.564893,43.569653],[1.564847,43.569641],[1.564802,43.569659],[1.564837,43.56991],[1.564833,43.56996],[1.564803,43.56998],[1.56476,43.56999],[1.564638,43.569967],[1.56446,43.56988],[1.564415,43.569884],[1.564381,43.569907],[1.564339,43.569975],[1.564241,43.57006],[1.564129,43.570105],[1.56403,43.570117],[1.563994,43.570185],[1.563939,43.570194],[1.563888,43.57019],[1.563817,43.570192],[1.563776,43.570223],[1.563722,43.570278],[1.563683,43.570295],[1.563629,43.570289],[1.563593,43.570277],[1.563371,43.570269],[1.563252,43.570302],[1.563159,43.570366],[1.562992,43.57044],[1.562845,43.570454],[1.562759,43.570475],[1.562643,43.57053],[1.56259,43.570513],[1.562381,43.570255],[1.562341,43.570235],[1.56228,43.570299],[1.562237,43.570417],[1.562196,43.570471],[1.562139,43.570495],[1.562074,43.570538],[1.56207,43.570573],[1.562074,43.570635],[1.562061,43.570663],[1.562016,43.57069],[1.561923,43.570726],[1.561852,43.570737],[1.561771,43.57077],[1.561704,43.570789],[1.561618,43.570794],[1.561613,43.570836],[1.561637,43.570867],[1.561656,43.570905],[1.561617,43.570993],[1.561583,43.571027],[1.56155,43.571042],[1.561485,43.571034],[1.561465,43.571048],[1.561466,43.571064],[1.561499,43.571122],[1.561498,43.571141],[1.561484,43.571155],[1.56146,43.57116],[1.561436,43.571158],[1.56139,43.571143],[1.561354,43.571136],[1.561302,43.571138],[1.561258,43.571152],[1.561008,43.571264],[1.560665,43.571404],[1.560329,43.571547],[1.560008,43.571717],[1.559651,43.57183],[1.559345,43.571934],[1.559024,43.572049],[1.558703,43.572132],[1.558534,43.572246],[1.558373,43.572332],[1.558204,43.572467],[1.558112,43.572564],[1.5581,43.572626],[1.558083,43.572653],[1.558061,43.572676],[1.558028,43.572696],[1.558007,43.572703],[1.557967,43.572693],[1.557912,43.572699],[1.557875,43.572712],[1.557821,43.572757],[1.557744,43.572827],[1.557694,43.572912],[1.557663,43.572983],[1.557626,43.573022],[1.557586,43.573048],[1.557433,43.573053],[1.557372,43.573077],[1.557289,43.573122],[1.557196,43.573198],[1.557169,43.573209],[1.557115,43.573156],[1.556872,43.572879],[1.556804,43.572792],[1.556722,43.572674],[1.55668,43.572653],[1.556625,43.572662],[1.55643,43.572717],[1.556264,43.57279],[1.556236,43.572812],[1.556226,43.572836],[1.556257,43.572884],[1.556281,43.572897],[1.556304,43.572904],[1.556344,43.572895],[1.556426,43.572862],[1.556457,43.572852],[1.556511,43.572839],[1.556584,43.572827],[1.556628,43.57283],[1.556663,43.572838],[1.556686,43.572852],[1.55672,43.572888],[1.556736,43.572924],[1.556734,43.572945],[1.556669,43.573031],[1.556665,43.573084],[1.556671,43.573111],[1.556699,43.573134],[1.556764,43.573171],[1.556784,43.573203],[1.556792,43.573223],[1.55679,43.573245],[1.556785,43.573264],[1.556777,43.573278],[1.556718,43.573301],[1.556576,43.573376],[1.556556,43.573403],[1.556557,43.573428],[1.556572,43.573466],[1.556618,43.573546],[1.556624,43.573579],[1.556606,43.573602],[1.55658,43.573608],[1.556517,43.573607],[1.556475,43.573616],[1.556431,43.57363],[1.556359,43.573697],[1.556282,43.573739],[1.556178,43.573811],[1.555884,43.573986],[1.555732,43.574067],[1.555689,43.574084],[1.555651,43.574088],[1.555563,43.574109],[1.555348,43.57419],[1.555283,43.57427],[1.55523,43.574305],[1.555201,43.574344],[1.555194,43.574373],[1.555171,43.574399],[1.555074,43.574457],[1.55498,43.574506],[1.554925,43.57454],[1.554828,43.574581],[1.554753,43.574601],[1.554687,43.574607],[1.554553,43.574628],[1.554492,43.574662],[1.554477,43.574688],[1.554429,43.574723],[1.554353,43.574737],[1.554283,43.574719],[1.554266,43.574721],[1.554224,43.574753],[1.55404,43.574829],[1.55389,43.57491],[1.553852,43.574917],[1.553819,43.574909],[1.553724,43.574865],[1.553513,43.574839],[1.553461,43.574855],[1.553437,43.574915],[1.553407,43.574928],[1.553366,43.574925],[1.553296,43.574848],[1.55325,43.574813],[1.55319,43.574793],[1.552561,43.574646],[1.552484,43.574639],[1.552415,43.574643],[1.552322,43.574604],[1.552274,43.574576],[1.552204,43.57455],[1.552116,43.574525],[1.552024,43.574511],[1.551938,43.574523],[1.551828,43.574544],[1.551519,43.574561],[1.550971,43.574556],[1.550279,43.57449],[1.549574,43.574393],[1.54946,43.574386],[1.549266,43.574396],[1.549919,43.575187],[1.55013,43.575432]]],"type":"Polygon"},"properties":{"zoneCode":"Ji","zoneLabel":"Jaune inondation (expansion des crues)","zoneColor":"#FBC02D","codeZone":"31201200220024","typeReg":"03","libelleZone":"Zone Jaune : Zone dite non Urbanisée - aléa moyen à Faible"}},{"type":"Feature","geometry":{"coordinates":[[[1.537487,43.579828],[1.536977,43.580009],[1.537021,43.580093],[1.537015,43.580117],[1.537022,43.580163],[1.537034,43.580187],[1.537064,43.580208],[1.537084,43.580208],[1.537105,43.580192],[1.537126,43.580157],[1.537146,43.58014],[1.537177,43.580133],[1.537215,43.58014],[1.537289,43.580161],[1.537333,43.580182],[1.537396,43.580236],[1.537417,43.580249],[1.537443,43.580259],[1.537453,43.580273],[1.537453,43.580289],[1.537442,43.5803],[1.537415,43.58032],[1.537391,43.580332],[1.537378,43.580349],[1.537389,43.580357],[1.53741,43.580361],[1.537434,43.580356],[1.537607,43.5803],[1.538027,43.580189],[1.538112,43.580159],[1.538243,43.58012],[1.538392,43.580077],[1.538497,43.580051],[1.538515,43.580035],[1.538511,43.58002],[1.538494,43.579998],[1.539404,43.579831],[1.539443,43.57983],[1.539476,43.579817],[1.540293,43.579649],[1.541928,43.57898],[1.542004,43.578978],[1.542175,43.578841],[1.542213,43.578788],[1.542253,43.578689],[1.542292,43.578608],[1.542339,43.578559],[1.542412,43.578521],[1.542509,43.578505],[1.542576,43.578519],[1.542689,43.578569],[1.542781,43.578593],[1.542854,43.57863],[1.542972,43.578658],[1.543087,43.578655],[1.54314,43.578615],[1.543185,43.578569],[1.543188,43.578414],[1.543249,43.578342],[1.543465,43.578151],[1.543483,43.578135],[1.543648,43.578065],[1.543749,43.578028],[1.543804,43.577998],[1.543825,43.57797],[1.54385,43.577952],[1.543931,43.577914],[1.543973,43.577891],[1.543994,43.577867],[1.543992,43.577838],[1.543971,43.577776],[1.543975,43.577759],[1.54396,43.57774],[1.543949,43.577704],[1.543956,43.577663],[1.543982,43.577628],[1.544032,43.57761],[1.544104,43.577572],[1.544215,43.577546],[1.544261,43.57755],[1.544292,43.577559],[1.544305,43.577594],[1.544321,43.577617],[1.544345,43.577631],[1.544385,43.577633],[1.544492,43.577595],[1.544517,43.57759],[1.544534,43.577595],[1.54455,43.57763],[1.544575,43.577665],[1.544606,43.577685],[1.544711,43.577692],[1.544745,43.577688],[1.544788,43.577693],[1.544816,43.577706],[1.544894,43.577766],[1.544943,43.577785],[1.54497,43.577788],[1.545081,43.577784],[1.545287,43.577744],[1.545485,43.577665],[1.545697,43.577565],[1.545934,43.577462],[1.546316,43.577353],[1.546663,43.577313],[1.547012,43.577219],[1.547087,43.577192],[1.547128,43.577138],[1.547135,43.577009],[1.547155,43.576942],[1.547198,43.576921],[1.547395,43.576801],[1.547508,43.576724],[1.547644,43.576672],[1.547785,43.576638],[1.547879,43.57664],[1.54823,43.576562],[1.548355,43.576479],[1.54845,43.576392],[1.548551,43.576285],[1.548758,43.576162],[1.548825,43.576128],[1.548894,43.57611],[1.548923,43.576089],[1.548944,43.576063],[1.548941,43.575962],[1.548971,43.575917],[1.548983,43.575872],[1.549024,43.575792],[1.549038,43.57571],[1.549043,43.575567],[1.549038,43.575532],[1.549041,43.57552],[1.549074,43.575444],[1.549102,43.575402],[1.549123,43.575406],[1.549173,43.575404],[1.549645,43.575367],[1.549732,43.575368],[1.549816,43.575376],[1.549877,43.575386],[1.549916,43.575401],[1.549978,43.575415],[1.550008,43.575417],[1.550057,43.575441],[1.549862,43.575209],[1.549165,43.5744],[1.549093,43.574396],[1.548986,43.574401],[1.548491,43.574625],[1.548469,43.574633],[1.548458,43.574633],[1.548447,43.574626],[1.54822,43.57472],[1.548136,43.57483],[1.548068,43.574885],[1.54797,43.574933],[1.547799,43.574989],[1.547668,43.575045],[1.547558,43.575125],[1.547498,43.575156],[1.547467,43.575184],[1.547448,43.575214],[1.547463,43.575229],[1.5475,43.575245],[1.547537,43.575302],[1.547571,43.575336],[1.547565,43.57535],[1.547594,43.575364],[1.547624,43.575364],[1.547698,43.575388],[1.547718,43.575411],[1.547873,43.575541],[1.547937,43.575581],[1.547957,43.575618],[1.54797,43.575664],[1.547971,43.575694],[1.547908,43.575737],[1.547879,43.575748],[1.547826,43.575765],[1.547795,43.575792],[1.547782,43.575818],[1.547777,43.575852],[1.547806,43.575885],[1.54785,43.575917],[1.547895,43.575961],[1.5479,43.576],[1.547896,43.576017],[1.547887,43.576045],[1.547864,43.576065],[1.547815,43.576073],[1.547771,43.576077],[1.547722,43.576094],[1.547627,43.576161],[1.547529,43.576215],[1.54746,43.576244],[1.547432,43.576261],[1.547112,43.57638],[1.547008,43.576399],[1.546656,43.57655],[1.54638,43.576619],[1.546174,43.576697],[1.546041,43.576759],[1.545763,43.576872],[1.545454,43.577004],[1.545401,43.577016],[1.545362,43.577002],[1.545301,43.576963],[1.545233,43.576928],[1.545073,43.576861],[1.545045,43.576853],[1.544994,43.576829],[1.544888,43.576808],[1.544817,43.576776],[1.544765,43.576735],[1.544687,43.576647],[1.544669,43.57662],[1.544679,43.576558],[1.544659,43.57654],[1.544643,43.576502],[1.544586,43.576462],[1.544497,43.576429],[1.544387,43.576411],[1.544291,43.57643],[1.544194,43.576475],[1.544068,43.576593],[1.543976,43.576644],[1.543888,43.576684],[1.543799,43.576709],[1.543695,43.576715],[1.543664,43.576725],[1.543627,43.576754],[1.543613,43.576791],[1.543635,43.576917],[1.543681,43.577029],[1.543767,43.577159],[1.543771,43.577245],[1.543773,43.577243],[1.543761,43.577315],[1.543695,43.577384],[1.543631,43.577419],[1.543555,43.577472],[1.543533,43.577527],[1.543557,43.577564],[1.543604,43.577597],[1.543668,43.577628],[1.543685,43.577658],[1.543676,43.577685],[1.54363,43.577722],[1.543535,43.577772],[1.543457,43.577792],[1.543373,43.577793],[1.543309,43.577799],[1.543247,43.57781],[1.543177,43.577832],[1.543147,43.577851],[1.543132,43.577867],[1.543119,43.577892],[1.543086,43.577919],[1.543052,43.577923],[1.54302,43.57792],[1.542972,43.577929],[1.542931,43.577948],[1.542902,43.577969],[1.542883,43.577989],[1.542839,43.577998],[1.542793,43.577989],[1.542729,43.57796],[1.542711,43.577971],[1.542716,43.578011],[1.542728,43.57803],[1.542746,43.578043],[1.542765,43.578066],[1.542764,43.578097],[1.542736,43.578109],[1.542689,43.57811],[1.542638,43.578092],[1.542592,43.578069],[1.542524,43.578025],[1.542439,43.57794],[1.542389,43.577836],[1.542354,43.577719],[1.542316,43.577647],[1.542305,43.577574],[1.542299,43.577561],[1.542283,43.577548],[1.542247,43.577551],[1.542219,43.577556],[1.542151,43.577577],[1.542031,43.577593],[1.541921,43.577621],[1.541815,43.577653],[1.541654,43.577736],[1.54156,43.577777],[1.541488,43.577802],[1.541418,43.577835],[1.541326,43.577881],[1.54129,43.57791],[1.541289,43.577958],[1.541308,43.577984],[1.541342,43.578015],[1.541427,43.578048],[1.54156,43.578149],[1.541597,43.578194],[1.54162,43.57824],[1.541642,43.578325],[1.541642,43.578375],[1.541657,43.578531],[1.541684,43.578748],[1.5417,43.578803],[1.541699,43.578822],[1.541685,43.578847],[1.541548,43.578909],[1.541442,43.578948],[1.541402,43.578967],[1.541364,43.578966],[1.541313,43.578979],[1.541205,43.57899],[1.541178,43.57901],[1.541087,43.579034],[1.540801,43.579109],[1.540681,43.579137],[1.540532,43.579161],[1.540449,43.579197],[1.540396,43.579204],[1.540364,43.579204],[1.540329,43.579188],[1.540305,43.579173],[1.54024,43.579076],[1.540207,43.579062],[1.54018,43.579075],[1.540175,43.579093],[1.540175,43.579112],[1.540209,43.579219],[1.540202,43.579269],[1.540166,43.57929],[1.540091,43.579306],[1.540039,43.579312],[1.540015,43.579321],[1.539643,43.579365],[1.539617,43.579387],[1.5396,43.579394],[1.539574,43.579391],[1.539539,43.579378],[1.539478,43.579246],[1.539415,43.579184],[1.539347,43.579032],[1.539313,43.578976],[1.539269,43.578947],[1.539182,43.57894],[1.539031,43.578962],[1.538809,43.57899],[1.538611,43.579027],[1.538399,43.579073],[1.53812,43.579101],[1.53808,43.579138],[1.538084,43.579212],[1.538121,43.57926],[1.53812,43.579291],[1.538111,43.579312],[1.538101,43.579325],[1.538085,43.579335],[1.538058,43.579339],[1.538039,43.579362],[1.538038,43.579376],[1.538063,43.579416],[1.53805,43.579425],[1.538043,43.579445],[1.537995,43.57946],[1.537955,43.579467],[1.537927,43.579481],[1.5379,43.57948],[1.537878,43.579474],[1.53787,43.579462],[1.537876,43.57944],[1.537861,43.579435],[1.537845,43.579439],[1.537843,43.579476],[1.537811,43.579499],[1.537774,43.579534],[1.537774,43.579592],[1.537798,43.579646],[1.537796,43.5797],[1.537788,43.579732],[1.537763,43.579749],[1.537696,43.579762],[1.537677,43.579757],[1.53763,43.579776],[1.537542,43.579769],[1.53751,43.579751],[1.53747,43.579709],[1.537293,43.579433],[1.537021,43.578987],[1.537026,43.579006],[1.537487,43.579828]]],"type":"Polygon"},"properties":{"zoneCode":"Ji","zoneLabel":"Jaune inondation (expansion des crues)","zoneColor":"#FBC02D","codeZone":"31201200220023","typeReg":"03","libelleZone":"Zone Jaune : Zone dite non Urbanisée - aléa moyen à Faible"}},{"type":"Feature","geometry":{"coordinates":[[[1.529878,43.588026],[1.529877,43.588055],[1.529908,43.588058],[1.530267,43.588021],[1.530325,43.588027],[1.530387,43.588044],[1.530486,43.588102],[1.53051,43.588127],[1.530522,43.588163],[1.530527,43.588192],[1.530554,43.588223],[1.5307,43.588337],[1.530751,43.588384],[1.53079,43.588448],[1.53085,43.588506],[1.530878,43.588555],[1.53092,43.588682],[1.530969,43.588806],[1.531013,43.58885],[1.531076,43.588904],[1.531102,43.588991],[1.531122,43.589025],[1.531187,43.589111],[1.531199,43.589166],[1.531231,43.58927],[1.531259,43.589336],[1.531305,43.58939],[1.531365,43.589475],[1.531417,43.58957],[1.531457,43.589616],[1.531463,43.589666],[1.531453,43.589707],[1.531435,43.589743],[1.531433,43.589765],[1.531443,43.58978],[1.531464,43.589791],[1.531506,43.589797],[1.53155,43.589798],[1.531597,43.589793],[1.531623,43.589782],[1.531631,43.589768],[1.531633,43.589743],[1.531619,43.5897],[1.531534,43.589504],[1.531478,43.589399],[1.531409,43.58933],[1.531341,43.589252],[1.531313,43.589105],[1.531284,43.589052],[1.53125,43.589011],[1.531223,43.58897],[1.531219,43.588931],[1.531194,43.588889],[1.531129,43.588813],[1.531095,43.588782],[1.531058,43.588693],[1.531026,43.588629],[1.530956,43.588506],[1.530899,43.588449],[1.530859,43.588397],[1.530821,43.588323],[1.530787,43.588271],[1.530717,43.588224],[1.530663,43.5882],[1.530637,43.588176],[1.530607,43.588096],[1.530579,43.588064],[1.530527,43.588022],[1.530478,43.588009],[1.530351,43.587963],[1.530238,43.587945],[1.530175,43.587942],[1.530025,43.587977],[1.529883,43.58799],[1.52988,43.587998],[1.529895,43.588],[1.530193,43.587966],[1.530288,43.587968],[1.530372,43.587984],[1.530507,43.588033],[1.53056,43.588066],[1.530584,43.588105],[1.530588,43.588142],[1.530596,43.588169],[1.53061,43.588192],[1.530762,43.588267],[1.530858,43.588427],[1.530931,43.588489],[1.531023,43.588665],[1.531057,43.588771],[1.531073,43.588796],[1.531112,43.58882],[1.531167,43.588872],[1.531203,43.58893],[1.531219,43.588991],[1.531236,43.589022],[1.531277,43.589075],[1.531293,43.58911],[1.531309,43.589185],[1.531317,43.58926],[1.531384,43.589326],[1.531462,43.589412],[1.531483,43.589461],[1.531544,43.58957],[1.53157,43.589634],[1.531592,43.58971],[1.531599,43.58976],[1.531592,43.589771],[1.531522,43.58977],[1.5315,43.589759],[1.531491,43.589747],[1.53149,43.589733],[1.531502,43.589699],[1.531505,43.589644],[1.531498,43.589599],[1.531466,43.589547],[1.531408,43.589434],[1.531348,43.589376],[1.531268,43.58927],[1.531261,43.589217],[1.531227,43.589103],[1.531215,43.589091],[1.531187,43.589073],[1.53116,43.589038],[1.531148,43.589012],[1.531145,43.588966],[1.531147,43.588923],[1.531138,43.588909],[1.531054,43.58885],[1.531008,43.588807],[1.53094,43.588578],[1.530909,43.588524],[1.530865,43.588477],[1.530822,43.588443],[1.530809,43.588404],[1.530771,43.58835],[1.530717,43.588297],[1.530678,43.588266],[1.53061,43.588234],[1.530576,43.588207],[1.530552,43.588177],[1.530533,43.588118],[1.530506,43.588071],[1.530453,43.588047],[1.530328,43.588003],[1.530285,43.587996],[1.530049,43.588016],[1.529878,43.588026]]],"type":"Polygon"},"properties":{"zoneCode":"Ji","zoneLabel":"Jaune inondation (expansion des crues)","zoneColor":"#FBC02D","codeZone":"31201200220026","typeReg":"03","libelleZone":"Zone Jaune : Zone dite non Urbanisée - aléa moyen à Faible"}},{"type":"Feature","geometry":{"coordinates":[[[1.568443,43.569944],[1.567747,43.570149],[1.567505,43.570227],[1.567191,43.570377],[1.56765,43.570365],[1.5679,43.570422],[1.568053,43.570578],[1.568145,43.570888],[1.568335,43.571185],[1.568716,43.571582],[1.56883,43.571835],[1.568883,43.572187],[1.56882,43.572482],[1.568601,43.573001],[1.56852,43.573268],[1.568495,43.573633],[1.568526,43.574224],[1.568451,43.57444],[1.568443,43.574564],[1.568487,43.574707],[1.568587,43.574809],[1.568749,43.574946],[1.56894,43.57518],[1.569069,43.575407],[1.569107,43.575577],[1.569087,43.575662],[1.569067,43.575774],[1.569006,43.575915],[1.56879,43.576167],[1.568652,43.576433],[1.568492,43.576826],[1.568333,43.577485],[1.568397,43.577361],[1.568476,43.577277],[1.568516,43.577204],[1.568589,43.576972],[1.568703,43.576645],[1.568784,43.576368],[1.568943,43.576125],[1.569029,43.576041],[1.569219,43.575872],[1.569363,43.575686],[1.569394,43.575596],[1.569388,43.575534],[1.569334,43.575432],[1.569142,43.575243],[1.569027,43.575056],[1.568959,43.574919],[1.568739,43.574012],[1.568694,43.573768],[1.568698,43.573559],[1.568733,43.573219],[1.568816,43.572886],[1.568912,43.572683],[1.568977,43.572473],[1.569059,43.57214],[1.569054,43.571965],[1.569001,43.571811],[1.568911,43.571624],[1.568611,43.571322],[1.568542,43.571185],[1.568459,43.570981],[1.568408,43.57072],[1.568404,43.570477],[1.568438,43.570295],[1.568495,43.570121],[1.568481,43.570007],[1.568443,43.569944]]],"type":"Polygon"},"properties":{"zoneCode":"Ji","zoneLabel":"Jaune inondation (expansion des crues)","zoneColor":"#FBC02D","codeZone":"31201200220025","typeReg":"03","libelleZone":"Zone Jaune : Zone dite non Urbanisée - aléa moyen à Faible"}},{"type":"Feature","geometry":{"coordinates":[[[1.530129,43.581189],[1.530197,43.581218],[1.530248,43.581263],[1.530269,43.581297],[1.53028,43.581427],[1.530274,43.581445],[1.530258,43.581464],[1.53023,43.581474],[1.530016,43.581481],[1.529331,43.581468],[1.528967,43.581465],[1.528824,43.581469],[1.52847,43.581462],[1.52859,43.581649],[1.528696,43.58159],[1.528783,43.581547],[1.529286,43.581563],[1.529532,43.581566],[1.529841,43.581576],[1.529984,43.581594],[1.530086,43.581586],[1.530212,43.581608],[1.530262,43.58163],[1.530269,43.581646],[1.530291,43.581671],[1.530319,43.581655],[1.530354,43.581617],[1.530395,43.581584],[1.530513,43.58159],[1.530773,43.58158],[1.530812,43.581597],[1.530836,43.58162],[1.530861,43.581668],[1.530866,43.581694],[1.531489,43.581492],[1.531241,43.581147],[1.530129,43.581189]]],"type":"Polygon"},"properties":{"zoneCode":"Bi","zoneLabel":"Bleue inondation","zoneColor":"#4FA8E0","codeZone":"31201200220020","typeReg":"02","libelleZone":"Zone Bleue : Zone dite Urbanisée - Aléa moyen à Faible"}},{"type":"Feature","geometry":{"coordinates":[[[1.528984,43.581178],[1.529024,43.581217],[1.529046,43.581231],[1.529104,43.581239],[1.529164,43.581236],[1.529213,43.581255],[1.529236,43.581281],[1.529258,43.581315],[1.529274,43.581331],[1.529312,43.581331],[1.529421,43.581341],[1.529507,43.581344],[1.52956,43.58134],[1.529695,43.581341],[1.529739,43.581346],[1.529751,43.581369],[1.529768,43.581367],[1.529782,43.581357],[1.529804,43.581315],[1.529806,43.581283],[1.529823,43.581193],[1.528984,43.581178]]],"type":"Polygon"},"properties":{"zoneCode":"Bi","zoneLabel":"Bleue inondation","zoneColor":"#4FA8E0","codeZone":"31201200220019","typeReg":"02","libelleZone":"Zone Bleue : Zone dite Urbanisée - Aléa moyen à Faible"}},{"type":"Feature","geometry":{"coordinates":[[[1.528547,43.585537],[1.528538,43.58557],[1.528647,43.585918],[1.528605,43.586048],[1.528556,43.586041],[1.528543,43.586122],[1.528544,43.586178],[1.528621,43.586362],[1.528632,43.586396],[1.52865,43.586549],[1.528698,43.58669],[1.528825,43.586859],[1.528861,43.58692],[1.528912,43.587017],[1.529005,43.587151],[1.529034,43.587198],[1.529056,43.587282],[1.529111,43.587327],[1.529146,43.587371],[1.529181,43.587376],[1.529165,43.587346],[1.52909,43.587292],[1.529069,43.587262],[1.529034,43.587133],[1.528973,43.587089],[1.528929,43.587011],[1.528881,43.586904],[1.528823,43.586821],[1.528756,43.586737],[1.528713,43.586671],[1.5287,43.586636],[1.528691,43.586578],[1.528694,43.586533],[1.528746,43.586516],[1.528741,43.586579],[1.528748,43.586627],[1.528781,43.586695],[1.528832,43.586747],[1.528914,43.586872],[1.528933,43.586909],[1.528947,43.586959],[1.528982,43.587043],[1.529064,43.587126],[1.529083,43.587158],[1.529087,43.587203],[1.529111,43.587265],[1.529164,43.587322],[1.529205,43.587355],[1.52922,43.587379],[1.52923,43.587378],[1.529215,43.587346],[1.529126,43.587267],[1.529111,43.587235],[1.529102,43.587168],[1.529089,43.58713],[1.52906,43.587096],[1.528983,43.586976],[1.52896,43.586904],[1.528917,43.586829],[1.528816,43.586694],[1.528805,43.586661],[1.52879,43.58656],[1.528821,43.586555],[1.528912,43.586524],[1.528967,43.586513],[1.529114,43.586477],[1.529186,43.586446],[1.529146,43.586327],[1.528928,43.586373],[1.528803,43.586403],[1.528808,43.586376],[1.5288,43.586347],[1.528773,43.586297],[1.528732,43.586251],[1.528712,43.586197],[1.52872,43.586122],[1.528753,43.585995],[1.528758,43.585938],[1.528753,43.585864],[1.528741,43.585797],[1.528723,43.58574],[1.528684,43.585655],[1.528637,43.585573],[1.528616,43.585529],[1.528595,43.585533],[1.528643,43.58563],[1.528683,43.585689],[1.528711,43.585776],[1.528722,43.585829],[1.528728,43.585868],[1.528723,43.58595],[1.528725,43.585983],[1.528718,43.586033],[1.528693,43.586127],[1.528692,43.586164],[1.528694,43.586196],[1.528711,43.58627],[1.528728,43.586297],[1.528765,43.586331],[1.528784,43.586365],[1.528783,43.586403],[1.528757,43.586416],[1.528756,43.586375],[1.528667,43.58626],[1.528651,43.586228],[1.528651,43.586193],[1.528674,43.585991],[1.528674,43.585798],[1.528665,43.585758],[1.528643,43.58571],[1.528621,43.585671],[1.528584,43.585622],[1.528547,43.585537]]],"type":"Polygon"},"properties":{"zoneCode":"Ji","zoneLabel":"Jaune inondation (expansion des crues)","zoneColor":"#FBC02D","codeZone":"31201200220022","typeReg":"03","libelleZone":"Zone Jaune : Zone dite non Urbanisée - aléa moyen à Faible"}},{"type":"Feature","geometry":{"coordinates":[[[1.538189,43.579993],[1.538532,43.57986],[1.53814,43.579842],[1.538189,43.579993]]],"type":"Polygon"},"properties":{"zoneCode":"GHi","zoneLabel":"Grise hachurée inondation (crue historique)","zoneColor":"#8A8A8A","codeZone":"31201200220021","typeReg":"01","libelleZone":"Zone crue historique"}},{"type":"Feature","geometry":{"coordinates":[[[1.523122,43.580609],[1.523889,43.580615],[1.524307,43.581085],[1.525563,43.580993],[1.52648,43.581024],[1.527222,43.581097],[1.52789,43.581124],[1.528084,43.581394],[1.528083,43.581449],[1.52802,43.58145],[1.528487,43.581993],[1.528944,43.582589],[1.528973,43.582646],[1.528984,43.582679],[1.528978,43.582727],[1.528986,43.582765],[1.528978,43.582794],[1.528815,43.58289],[1.527644,43.583663],[1.527615,43.583679],[1.527807,43.583708],[1.528981,43.582914],[1.529066,43.582862],[1.52917,43.582807],[1.529223,43.582786],[1.529247,43.582757],[1.529254,43.582726],[1.529246,43.58269],[1.528562,43.58175],[1.528586,43.581724],[1.528601,43.581681],[1.52859,43.581649],[1.52847,43.581462],[1.528439,43.581425],[1.528284,43.581212],[1.528246,43.581176],[1.528258,43.581141],[1.528863,43.581145],[1.528984,43.581178],[1.529823,43.581193],[1.529946,43.581179],[1.530074,43.58118],[1.530129,43.581189],[1.531241,43.581147],[1.531205,43.581128],[1.530886,43.581015],[1.530842,43.58102],[1.53083,43.581001],[1.530824,43.580969],[1.530857,43.580938],[1.530907,43.580921],[1.530969,43.580895],[1.531025,43.580865],[1.531051,43.580819],[1.531028,43.580783],[1.530948,43.580751],[1.530896,43.580743],[1.530795,43.58069],[1.530721,43.580703],[1.530622,43.58067],[1.530537,43.580646],[1.530392,43.580607],[1.53029,43.580584],[1.530229,43.580584],[1.530167,43.580591],[1.530116,43.580591],[1.530085,43.580586],[1.529994,43.580535],[1.529709,43.580507],[1.529673,43.580486],[1.529647,43.58048],[1.529606,43.58048],[1.529578,43.58049],[1.529568,43.580498],[1.529567,43.580516],[1.529561,43.580539],[1.529529,43.580587],[1.52949,43.580638],[1.529456,43.580655],[1.529403,43.580666],[1.529309,43.580661],[1.52923,43.580644],[1.52909,43.580568],[1.529029,43.580551],[1.52896,43.580557],[1.52893,43.580579],[1.528915,43.580601],[1.528895,43.580669],[1.528905,43.580768],[1.528886,43.580799],[1.528855,43.58082],[1.528804,43.580821],[1.528762,43.580807],[1.528682,43.580765],[1.528621,43.580719],[1.528488,43.580609],[1.528293,43.580329],[1.528154,43.580155],[1.528001,43.580022],[1.527935,43.579971],[1.527818,43.579947],[1.527794,43.57994],[1.527764,43.57992],[1.527757,43.579902],[1.527783,43.579885],[1.527818,43.579879],[1.527856,43.579879],[1.527939,43.579861],[1.528063,43.579812],[1.528125,43.579794],[1.52814,43.579783],[1.528149,43.57976],[1.528139,43.57974],[1.52806,43.5797],[1.528038,43.579682],[1.527968,43.579666],[1.527786,43.579663],[1.527597,43.579643],[1.527464,43.57962],[1.52743,43.579626],[1.527396,43.579641],[1.527384,43.579665],[1.527384,43.579721],[1.527397,43.579748],[1.527421,43.579767],[1.527427,43.579792],[1.527445,43.579815],[1.527455,43.579839],[1.527411,43.57988],[1.527367,43.579884],[1.527269,43.579882],[1.527224,43.579886],[1.527194,43.579899],[1.527162,43.57993],[1.527181,43.579964],[1.527419,43.580316],[1.52779,43.580834],[1.527902,43.580975],[1.528191,43.581348],[1.52825,43.581439],[1.528255,43.58147],[1.528237,43.581465],[1.528194,43.581438],[1.528099,43.581306],[1.527901,43.581047],[1.527609,43.580642],[1.527189,43.580088],[1.527056,43.579969],[1.52705,43.579974],[1.527061,43.580036],[1.527047,43.580054],[1.526967,43.580049],[1.526948,43.580062],[1.526956,43.580089],[1.526947,43.580116],[1.52691,43.580152],[1.526883,43.580161],[1.526822,43.580169],[1.526748,43.580159],[1.526669,43.580155],[1.526655,43.580157],[1.526619,43.580144],[1.526581,43.580151],[1.526575,43.580174],[1.526574,43.58021],[1.526548,43.580237],[1.526521,43.580245],[1.526482,43.580264],[1.526441,43.580302],[1.526397,43.580324],[1.526311,43.580323],[1.526256,43.580343],[1.526068,43.580378],[1.526037,43.580401],[1.525974,43.580436],[1.525943,43.580449],[1.525912,43.580444],[1.52588,43.580422],[1.525855,43.580401],[1.525837,43.580369],[1.525732,43.580294],[1.525714,43.580291],[1.525678,43.580295],[1.525654,43.580315],[1.525648,43.580337],[1.525647,43.580355],[1.525659,43.580373],[1.525659,43.580392],[1.525669,43.580447],[1.525655,43.580491],[1.525625,43.580516],[1.525597,43.580524],[1.525564,43.580538],[1.525475,43.580555],[1.525438,43.580554],[1.525314,43.58053],[1.525283,43.580546],[1.525277,43.580561],[1.525252,43.580584],[1.525209,43.580583],[1.525141,43.580533],[1.525106,43.58054],[1.525079,43.580568],[1.525076,43.580676],[1.525088,43.580705],[1.525087,43.580748],[1.525068,43.58077],[1.524967,43.580813],[1.524748,43.580896],[1.52463,43.580926],[1.524531,43.580925],[1.524458,43.580896],[1.524328,43.580808],[1.524208,43.580717],[1.524178,43.580677],[1.524068,43.580586],[1.524025,43.580565],[1.523982,43.580552],[1.523896,43.580565],[1.523798,43.580564],[1.523755,43.58055],[1.523688,43.580499],[1.523631,43.580429],[1.5236,43.580404],[1.523547,43.580379],[1.523474,43.580357],[1.523381,43.580373],[1.523322,43.580398],[1.523243,43.580448],[1.523168,43.580519],[1.523136,43.580557],[1.523122,43.580609]]],"type":"Polygon"},"properties":{"zoneCode":"Ji","zoneLabel":"Jaune inondation (expansion des crues)","zoneColor":"#FBC02D","codeZone":"31201200220016","typeReg":"03","libelleZone":"Zone Jaune : Zone dite non Urbanisée - aléa moyen à Faible"}},{"type":"Feature","geometry":{"coordinates":[[[1.522936,43.578997],[1.522901,43.579171],[1.52291,43.579254],[1.522997,43.57927],[1.523119,43.579263],[1.52356,43.579224],[1.523648,43.579167],[1.523712,43.579095],[1.52369,43.578979],[1.523637,43.578883],[1.523565,43.57882],[1.523305,43.578816],[1.523001,43.578832],[1.522971,43.578841],[1.522958,43.578854],[1.522936,43.578997]]],"type":"Polygon"},"properties":{"zoneCode":"Ji","zoneLabel":"Jaune inondation (expansion des crues)","zoneColor":"#FBC02D","codeZone":"31201200220015","typeReg":"03","libelleZone":"Zone Jaune : Zone dite non Urbanisée - aléa moyen à Faible"}},{"type":"Feature","geometry":{"coordinates":[[[1.536873,43.579701],[1.53686,43.57972],[1.536832,43.579737],[1.536828,43.579777],[1.536882,43.579873],[1.536883,43.579883],[1.536933,43.579954],[1.53695,43.579966],[1.536996,43.579963],[1.537045,43.579953],[1.537167,43.579909],[1.537409,43.579837],[1.537413,43.579801],[1.537402,43.579693],[1.537384,43.579659],[1.53735,43.579624],[1.537319,43.57958],[1.537185,43.579373],[1.537033,43.579075],[1.537023,43.579053],[1.537026,43.579006],[1.537021,43.578987],[1.536996,43.578964],[1.536978,43.578952],[1.536953,43.578941],[1.5369,43.578926],[1.536253,43.578802],[1.536449,43.579088],[1.536581,43.579288],[1.536742,43.579514],[1.536745,43.579557],[1.536766,43.579609],[1.536788,43.579641],[1.536843,43.579636],[1.536873,43.579701]]],"type":"Polygon"},"properties":{"zoneCode":"GHi","zoneLabel":"Grise hachurée inondation (crue historique)","zoneColor":"#8A8A8A","codeZone":"31201200220018","typeReg":"01","libelleZone":"Zone crue historique"}},{"type":"Feature","geometry":{"coordinates":[[[1.536469,43.579475],[1.536413,43.579453],[1.536384,43.579456],[1.536227,43.579489],[1.53616,43.579496],[1.536094,43.579494],[1.536046,43.5795],[1.535996,43.579523],[1.535969,43.579572],[1.535934,43.57959],[1.535911,43.579598],[1.535848,43.579596],[1.53578,43.579612],[1.535748,43.579625],[1.535705,43.579633],[1.535679,43.579629],[1.535664,43.579614],[1.535656,43.579629],[1.535667,43.579655],[1.5357,43.579668],[1.535731,43.579668],[1.535748,43.579676],[1.53575,43.579686],[1.535771,43.579708],[1.535771,43.579751],[1.535829,43.579838],[1.535847,43.579845],[1.535972,43.579787],[1.536011,43.579808],[1.536043,43.579819],[1.536099,43.579815],[1.53619,43.579791],[1.536367,43.579736],[1.53651,43.579679],[1.536526,43.579657],[1.536531,43.579628],[1.536516,43.579568],[1.536494,43.579531],[1.536469,43.579475]]],"type":"Polygon"},"properties":{"zoneCode":"GHi","zoneLabel":"Grise hachurée inondation (crue historique)","zoneColor":"#8A8A8A","codeZone":"31201200220017","typeReg":"01","libelleZone":"Zone crue historique"}},{"type":"Feature","geometry":{"coordinates":[[[1.522855,43.580613],[1.523019,43.58068],[1.523137,43.580744],[1.523396,43.580986],[1.523554,43.581193],[1.523831,43.581448],[1.523926,43.581575],[1.524104,43.581768],[1.524248,43.581955],[1.524305,43.582023],[1.524357,43.582074],[1.524522,43.58218],[1.524679,43.582241],[1.525151,43.582555],[1.5252,43.58262],[1.525371,43.582731],[1.525644,43.582899],[1.525763,43.582965],[1.525837,43.583014],[1.525937,43.583067],[1.526165,43.58321],[1.526314,43.583284],[1.526383,43.58333],[1.526577,43.583438],[1.526669,43.58351],[1.526714,43.583551],[1.526884,43.583684],[1.526929,43.583712],[1.527105,43.583803],[1.527262,43.583913],[1.52731,43.583913],[1.526926,43.58366],[1.526555,43.583402],[1.525873,43.583001],[1.525457,43.58275],[1.525253,43.582588],[1.524709,43.582227],[1.524599,43.582175],[1.524412,43.582078],[1.524278,43.581938],[1.52398,43.581596],[1.523887,43.581478],[1.523833,43.581418],[1.523766,43.58136],[1.523702,43.581294],[1.523612,43.581175],[1.523521,43.581063],[1.523477,43.581005],[1.523442,43.580967],[1.523407,43.580921],[1.523308,43.580827],[1.523242,43.580777],[1.523136,43.580669],[1.523125,43.580637],[1.523122,43.580609],[1.522838,43.5806],[1.522855,43.580613]]],"type":"Polygon"},"properties":{"zoneCode":"Ri","zoneLabel":"Rouge inondation","zoneColor":"#E2001A","codeZone":"31201200220012","typeReg":"03","libelleZone":"Zone Rouge : Zone dite non Urbanisée et Zone dite Urbanisée - Aléa Fort"}},{"type":"Feature","geometry":{"coordinates":[[[1.522655,43.578996],[1.522563,43.578999],[1.522307,43.579054],[1.522288,43.579085],[1.522343,43.579127],[1.52236,43.579168],[1.522359,43.579208],[1.522364,43.579247],[1.52235,43.579281],[1.522353,43.579308],[1.522402,43.579334],[1.522467,43.57934],[1.522541,43.579342],[1.522602,43.579373],[1.522634,43.579402],[1.522645,43.579439],[1.522716,43.579446],[1.522755,43.579425],[1.522775,43.579417],[1.522782,43.579418],[1.522808,43.57944],[1.522829,43.579471],[1.522855,43.579479],[1.522866,43.579478],[1.522875,43.579474],[1.522878,43.579468],[1.522889,43.579428],[1.522884,43.579352],[1.52287,43.579292],[1.522813,43.579257],[1.522776,43.579123],[1.52271,43.579046],[1.522655,43.578996]]],"type":"Polygon"},"properties":{"zoneCode":"Ji","zoneLabel":"Jaune inondation (expansion des crues)","zoneColor":"#FBC02D","codeZone":"31201200220011","typeReg":"03","libelleZone":"Zone Jaune : Zone dite non Urbanisée - aléa moyen à Faible"}},{"type":"Feature","geometry":{"coordinates":[[[1.52851,43.585386],[1.528576,43.585344],[1.52862,43.585303],[1.528647,43.58524],[1.528657,43.585188],[1.528659,43.585119],[1.528653,43.58506],[1.528579,43.584928],[1.528306,43.584511],[1.528206,43.584348],[1.528229,43.584278],[1.528243,43.584195],[1.528186,43.584099],[1.528063,43.583936],[1.527831,43.583747],[1.527807,43.583708],[1.527615,43.583679],[1.527366,43.583486],[1.527209,43.583297],[1.527206,43.583256],[1.527209,43.583218],[1.527182,43.58316],[1.527156,43.583135],[1.52708,43.583091],[1.527042,43.583082],[1.52699,43.583076],[1.526942,43.583059],[1.525538,43.582188],[1.52551,43.582154],[1.52547,43.582121],[1.525448,43.582088],[1.525414,43.58205],[1.525358,43.582012],[1.525221,43.581961],[1.525125,43.58194],[1.52505,43.581902],[1.524984,43.581802],[1.524941,43.581606],[1.524931,43.58151],[1.525035,43.581489],[1.525438,43.581456],[1.525614,43.581437],[1.5265,43.581515],[1.526614,43.581488],[1.526631,43.581467],[1.526632,43.58145],[1.526617,43.581432],[1.526387,43.581412],[1.526348,43.581406],[1.526359,43.581359],[1.526111,43.581339],[1.526124,43.58126],[1.526181,43.581183],[1.526266,43.581183],[1.526398,43.581189],[1.526436,43.58121],[1.526456,43.581185],[1.526467,43.581149],[1.52647,43.581122],[1.526502,43.581089],[1.527468,43.581158],[1.527581,43.581168],[1.527703,43.581192],[1.527808,43.581228],[1.527854,43.581261],[1.52802,43.58145],[1.528083,43.581449],[1.528084,43.581394],[1.52789,43.581124],[1.527222,43.581097],[1.52648,43.581024],[1.525563,43.580993],[1.524307,43.581085],[1.523889,43.580615],[1.523122,43.580609],[1.523125,43.580637],[1.523136,43.580669],[1.523242,43.580777],[1.523308,43.580827],[1.523407,43.580921],[1.523442,43.580967],[1.523477,43.581005],[1.523521,43.581063],[1.523612,43.581175],[1.523702,43.581294],[1.523766,43.58136],[1.523833,43.581418],[1.523887,43.581478],[1.52398,43.581596],[1.524278,43.581938],[1.524412,43.582078],[1.524599,43.582175],[1.524709,43.582227],[1.525253,43.582588],[1.525457,43.58275],[1.525873,43.583001],[1.526555,43.583402],[1.526926,43.58366],[1.52731,43.583913],[1.527327,43.583915],[1.527413,43.583974],[1.527745,43.584329],[1.528475,43.585361],[1.52851,43.585386]]],"type":"Polygon"},"properties":{"zoneCode":"Bi","zoneLabel":"Bleue inondation","zoneColor":"#4FA8E0","codeZone":"31201200220014","typeReg":"02","libelleZone":"Zone Bleue : Zone dite Urbanisée - Aléa moyen à Faible"}},{"type":"Feature","geometry":{"coordinates":[[[1.527745,43.584329],[1.52773,43.584322],[1.52772,43.584322],[1.527714,43.58433],[1.527755,43.584377],[1.528098,43.584872],[1.528422,43.585323],[1.528462,43.585391],[1.528484,43.585402],[1.528503,43.585401],[1.52851,43.585386],[1.528475,43.585361],[1.527745,43.584329]]],"type":"Polygon"},"properties":{"zoneCode":"Ri","zoneLabel":"Rouge inondation","zoneColor":"#E2001A","codeZone":"31201200220013","typeReg":"03","libelleZone":"Zone Rouge : Zone dite non Urbanisée et Zone dite Urbanisée - Aléa Fort"}},{"type":"Feature","geometry":{"coordinates":[[[1.505498,43.580741],[1.506329,43.581663],[1.507051,43.581336],[1.50789,43.580982],[1.508601,43.580754],[1.508943,43.58064],[1.508971,43.580623],[1.510277,43.58017],[1.510393,43.580134],[1.510561,43.580101],[1.510602,43.58008],[1.510628,43.580051],[1.510686,43.580042],[1.510836,43.580004],[1.510702,43.579746],[1.510416,43.579093],[1.510348,43.579031],[1.510261,43.578876],[1.509905,43.578091],[1.509755,43.577855],[1.509501,43.577981],[1.509785,43.578543],[1.510049,43.579086],[1.510012,43.579203],[1.509931,43.579275],[1.509635,43.579402],[1.509418,43.579594],[1.509212,43.579907],[1.50897,43.580199],[1.508836,43.580307],[1.508706,43.580441],[1.508655,43.580457],[1.508568,43.580457],[1.508516,43.580468],[1.508509,43.580515],[1.508492,43.580549],[1.508405,43.580569],[1.508296,43.580572],[1.508192,43.5805],[1.508037,43.580415],[1.507807,43.580337],[1.507588,43.580293],[1.507444,43.580314],[1.507282,43.580342],[1.507189,43.580349],[1.507091,43.580332],[1.507022,43.580294],[1.506943,43.580201],[1.506945,43.580075],[1.506987,43.579961],[1.507192,43.579749],[1.507211,43.579681],[1.507143,43.579576],[1.507093,43.5794],[1.507089,43.579295],[1.507079,43.579227],[1.507026,43.579223],[1.506824,43.579254],[1.506313,43.579419],[1.505732,43.579721],[1.505534,43.579845],[1.505353,43.579915],[1.505081,43.579964],[1.504841,43.57998],[1.505498,43.580741]],[[1.508071,43.580843],[1.507735,43.580971],[1.50766,43.580945],[1.507439,43.580616],[1.507457,43.580586],[1.507852,43.580447],[1.507898,43.580485],[1.508089,43.580789],[1.508071,43.580843]],[[1.510447,43.580037],[1.510394,43.580028],[1.510349,43.580041],[1.510302,43.58007],[1.51025,43.580061],[1.510058,43.579757],[1.510019,43.579652],[1.510055,43.579581],[1.510112,43.579577],[1.510221,43.579599],[1.510319,43.579667],[1.510483,43.579953],[1.510487,43.580016],[1.510447,43.580037]]],"type":"Polygon"},"properties":{"zoneCode":"Ji","zoneLabel":"Jaune inondation (expansion des crues)","zoneColor":"#FBC02D","codeZone":"31201200220040","typeReg":"03","libelleZone":"Zone Jaune : Zone dite non Urbanisée - aléa moyen à Faible"}},{"type":"Feature","geometry":{"coordinates":[[[1.508877,43.57782],[1.508718,43.577895],[1.508522,43.57798],[1.508057,43.578123],[1.507662,43.578254],[1.506758,43.578649],[1.50653,43.578785],[1.50589,43.579139],[1.505634,43.5793],[1.505493,43.579367],[1.505317,43.579475],[1.50484,43.579725],[1.504688,43.579818],[1.504744,43.579868],[1.504841,43.57998],[1.505081,43.579964],[1.505353,43.579915],[1.505534,43.579845],[1.505732,43.579721],[1.506313,43.579419],[1.506824,43.579254],[1.507026,43.579223],[1.507079,43.579227],[1.507089,43.579295],[1.507093,43.5794],[1.507143,43.579576],[1.507211,43.579681],[1.507192,43.579749],[1.506987,43.579961],[1.506945,43.580075],[1.506943,43.580201],[1.507022,43.580294],[1.507091,43.580332],[1.507189,43.580349],[1.507282,43.580342],[1.507444,43.580314],[1.507588,43.580293],[1.507807,43.580337],[1.508037,43.580415],[1.508192,43.5805],[1.508296,43.580572],[1.508405,43.580569],[1.508492,43.580549],[1.508509,43.580515],[1.508516,43.580468],[1.508568,43.580457],[1.508655,43.580457],[1.508706,43.580441],[1.508836,43.580307],[1.50897,43.580199],[1.509212,43.579907],[1.509418,43.579594],[1.509635,43.579402],[1.509931,43.579275],[1.510012,43.579203],[1.510049,43.579086],[1.509785,43.578543],[1.509501,43.577981],[1.509264,43.577691],[1.509216,43.577627],[1.508877,43.57782]]],"type":"Polygon"},"properties":{"zoneCode":"Ri","zoneLabel":"Rouge inondation","zoneColor":"#E2001A","codeZone":"31201200220039","typeReg":"03","libelleZone":"Zone Rouge : Zone dite non Urbanisée et Zone dite Urbanisée - Aléa Fort"}},{"type":"Feature","geometry":{"coordinates":[[[1.507322,43.582767],[1.507388,43.582833],[1.507679,43.582506],[1.507862,43.582184],[1.508063,43.581917],[1.508176,43.581703],[1.50823,43.581549],[1.508248,43.581473],[1.508233,43.58138],[1.508211,43.581284],[1.508199,43.58125],[1.508241,43.581233],[1.508298,43.58125],[1.508343,43.581297],[1.50839,43.581285],[1.508385,43.581239],[1.508341,43.581117],[1.508335,43.581058],[1.508394,43.580995],[1.508505,43.580912],[1.508627,43.580863],[1.508922,43.580777],[1.508929,43.580748],[1.508912,43.580689],[1.508943,43.58064],[1.508601,43.580754],[1.50789,43.580982],[1.507051,43.581336],[1.506329,43.581663],[1.507322,43.582767]]],"type":"Polygon"},"properties":{"zoneCode":"Bi","zoneLabel":"Bleue inondation","zoneColor":"#4FA8E0","codeZone":"31201200220041","typeReg":"02","libelleZone":"Zone Bleue : Zone dite Urbanisée - Aléa moyen à Faible"}},{"type":"Feature","geometry":{"coordinates":[[[1.510293,43.580309],[1.510276,43.580259],[1.510277,43.58017],[1.509279,43.580515],[1.50944,43.580517],[1.509665,43.580505],[1.509729,43.580481],[1.509788,43.580426],[1.509916,43.580395],[1.509986,43.580386],[1.510049,43.580404],[1.510158,43.580404],[1.510239,43.580359],[1.510293,43.580309]]],"type":"Polygon"},"properties":{"zoneCode":"Bi","zoneLabel":"Bleue inondation","zoneColor":"#4FA8E0","codeZone":"31201200220036","typeReg":"02","libelleZone":"Zone Bleue : Zone dite Urbanisée - Aléa moyen à Faible"}},{"type":"Feature","geometry":{"coordinates":[[[1.535074,43.57998],[1.535561,43.579888],[1.535768,43.579921],[1.535742,43.579862],[1.535693,43.579794],[1.535638,43.579729],[1.535588,43.579709],[1.535549,43.579702],[1.535475,43.579701],[1.535374,43.579724],[1.53534,43.579742],[1.535288,43.57976],[1.535113,43.579783],[1.535045,43.579784],[1.534996,43.579779],[1.534954,43.579784],[1.535074,43.57998]]],"type":"Polygon"},"properties":{"zoneCode":"GHi","zoneLabel":"Grise hachurée inondation (crue historique)","zoneColor":"#8A8A8A","codeZone":"31201200220035","typeReg":"01","libelleZone":"Zone crue historique"}},{"type":"Feature","geometry":{"coordinates":[[[1.507852,43.580447],[1.507457,43.580586],[1.507439,43.580616],[1.50766,43.580945],[1.507735,43.580971],[1.508071,43.580843],[1.508089,43.580789],[1.507898,43.580485],[1.507852,43.580447]]],"type":"Polygon"},"properties":{"zoneCode":"Ri","zoneLabel":"Rouge inondation","zoneColor":"#E2001A","codeZone":"31201200220038","typeReg":"03","libelleZone":"Zone Rouge : Zone dite non Urbanisée et Zone dite Urbanisée - Aléa Fort"}},{"type":"Feature","geometry":{"coordinates":[[[1.510394,43.580028],[1.510447,43.580037],[1.510487,43.580016],[1.510483,43.579953],[1.510319,43.579667],[1.510221,43.579599],[1.510112,43.579577],[1.510055,43.579581],[1.510019,43.579652],[1.510058,43.579757],[1.51025,43.580061],[1.510302,43.58007],[1.510349,43.580041],[1.510394,43.580028]]],"type":"Polygon"},"properties":{"zoneCode":"GHi","zoneLabel":"Grise hachurée inondation (crue historique)","zoneColor":"#8A8A8A","codeZone":"31201200220037","typeReg":"01","libelleZone":"Zone crue historique"}},{"type":"Feature","geometry":{"coordinates":[[[1.549151,43.571817],[1.549179,43.571847],[1.5492,43.57188],[1.549199,43.571897],[1.549196,43.571906],[1.549113,43.572004],[1.549089,43.572028],[1.54887,43.572111],[1.548842,43.572127],[1.548832,43.57214],[1.548806,43.572156],[1.54848,43.572594],[1.548473,43.572675],[1.548467,43.572841],[1.548487,43.573286],[1.548531,43.573601],[1.548688,43.573827],[1.548755,43.574],[1.54876,43.574127],[1.548743,43.574252],[1.548744,43.574264],[1.548755,43.574269],[1.548769,43.574272],[1.548788,43.574271],[1.5488,43.574265],[1.548809,43.574253],[1.548814,43.574216],[1.548819,43.574041],[1.548777,43.573899],[1.548681,43.573747],[1.548569,43.57354],[1.548556,43.573251],[1.548558,43.573119],[1.54861,43.572892],[1.548561,43.572686],[1.54859,43.572586],[1.548615,43.572555],[1.549097,43.572147],[1.54912,43.572135],[1.549453,43.572],[1.54947,43.571987],[1.549472,43.571968],[1.549287,43.571779],[1.549227,43.571812],[1.54923,43.571826],[1.549207,43.571838],[1.549151,43.571817]]],"type":"Polygon"},"properties":{"zoneCode":"Ji","zoneLabel":"Jaune inondation (expansion des crues)","zoneColor":"#FBC02D","codeZone":"31201200220032","typeReg":"03","libelleZone":"Zone Jaune : Zone dite non Urbanisée - aléa moyen à Faible"}},{"type":"Feature","geometry":{"coordinates":[[[1.558122,43.588214],[1.558224,43.588182],[1.558457,43.58806],[1.558259,43.588129],[1.558034,43.588192],[1.557942,43.588165],[1.557912,43.588164],[1.557873,43.588175],[1.55782,43.588199],[1.557681,43.588218],[1.557494,43.588218],[1.557339,43.588235],[1.557202,43.588242],[1.557018,43.58826],[1.55682,43.58825],[1.556706,43.58826],[1.556474,43.588282],[1.556301,43.588335],[1.556205,43.588358],[1.556075,43.588371],[1.555811,43.588381],[1.555616,43.588375],[1.555257,43.588337],[1.555121,43.588345],[1.555036,43.58833],[1.554812,43.588268],[1.554619,43.588255],[1.554493,43.588286],[1.554458,43.588299],[1.554337,43.588291],[1.553709,43.588302],[1.553458,43.588285],[1.553415,43.588458],[1.553362,43.588455],[1.553315,43.588436],[1.553192,43.588302],[1.553044,43.588111],[1.553047,43.58807],[1.553081,43.588009],[1.553168,43.58793],[1.553319,43.58781],[1.553713,43.587522],[1.553877,43.587382],[1.554118,43.587232],[1.554333,43.587064],[1.554489,43.586921],[1.554439,43.586875],[1.554019,43.587179],[1.553844,43.587339],[1.553395,43.587664],[1.553187,43.587831],[1.553117,43.587879],[1.553002,43.587937],[1.552887,43.587973],[1.552817,43.588018],[1.552798,43.588047],[1.552914,43.588133],[1.553089,43.588325],[1.553255,43.588488],[1.55331,43.588519],[1.553391,43.588556],[1.553368,43.588675],[1.55346,43.588602],[1.553479,43.588577],[1.553552,43.588455],[1.55358,43.588439],[1.553626,43.588425],[1.553886,43.588407],[1.554291,43.588384],[1.554379,43.58837],[1.554659,43.588315],[1.554741,43.588306],[1.554814,43.588302],[1.554859,43.588307],[1.554953,43.588328],[1.555147,43.588379],[1.555193,43.588373],[1.555234,43.588363],[1.555287,43.588373],[1.55531,43.588382],[1.55535,43.588404],[1.555458,43.588472],[1.555481,43.588483],[1.555534,43.5885],[1.555802,43.58848],[1.556171,43.588427],[1.556405,43.588388],[1.556733,43.58835],[1.556962,43.588317],[1.557206,43.588308],[1.557567,43.58831],[1.557614,43.588298],[1.557632,43.58829],[1.557668,43.588272],[1.557749,43.588222],[1.55781,43.588212],[1.557879,43.588214],[1.558054,43.588232],[1.558122,43.588214]]],"type":"Polygon"},"properties":{"zoneCode":"Ri","zoneLabel":"Rouge inondation","zoneColor":"#E2001A","codeZone":"31201200220031","typeReg":"03","libelleZone":"Zone Rouge : Zone dite non Urbanisée et Zone dite Urbanisée - Aléa Fort"}},{"type":"Feature","geometry":{"coordinates":[[[1.536483,43.579367],[1.536439,43.579371],[1.534839,43.579637],[1.534753,43.579725],[1.534736,43.579749],[1.534737,43.579765],[1.534731,43.579789],[1.534716,43.579807],[1.534643,43.579868],[1.534629,43.579887],[1.53459,43.579913],[1.53453,43.579933],[1.534478,43.579938],[1.534415,43.579954],[1.534365,43.579971],[1.53435,43.579965],[1.534347,43.579951],[1.534326,43.579916],[1.534298,43.579913],[1.534268,43.579916],[1.534242,43.579936],[1.534232,43.579963],[1.534219,43.579979],[1.534202,43.579984],[1.534174,43.579988],[1.534094,43.579979],[1.534032,43.579979],[1.534007,43.579969],[1.533953,43.579882],[1.533931,43.579828],[1.533926,43.579783],[1.533938,43.579751],[1.534014,43.579681],[1.534263,43.579565],[1.534389,43.579524],[1.534549,43.579488],[1.534596,43.579466],[1.534624,43.579444],[1.534623,43.579427],[1.53463,43.579408],[1.534635,43.579361],[1.534623,43.579326],[1.534627,43.579304],[1.534676,43.579253],[1.534739,43.5792],[1.534822,43.579171],[1.534944,43.579153],[1.53515,43.579106],[1.535396,43.579042],[1.535556,43.578991],[1.535734,43.578926],[1.536055,43.578846],[1.536066,43.578827],[1.536037,43.578805],[1.535992,43.57879],[1.535773,43.578757],[1.535677,43.578757],[1.53549,43.578777],[1.535336,43.578807],[1.535231,43.578802],[1.535102,43.578785],[1.535051,43.578785],[1.534896,43.578808],[1.534717,43.578844],[1.534664,43.578877],[1.534619,43.578932],[1.534566,43.578969],[1.534496,43.578981],[1.534371,43.579033],[1.534172,43.579071],[1.534103,43.579115],[1.534085,43.57911],[1.534009,43.579111],[1.533743,43.579128],[1.533619,43.579153],[1.533463,43.57921],[1.533347,43.579306],[1.533217,43.5794],[1.533142,43.579464],[1.533042,43.579496],[1.532944,43.579567],[1.532821,43.579598],[1.532704,43.579609],[1.532592,43.579607],[1.532507,43.579583],[1.532426,43.579578],[1.532321,43.579559],[1.532252,43.579556],[1.532201,43.579588],[1.53219,43.579625],[1.53222,43.579665],[1.532298,43.579752],[1.532346,43.579825],[1.532394,43.579888],[1.532465,43.580025],[1.532512,43.580106],[1.532526,43.580155],[1.532526,43.58017],[1.532489,43.580236],[1.532475,43.58029],[1.532432,43.580373],[1.532424,43.580406],[1.532404,43.580447],[1.532402,43.580491],[1.532392,43.580531],[1.532393,43.580591],[1.532375,43.580644],[1.532377,43.580783],[1.532394,43.580833],[1.532443,43.580888],[1.532615,43.581022],[1.532617,43.581057],[1.532605,43.581083],[1.532609,43.58116],[1.532582,43.581214],[1.532558,43.581213],[1.53252,43.581222],[1.532465,43.581216],[1.532428,43.581198],[1.532375,43.581112],[1.532315,43.581066],[1.532185,43.581042],[1.532122,43.581059],[1.532061,43.581049],[1.532011,43.581058],[1.531881,43.581048],[1.531819,43.58105],[1.531751,43.58109],[1.531713,43.58109],[1.531695,43.581093],[1.531618,43.581174],[1.531605,43.5812],[1.531518,43.58119],[1.5315,43.581167],[1.531464,43.58114],[1.531465,43.581113],[1.531452,43.581113],[1.531421,43.581144],[1.531371,43.581162],[1.531302,43.581165],[1.531241,43.581147],[1.531489,43.581492],[1.530866,43.581694],[1.530836,43.581713],[1.530792,43.581731],[1.530748,43.581754],[1.530728,43.581779],[1.530724,43.581797],[1.530728,43.581814],[1.530747,43.581837],[1.530782,43.581842],[1.53082,43.581839],[1.53088,43.581806],[1.530922,43.58179],[1.530962,43.581777],[1.531002,43.581768],[1.531077,43.581771],[1.531113,43.581793],[1.531148,43.581852],[1.531183,43.58189],[1.531257,43.582],[1.531312,43.582063],[1.531348,43.582065],[1.531375,43.582058],[1.531396,43.582016],[1.531267,43.581827],[1.531219,43.581765],[1.531202,43.581715],[1.531203,43.581694],[1.531222,43.581672],[1.531253,43.58165],[1.531375,43.581609],[1.53144,43.581589],[1.531516,43.581594],[1.53157,43.581663],[1.531663,43.581817],[1.531828,43.582077],[1.531837,43.582107],[1.531893,43.582119],[1.531964,43.582126],[1.532009,43.582128],[1.532071,43.58212],[1.532151,43.582126],[1.532192,43.582132],[1.532224,43.582145],[1.532268,43.582131],[1.532282,43.582113],[1.53229,43.582084],[1.532245,43.582046],[1.53224,43.582026],[1.532261,43.582015],[1.532295,43.582013],[1.53231,43.582008],[1.532314,43.581983],[1.532304,43.581958],[1.53228,43.581918],[1.532269,43.581875],[1.532288,43.58187],[1.532325,43.581853],[1.532346,43.581862],[1.532418,43.58186],[1.532434,43.58185],[1.53244,43.581839],[1.532474,43.58182],[1.53252,43.581823],[1.532565,43.581865],[1.532643,43.581961],[1.532701,43.582068],[1.532721,43.582079],[1.532759,43.582077],[1.532792,43.582066],[1.532804,43.582029],[1.532798,43.581991],[1.532806,43.581956],[1.53283,43.581933],[1.532875,43.581911],[1.532973,43.581894],[1.533122,43.581905],[1.533248,43.581909],[1.533352,43.581906],[1.533403,43.581899],[1.533439,43.581877],[1.533465,43.581835],[1.533477,43.581798],[1.533484,43.581731],[1.533462,43.581638],[1.533426,43.581558],[1.533429,43.581522],[1.533358,43.581395],[1.533399,43.581283],[1.534285,43.580623],[1.535063,43.579982],[1.535074,43.57998],[1.534877,43.57966],[1.536483,43.579367]]],"type":"Polygon"},"properties":{"zoneCode":"Ji","zoneLabel":"Jaune inondation (expansion des crues)","zoneColor":"#FBC02D","codeZone":"31201200220034","typeReg":"03","libelleZone":"Zone Jaune : Zone dite non Urbanisée - aléa moyen à Faible"}},{"type":"Feature","geometry":{"coordinates":[[[1.526709,43.583545],[1.526669,43.58351],[1.526577,43.583438],[1.526383,43.58333],[1.526314,43.583284],[1.526165,43.58321],[1.525937,43.583067],[1.525837,43.583014],[1.525763,43.582965],[1.525644,43.582899],[1.525371,43.582731],[1.5252,43.58262],[1.525151,43.582555],[1.524679,43.582241],[1.524522,43.58218],[1.524357,43.582074],[1.524305,43.582023],[1.524248,43.581955],[1.524104,43.581768],[1.523926,43.581575],[1.523831,43.581448],[1.523554,43.581193],[1.523396,43.580986],[1.523137,43.580744],[1.523019,43.58068],[1.522855,43.580613],[1.522838,43.5806],[1.522801,43.580596],[1.522767,43.580544],[1.522695,43.580091],[1.522689,43.579996],[1.522367,43.579959],[1.522296,43.579981],[1.522264,43.580011],[1.522219,43.580066],[1.522176,43.580101],[1.522134,43.580104],[1.522113,43.580096],[1.522079,43.580053],[1.522052,43.579921],[1.521751,43.57988],[1.521755,43.579913],[1.521752,43.579947],[1.521736,43.579979],[1.52172,43.579995],[1.521696,43.580049],[1.521699,43.580081],[1.521727,43.580105],[1.521725,43.580129],[1.521717,43.580138],[1.521669,43.580146],[1.521563,43.580145],[1.521509,43.580139],[1.5215,43.580129],[1.521492,43.580096],[1.521502,43.580051],[1.521501,43.579971],[1.52148,43.579932],[1.521466,43.579918],[1.521442,43.579905],[1.521409,43.579901],[1.521237,43.579931],[1.521197,43.579945],[1.521152,43.579987],[1.521126,43.580029],[1.521117,43.580064],[1.521096,43.5801],[1.521062,43.580126],[1.521036,43.580139],[1.520954,43.58015],[1.52086,43.580153],[1.520779,43.580125],[1.52076,43.580106],[1.52073,43.580091],[1.520678,43.580086],[1.520654,43.580098],[1.52062,43.580107],[1.520581,43.580106],[1.520498,43.580083],[1.520389,43.580068],[1.52028,43.580068],[1.520196,43.580075],[1.520103,43.580068],[1.520013,43.580069],[1.519895,43.580109],[1.519815,43.580111],[1.519777,43.580097],[1.519744,43.580092],[1.519695,43.580091],[1.519633,43.580104],[1.519579,43.580122],[1.519521,43.580132],[1.518996,43.580099],[1.518953,43.580101],[1.518925,43.580196],[1.518924,43.58024],[1.518915,43.580318],[1.518909,43.580335],[1.518858,43.580347],[1.518807,43.580348],[1.518756,43.580329],[1.518601,43.580299],[1.518549,43.580298],[1.518491,43.580293],[1.518373,43.580267],[1.518234,43.58025],[1.518087,43.580246],[1.518081,43.58023],[1.51809,43.580183],[1.518098,43.580012],[1.518116,43.579886],[1.518111,43.579859],[1.518079,43.579843],[1.517843,43.579849],[1.517801,43.579852],[1.517754,43.57984],[1.517693,43.57981],[1.517655,43.579777],[1.517609,43.579702],[1.517595,43.57966],[1.517586,43.579627],[1.517588,43.579579],[1.517618,43.57954],[1.517618,43.579536],[1.517604,43.579521],[1.517541,43.579511],[1.517419,43.579501],[1.517357,43.579509],[1.517337,43.579534],[1.51731,43.579557],[1.517291,43.579618],[1.517284,43.579626],[1.517254,43.579633],[1.517229,43.57963],[1.51721,43.579622],[1.517184,43.57962],[1.517068,43.579597],[1.516931,43.579585],[1.516854,43.579587],[1.516824,43.579591],[1.516804,43.579605],[1.516786,43.579639],[1.516779,43.579669],[1.516738,43.580215],[1.516709,43.580228],[1.516467,43.58022],[1.516443,43.580209],[1.516465,43.579802],[1.515846,43.57978],[1.515809,43.579798],[1.515789,43.579819],[1.515723,43.579824],[1.515678,43.579802],[1.515668,43.579756],[1.51568,43.579727],[1.515724,43.579698],[1.515749,43.579666],[1.515755,43.579638],[1.515753,43.579614],[1.515737,43.579595],[1.515691,43.579589],[1.515647,43.579591],[1.515599,43.579614],[1.515579,43.579635],[1.515549,43.579686],[1.515522,43.579757],[1.515518,43.579796],[1.515499,43.579836],[1.515495,43.579873],[1.515478,43.579902],[1.515463,43.579987],[1.51545,43.580002],[1.515447,43.580014],[1.515404,43.580014],[1.515355,43.580008],[1.515332,43.579988],[1.515389,43.579757],[1.515396,43.579696],[1.515387,43.579669],[1.515357,43.57964],[1.51533,43.579648],[1.515317,43.579657],[1.515278,43.579672],[1.515236,43.579677],[1.51519,43.579672],[1.515164,43.579661],[1.515146,43.579641],[1.515132,43.579618],[1.515116,43.579602],[1.515097,43.579589],[1.515067,43.579588],[1.51504,43.579594],[1.514907,43.579593],[1.514862,43.579582],[1.514805,43.579556],[1.514777,43.579548],[1.514745,43.579564],[1.514726,43.579596],[1.514712,43.579628],[1.514679,43.579645],[1.514644,43.579715],[1.51463,43.579727],[1.51458,43.579749],[1.514559,43.579749],[1.514534,43.579739],[1.514529,43.579704],[1.514548,43.579669],[1.514549,43.579628],[1.51454,43.579596],[1.514531,43.579588],[1.514506,43.579576],[1.514464,43.579574],[1.514447,43.579559],[1.51438,43.579482],[1.514358,43.57947],[1.51432,43.579461],[1.513934,43.579413],[1.513756,43.579407],[1.513663,43.579423],[1.51364,43.579415],[1.51362,43.579373],[1.513621,43.579347],[1.513662,43.579334],[1.513714,43.579325],[1.513763,43.579307],[1.513773,43.579267],[1.513692,43.579221],[1.513498,43.579172],[1.513382,43.579133],[1.513319,43.579148],[1.513255,43.579184],[1.51319,43.579169],[1.513145,43.579145],[1.51313,43.579005],[1.51316,43.578857],[1.513189,43.578681],[1.513244,43.578458],[1.513229,43.578309],[1.513176,43.578196],[1.513061,43.5781],[1.512908,43.578039],[1.51289,43.578007],[1.512897,43.577983],[1.51292,43.577962],[1.512949,43.57796],[1.513033,43.577979],[1.5131,43.57799],[1.513117,43.577983],[1.513123,43.577976],[1.513123,43.577961],[1.513111,43.577943],[1.513084,43.577925],[1.512925,43.57785],[1.512607,43.577721],[1.51249,43.577669],[1.512355,43.577641],[1.512263,43.577598],[1.51217,43.577575],[1.512132,43.577555],[1.512117,43.577543],[1.512111,43.577533],[1.512093,43.577525],[1.512076,43.577528],[1.512054,43.577543],[1.512049,43.57756],[1.512051,43.577591],[1.512045,43.577669],[1.511993,43.577747],[1.511973,43.577797],[1.511896,43.577898],[1.511865,43.577903],[1.511822,43.577898],[1.511788,43.57789],[1.511755,43.577875],[1.511606,43.577891],[1.511581,43.577909],[1.511574,43.577928],[1.511539,43.577953],[1.511481,43.577982],[1.511436,43.577981],[1.511375,43.577964],[1.511277,43.577927],[1.511196,43.577913],[1.51116,43.577912],[1.511151,43.577915],[1.511123,43.577936],[1.511089,43.577978],[1.511078,43.577988],[1.510999,43.57814],[1.511014,43.578166],[1.511054,43.578185],[1.511226,43.578233],[1.51134,43.578281],[1.511403,43.578325],[1.511421,43.578348],[1.511426,43.578361],[1.511286,43.578521],[1.511228,43.578624],[1.511252,43.578642],[1.511279,43.578671],[1.511268,43.578702],[1.511233,43.578725],[1.511188,43.578731],[1.511122,43.578835],[1.511048,43.578936],[1.510903,43.579096],[1.51073,43.579146],[1.510549,43.579152],[1.510503,43.579141],[1.510416,43.579093],[1.510702,43.579746],[1.510836,43.580004],[1.511448,43.579851],[1.511462,43.579845],[1.511468,43.579827],[1.511464,43.579716],[1.511459,43.579703],[1.511442,43.579697],[1.51137,43.579702],[1.511356,43.579701],[1.511348,43.579689],[1.511339,43.579602],[1.511352,43.579593],[1.51137,43.579587],[1.511748,43.579482],[1.511842,43.579501],[1.511868,43.579517],[1.511891,43.579537],[1.511901,43.579556],[1.511905,43.579594],[1.511901,43.579615],[1.511873,43.579635],[1.511725,43.579669],[1.511649,43.57972],[1.511641,43.579753],[1.511666,43.579796],[1.511686,43.579819],[1.511715,43.579839],[1.511716,43.579873],[1.511709,43.579909],[1.511711,43.579935],[1.511725,43.579948],[1.511932,43.579983],[1.512047,43.579994],[1.512124,43.579995],[1.512197,43.579985],[1.512222,43.579968],[1.512278,43.579863],[1.512286,43.579827],[1.512307,43.579802],[1.512495,43.579822],[1.513161,43.579928],[1.513252,43.580004],[1.513325,43.58005],[1.513375,43.58007],[1.513527,43.580111],[1.513587,43.580109],[1.513661,43.580099],[1.513742,43.580063],[1.513877,43.580049],[1.513968,43.580051],[1.514704,43.580156],[1.514726,43.580183],[1.514777,43.580218],[1.514819,43.580231],[1.514879,43.58024],[1.514913,43.580266],[1.51493,43.580294],[1.514964,43.580317],[1.515013,43.580334],[1.515086,43.580379],[1.51515,43.580405],[1.515305,43.580431],[1.515354,43.580447],[1.515378,43.580444],[1.515399,43.580431],[1.515448,43.580386],[1.515464,43.580361],[1.515494,43.580298],[1.515501,43.580292],[1.515512,43.58029],[1.515836,43.580338],[1.516122,43.580364],[1.516792,43.580405],[1.516881,43.580415],[1.516897,43.58043],[1.516893,43.58044],[1.516885,43.580449],[1.516877,43.580476],[1.51689,43.580482],[1.51693,43.58049],[1.516985,43.580484],[1.517047,43.580495],[1.517159,43.580533],[1.517175,43.580582],[1.517204,43.580638],[1.517212,43.580675],[1.517208,43.580886],[1.517221,43.58091],[1.517252,43.580923],[1.517276,43.580922],[1.517349,43.580876],[1.517415,43.580845],[1.517449,43.58084],[1.517497,43.580842],[1.517519,43.580858],[1.517537,43.580882],[1.51755,43.580907],[1.517559,43.580937],[1.517585,43.580971],[1.517624,43.580992],[1.517657,43.580992],[1.517696,43.580976],[1.517721,43.580955],[1.517736,43.58093],[1.517775,43.580904],[1.517891,43.580882],[1.517983,43.58089],[1.518073,43.580887],[1.51812,43.580874],[1.518164,43.580843],[1.51818,43.580828],[1.518203,43.58082],[1.518572,43.5808],[1.518846,43.580807],[1.518874,43.580801],[1.518909,43.580772],[1.518946,43.580729],[1.51896,43.580708],[1.518962,43.580601],[1.519032,43.580553],[1.519039,43.580522],[1.51991,43.580576],[1.520143,43.580624],[1.520152,43.580647],[1.52028,43.580721],[1.520321,43.580737],[1.520427,43.580707],[1.520523,43.580644],[1.520827,43.580684],[1.521074,43.580732],[1.521082,43.580756],[1.521083,43.580785],[1.521145,43.580802],[1.521186,43.580798],[1.521209,43.580788],[1.521237,43.580749],[1.521424,43.580767],[1.522083,43.580871],[1.52213,43.580862],[1.522162,43.580851],[1.522206,43.580844],[1.522317,43.580846],[1.522436,43.580856],[1.522537,43.580873],[1.522639,43.580905],[1.522698,43.580945],[1.522754,43.580995],[1.523112,43.581517],[1.523092,43.581643],[1.52312,43.581726],[1.5232,43.581801],[1.524516,43.582624],[1.524799,43.582809],[1.524814,43.582842],[1.524808,43.582884],[1.524755,43.582933],[1.524699,43.582939],[1.524653,43.582934],[1.524541,43.582962],[1.524525,43.582992],[1.524544,43.58302],[1.524636,43.583043],[1.525331,43.583137],[1.525887,43.583483],[1.525959,43.583524],[1.525989,43.583561],[1.526002,43.583615],[1.525988,43.58365],[1.525968,43.583664],[1.525952,43.583654],[1.525905,43.583645],[1.52582,43.583637],[1.525724,43.583619],[1.525495,43.583597],[1.525405,43.583618],[1.525359,43.58364],[1.525321,43.583667],[1.52532,43.583706],[1.525332,43.58373],[1.525379,43.583749],[1.525824,43.583802],[1.526252,43.583879],[1.526294,43.583876],[1.526335,43.583857],[1.526709,43.583545]],[[1.515442,43.580245],[1.515431,43.580253],[1.515403,43.580251],[1.515012,43.580192],[1.512865,43.579856],[1.512304,43.579766],[1.512034,43.579718],[1.512027,43.579715],[1.512026,43.579703],[1.512186,43.579331],[1.51218,43.579294],[1.512195,43.579223],[1.512246,43.579206],[1.512338,43.57922],[1.512394,43.579232],[1.512475,43.579227],[1.512526,43.579234],[1.512579,43.579256],[1.512609,43.579288],[1.512608,43.579314],[1.512643,43.579387],[1.51266,43.579401],[1.512811,43.579451],[1.512974,43.579491],[1.513023,43.5795],[1.513072,43.5795],[1.513155,43.579492],[1.513185,43.579494],[1.513198,43.579522],[1.513196,43.579539],[1.513094,43.579618],[1.513012,43.579694],[1.51296,43.579777],[1.512926,43.57979],[1.512874,43.57979],[1.512764,43.579754],[1.512689,43.579743],[1.512633,43.579747],[1.512571,43.579745],[1.512432,43.57975],[1.513915,43.57998],[1.51505,43.58015],[1.515359,43.580192],[1.515401,43.580203],[1.515437,43.58023],[1.515442,43.580245]],[[1.518919,43.580649],[1.518911,43.580673],[1.518911,43.580693],[1.518898,43.580718],[1.518861,43.580758],[1.518853,43.580775],[1.518821,43.580788],[1.518772,43.580787],[1.518645,43.580773],[1.518523,43.580771],[1.518351,43.580782],[1.518191,43.580779],[1.518166,43.580771],[1.518154,43.580752],[1.518154,43.580743],[1.518167,43.580726],[1.518197,43.580709],[1.518248,43.580698],[1.518343,43.580695],[1.518489,43.580697],[1.51852,43.58069],[1.518546,43.580663],[1.51856,43.580627],[1.518582,43.580603],[1.518597,43.580592],[1.518628,43.580588],[1.518888,43.580609],[1.518918,43.580623],[1.518919,43.580649]]],"type":"Polygon"},"properties":{"zoneCode":"Bi","zoneLabel":"Bleue inondation","zoneColor":"#4FA8E0","codeZone":"31201200220033","typeReg":"02","libelleZone":"Zone Bleue : Zone dite Urbanisée - Aléa moyen à Faible"}},{"type":"Feature","geometry":{"coordinates":[[[1.537487,43.579828],[1.537026,43.579006],[1.537023,43.579053],[1.537033,43.579075],[1.537185,43.579373],[1.537319,43.57958],[1.53735,43.579624],[1.537384,43.579659],[1.537402,43.579693],[1.537413,43.579801],[1.537409,43.579837],[1.537364,43.579852],[1.537167,43.579909],[1.537045,43.579953],[1.536996,43.579963],[1.53695,43.579966],[1.536933,43.579954],[1.536883,43.579883],[1.536882,43.579873],[1.536828,43.579777],[1.536832,43.579737],[1.53686,43.57972],[1.536873,43.579701],[1.536843,43.579636],[1.536788,43.579641],[1.536766,43.579609],[1.536745,43.579557],[1.536742,43.579514],[1.536581,43.579288],[1.536449,43.579088],[1.536253,43.578802],[1.5369,43.578926],[1.536953,43.578941],[1.536978,43.578952],[1.536958,43.578903],[1.536108,43.57877],[1.536483,43.579367],[1.534877,43.57966],[1.534954,43.579784],[1.534996,43.579779],[1.535045,43.579784],[1.535113,43.579783],[1.535288,43.57976],[1.53534,43.579742],[1.535374,43.579724],[1.535475,43.579701],[1.535549,43.579702],[1.535588,43.579709],[1.535638,43.579729],[1.535693,43.579794],[1.535742,43.579862],[1.535785,43.579957],[1.535807,43.57999],[1.535846,43.57999],[1.535879,43.579976],[1.53597,43.579945],[1.536113,43.579889],[1.536151,43.57989],[1.536169,43.579912],[1.536211,43.580007],[1.536249,43.58006],[1.536281,43.580062],[1.536427,43.580017],[1.53645,43.580005],[1.536452,43.579979],[1.536474,43.579948],[1.536498,43.579923],[1.536535,43.57991],[1.536571,43.579904],[1.536632,43.579914],[1.53674,43.579914],[1.536819,43.579899],[1.536843,43.579899],[1.536852,43.579928],[1.536874,43.579968],[1.536904,43.579993],[1.536977,43.580009],[1.537487,43.579828]],[[1.536531,43.579628],[1.536526,43.579657],[1.53651,43.579679],[1.536367,43.579736],[1.536285,43.579763],[1.536099,43.579815],[1.536043,43.579819],[1.536011,43.579808],[1.535972,43.579787],[1.535847,43.579845],[1.535829,43.579838],[1.535771,43.579751],[1.535771,43.579708],[1.53575,43.579686],[1.535748,43.579676],[1.535731,43.579668],[1.5357,43.579668],[1.535667,43.579655],[1.535656,43.579629],[1.535664,43.579614],[1.535679,43.579629],[1.535705,43.579633],[1.535748,43.579625],[1.53578,43.579612],[1.535848,43.579596],[1.535911,43.579598],[1.535969,43.579572],[1.535996,43.579523],[1.536046,43.5795],[1.536094,43.579494],[1.53616,43.579496],[1.536227,43.579489],[1.536384,43.579456],[1.536413,43.579453],[1.536469,43.579475],[1.536494,43.579531],[1.536516,43.579568],[1.536531,43.579628]]],"type":"Polygon"},"properties":{"zoneCode":"Bi","zoneLabel":"Bleue inondation","zoneColor":"#4FA8E0","codeZone":"31201200220028","typeReg":"02","libelleZone":"Zone Bleue : Zone dite Urbanisée - Aléa moyen à Faible"}},{"type":"Feature","geometry":{"coordinates":[[[1.534464,43.591267],[1.534455,43.591244],[1.534298,43.591245],[1.533984,43.591215],[1.533636,43.591122],[1.53352,43.591074],[1.533517,43.59103],[1.533513,43.591019],[1.533425,43.59102],[1.53335,43.591002],[1.533309,43.590998],[1.533233,43.590971],[1.533105,43.590915],[1.532984,43.590865],[1.532898,43.59084],[1.53274,43.590754],[1.53258,43.590678],[1.532381,43.590599],[1.532212,43.590558],[1.532144,43.590535],[1.532076,43.590505],[1.532005,43.590462],[1.531945,43.590398],[1.531846,43.590252],[1.5318,43.590136],[1.531764,43.590075],[1.531716,43.589921],[1.531698,43.589894],[1.531654,43.589873],[1.531414,43.589914],[1.531371,43.589942],[1.531342,43.589978],[1.53133,43.590026],[1.53133,43.590074],[1.531394,43.590185],[1.531483,43.590367],[1.531534,43.590455],[1.531602,43.590527],[1.531783,43.590635],[1.531849,43.590662],[1.531926,43.590717],[1.531998,43.590761],[1.532267,43.590851],[1.532468,43.590934],[1.532745,43.590994],[1.532905,43.591049],[1.533034,43.591044],[1.533109,43.591055],[1.533146,43.591078],[1.533226,43.591092],[1.533324,43.591101],[1.533473,43.591098],[1.533534,43.591105],[1.533594,43.591135],[1.533747,43.591186],[1.53393,43.591235],[1.534109,43.591257],[1.534318,43.591271],[1.534464,43.591267]],[[1.533416,43.591074],[1.533357,43.59107],[1.533278,43.591057],[1.533146,43.591013],[1.532951,43.590954],[1.532867,43.590936],[1.532821,43.590927],[1.532763,43.590937],[1.532674,43.590917],[1.532439,43.59082],[1.532242,43.59076],[1.532025,43.590705],[1.531913,43.590661],[1.531845,43.590626],[1.531779,43.590513],[1.531705,43.590405],[1.53166,43.590348],[1.531624,43.590257],[1.53154,43.590108],[1.531523,43.590105],[1.531503,43.590108],[1.53148,43.590124],[1.531468,43.59016],[1.531459,43.590174],[1.531451,43.590176],[1.531429,43.590169],[1.531411,43.59014],[1.531388,43.59007],[1.531379,43.590015],[1.531386,43.589981],[1.531413,43.589943],[1.531448,43.589924],[1.531528,43.589907],[1.531617,43.5899],[1.531657,43.589902],[1.531678,43.589919],[1.531735,43.590057],[1.531867,43.590323],[1.531934,43.590415],[1.531957,43.590453],[1.532058,43.590514],[1.532119,43.590546],[1.532284,43.590598],[1.532399,43.590624],[1.532625,43.590717],[1.532842,43.590832],[1.532945,43.590874],[1.532999,43.590882],[1.533106,43.59094],[1.533181,43.590963],[1.533257,43.591001],[1.533316,43.591016],[1.533389,43.591018],[1.533406,43.59103],[1.533416,43.591055],[1.533416,43.591074]]],"type":"Polygon"},"properties":{"zoneCode":"Ji","zoneLabel":"Jaune inondation (expansion des crues)","zoneColor":"#FBC02D","codeZone":"31201200220027","typeReg":"03","libelleZone":"Zone Jaune : Zone dite non Urbanisée - aléa moyen à Faible"}},{"type":"Feature","geometry":{"coordinates":[[[1.512862,43.576825],[1.51274,43.576807],[1.512437,43.576806],[1.51227,43.576789],[1.511957,43.57672],[1.511256,43.576589],[1.511004,43.576558],[1.510939,43.57656],[1.510845,43.576572],[1.510761,43.576589],[1.510675,43.576622],[1.510529,43.576715],[1.510057,43.577064],[1.509472,43.577502],[1.509491,43.577534],[1.509539,43.577573],[1.509599,43.577582],[1.509656,43.577574],[1.509723,43.577586],[1.50974,43.577632],[1.509728,43.577723],[1.509729,43.577796],[1.509755,43.577855],[1.509905,43.578091],[1.510261,43.578876],[1.510348,43.579031],[1.510416,43.579093],[1.510503,43.579141],[1.510549,43.579152],[1.51073,43.579146],[1.510903,43.579096],[1.511048,43.578936],[1.511122,43.578835],[1.511188,43.578731],[1.511233,43.578725],[1.511268,43.578702],[1.511279,43.578671],[1.511252,43.578642],[1.511228,43.578624],[1.511286,43.578521],[1.511426,43.578361],[1.511421,43.578348],[1.511403,43.578325],[1.51134,43.578281],[1.511226,43.578233],[1.511054,43.578185],[1.511014,43.578166],[1.510999,43.57814],[1.511078,43.577988],[1.511089,43.577978],[1.511123,43.577936],[1.511151,43.577915],[1.51116,43.577912],[1.511196,43.577913],[1.511277,43.577927],[1.511375,43.577964],[1.511436,43.577981],[1.511481,43.577982],[1.511539,43.577953],[1.511574,43.577928],[1.511581,43.577909],[1.511606,43.577891],[1.511755,43.577875],[1.511788,43.57789],[1.511822,43.577898],[1.511865,43.577903],[1.511896,43.577898],[1.511973,43.577797],[1.511993,43.577747],[1.512045,43.577669],[1.512051,43.577591],[1.512049,43.57756],[1.512054,43.577543],[1.512076,43.577528],[1.512093,43.577525],[1.512111,43.577533],[1.512117,43.577543],[1.512132,43.577555],[1.51217,43.577575],[1.512263,43.577598],[1.512355,43.577641],[1.51249,43.577669],[1.512607,43.577721],[1.512925,43.57785],[1.513084,43.577925],[1.513111,43.577943],[1.513123,43.577961],[1.513123,43.577976],[1.513117,43.577983],[1.5131,43.57799],[1.513033,43.577979],[1.512949,43.57796],[1.51292,43.577962],[1.512897,43.577983],[1.51289,43.578007],[1.512908,43.578039],[1.513061,43.5781],[1.513176,43.578196],[1.513229,43.578309],[1.513244,43.578458],[1.513189,43.578681],[1.51316,43.578857],[1.51313,43.579005],[1.513145,43.579145],[1.51319,43.579169],[1.513255,43.579184],[1.513319,43.579148],[1.513382,43.579133],[1.513498,43.579172],[1.513692,43.579221],[1.513773,43.579267],[1.513763,43.579307],[1.513714,43.579325],[1.513662,43.579334],[1.513621,43.579347],[1.51362,43.579373],[1.51364,43.579415],[1.513663,43.579423],[1.513756,43.579407],[1.513934,43.579413],[1.51432,43.579461],[1.514358,43.57947],[1.51438,43.579482],[1.514447,43.579559],[1.514464,43.579574],[1.514506,43.579576],[1.514531,43.579588],[1.51454,43.579596],[1.514549,43.579628],[1.514548,43.579669],[1.514529,43.579704],[1.514534,43.579739],[1.514559,43.579749],[1.51458,43.579749],[1.51463,43.579727],[1.514644,43.579715],[1.514679,43.579645],[1.514712,43.579628],[1.514726,43.579596],[1.514745,43.579564],[1.514777,43.579548],[1.514805,43.579556],[1.514862,43.579582],[1.514907,43.579593],[1.51504,43.579594],[1.515067,43.579588],[1.515097,43.579589],[1.515116,43.579602],[1.515132,43.579618],[1.515146,43.579641],[1.515164,43.579661],[1.51519,43.579672],[1.515236,43.579677],[1.515278,43.579672],[1.515317,43.579657],[1.51533,43.579648],[1.515357,43.57964],[1.515387,43.579669],[1.515396,43.579696],[1.515389,43.579757],[1.515332,43.579988],[1.515355,43.580008],[1.515404,43.580014],[1.515447,43.580014],[1.51545,43.580002],[1.515463,43.579987],[1.515478,43.579902],[1.515495,43.579873],[1.515499,43.579836],[1.515518,43.579796],[1.515522,43.579757],[1.515549,43.579686],[1.515579,43.579635],[1.515599,43.579614],[1.515647,43.579591],[1.515691,43.579589],[1.515737,43.579595],[1.515753,43.579614],[1.515755,43.579638],[1.515749,43.579666],[1.515724,43.579698],[1.51568,43.579727],[1.515668,43.579756],[1.515678,43.579802],[1.515723,43.579824],[1.515789,43.579819],[1.515809,43.579798],[1.515846,43.57978],[1.516465,43.579802],[1.516443,43.580209],[1.516467,43.58022],[1.516709,43.580228],[1.516738,43.580215],[1.516779,43.579669],[1.516786,43.579639],[1.516804,43.579605],[1.516824,43.579591],[1.516854,43.579587],[1.516931,43.579585],[1.517068,43.579597],[1.517184,43.57962],[1.51721,43.579622],[1.517229,43.57963],[1.517254,43.579633],[1.517284,43.579626],[1.517291,43.579618],[1.51731,43.579557],[1.517337,43.579534],[1.517357,43.579509],[1.517419,43.579501],[1.517517,43.579508],[1.517604,43.579521],[1.517618,43.579536],[1.517588,43.579579],[1.517586,43.579627],[1.517595,43.57966],[1.517609,43.579702],[1.517655,43.579777],[1.517693,43.57981],[1.517754,43.57984],[1.517801,43.579852],[1.517843,43.579849],[1.518079,43.579843],[1.518111,43.579859],[1.518116,43.579886],[1.518098,43.580012],[1.51809,43.580183],[1.518081,43.58023],[1.518087,43.580246],[1.518234,43.58025],[1.518373,43.580267],[1.518491,43.580293],[1.518549,43.580298],[1.518601,43.580299],[1.518756,43.580329],[1.518807,43.580348],[1.518858,43.580347],[1.518909,43.580335],[1.518915,43.580318],[1.518924,43.58024],[1.518925,43.580196],[1.518953,43.580101],[1.518996,43.580099],[1.519521,43.580132],[1.519579,43.580122],[1.519633,43.580104],[1.519695,43.580091],[1.519744,43.580092],[1.519777,43.580097],[1.519815,43.580111],[1.519895,43.580109],[1.520013,43.580069],[1.520103,43.580068],[1.520196,43.580075],[1.52028,43.580068],[1.520389,43.580068],[1.520498,43.580083],[1.520581,43.580106],[1.52062,43.580107],[1.520654,43.580098],[1.520678,43.580086],[1.52073,43.580091],[1.52076,43.580106],[1.520779,43.580125],[1.52086,43.580153],[1.520954,43.58015],[1.521036,43.580139],[1.521062,43.580126],[1.521096,43.5801],[1.521117,43.580064],[1.521126,43.580029],[1.521152,43.579987],[1.521197,43.579945],[1.521237,43.579931],[1.521409,43.579901],[1.521442,43.579905],[1.521466,43.579918],[1.52148,43.579932],[1.521501,43.579971],[1.521502,43.580051],[1.521492,43.580096],[1.5215,43.580129],[1.521509,43.580139],[1.521563,43.580145],[1.521691,43.580144],[1.521717,43.580138],[1.521728,43.580119],[1.521727,43.580105],[1.521699,43.580081],[1.521696,43.580049],[1.52172,43.579995],[1.521736,43.579979],[1.521752,43.579947],[1.521755,43.579913],[1.521751,43.57988],[1.522052,43.579921],[1.522079,43.580053],[1.522113,43.580096],[1.522134,43.580104],[1.522176,43.580101],[1.522219,43.580066],[1.522264,43.580011],[1.522296,43.579981],[1.522367,43.579959],[1.522689,43.579996],[1.522695,43.580091],[1.522767,43.580544],[1.522801,43.580596],[1.522838,43.5806],[1.523122,43.580609],[1.523136,43.580557],[1.523168,43.580519],[1.523243,43.580448],[1.523322,43.580398],[1.523381,43.580373],[1.523474,43.580357],[1.523547,43.580379],[1.5236,43.580404],[1.523631,43.580429],[1.523688,43.580499],[1.523755,43.58055],[1.523798,43.580564],[1.523896,43.580565],[1.523982,43.580552],[1.524025,43.580565],[1.524068,43.580586],[1.524178,43.580677],[1.524208,43.580717],[1.524328,43.580808],[1.524458,43.580896],[1.524531,43.580925],[1.52463,43.580926],[1.524748,43.580896],[1.524967,43.580813],[1.525068,43.58077],[1.525087,43.580748],[1.525088,43.580705],[1.525076,43.580676],[1.525079,43.580568],[1.525106,43.58054],[1.525141,43.580533],[1.525209,43.580583],[1.525252,43.580584],[1.525277,43.580561],[1.525283,43.580546],[1.525314,43.58053],[1.525438,43.580554],[1.525475,43.580555],[1.525564,43.580538],[1.525597,43.580524],[1.525625,43.580516],[1.525655,43.580491],[1.525669,43.580447],[1.525659,43.580392],[1.525659,43.580373],[1.525647,43.580355],[1.525648,43.580337],[1.525654,43.580315],[1.525678,43.580295],[1.525714,43.580291],[1.525732,43.580294],[1.525837,43.580369],[1.525855,43.580401],[1.52588,43.580422],[1.525912,43.580444],[1.525943,43.580449],[1.525974,43.580436],[1.526037,43.580401],[1.526068,43.580378],[1.526256,43.580343],[1.526311,43.580323],[1.526397,43.580324],[1.526441,43.580302],[1.526482,43.580264],[1.526521,43.580245],[1.526548,43.580237],[1.526574,43.58021],[1.526575,43.580174],[1.526581,43.580151],[1.526619,43.580144],[1.526655,43.580157],[1.526669,43.580155],[1.526748,43.580159],[1.526822,43.580169],[1.526883,43.580161],[1.52691,43.580152],[1.526947,43.580116],[1.526956,43.580089],[1.526948,43.580062],[1.526967,43.580049],[1.527047,43.580054],[1.527061,43.580036],[1.52705,43.579974],[1.527056,43.579969],[1.527189,43.580088],[1.527609,43.580642],[1.527901,43.581047],[1.528099,43.581306],[1.528194,43.581438],[1.528237,43.581465],[1.528255,43.58147],[1.52825,43.581439],[1.528191,43.581348],[1.527902,43.580975],[1.52779,43.580834],[1.527419,43.580316],[1.527181,43.579964],[1.527162,43.57993],[1.527194,43.579899],[1.527224,43.579886],[1.527269,43.579882],[1.527367,43.579884],[1.527411,43.57988],[1.527455,43.579839],[1.527445,43.579815],[1.527427,43.579792],[1.527421,43.579767],[1.527397,43.579748],[1.527384,43.579721],[1.527384,43.579665],[1.527396,43.579641],[1.52743,43.579626],[1.527464,43.57962],[1.527597,43.579643],[1.527786,43.579663],[1.527968,43.579666],[1.528038,43.579682],[1.52806,43.5797],[1.528139,43.57974],[1.528149,43.57976],[1.52814,43.579783],[1.528125,43.579794],[1.528063,43.579812],[1.527939,43.579861],[1.527856,43.579879],[1.527818,43.579879],[1.527783,43.579885],[1.527757,43.579902],[1.527764,43.57992],[1.527794,43.57994],[1.527818,43.579947],[1.527935,43.579971],[1.528001,43.580022],[1.528154,43.580155],[1.528293,43.580329],[1.528488,43.580609],[1.528621,43.580719],[1.528682,43.580765],[1.528762,43.580807],[1.528804,43.580821],[1.528855,43.58082],[1.528886,43.580799],[1.528905,43.580768],[1.528895,43.580669],[1.528915,43.580601],[1.52893,43.580579],[1.52896,43.580557],[1.529029,43.580551],[1.52909,43.580568],[1.52923,43.580644],[1.529309,43.580661],[1.529403,43.580666],[1.529456,43.580655],[1.52949,43.580638],[1.529529,43.580587],[1.529561,43.580539],[1.529567,43.580516],[1.529568,43.580498],[1.529578,43.58049],[1.529606,43.58048],[1.529647,43.58048],[1.529673,43.580486],[1.529709,43.580507],[1.529994,43.580535],[1.530085,43.580586],[1.530116,43.580591],[1.530167,43.580591],[1.530229,43.580584],[1.53029,43.580584],[1.530392,43.580607],[1.530537,43.580646],[1.530622,43.58067],[1.530721,43.580703],[1.530795,43.58069],[1.530896,43.580743],[1.530948,43.580751],[1.531028,43.580783],[1.531051,43.580819],[1.531025,43.580865],[1.530969,43.580895],[1.530907,43.580921],[1.530857,43.580938],[1.530824,43.580969],[1.53083,43.581001],[1.530842,43.58102],[1.530886,43.581015],[1.531205,43.581128],[1.531241,43.581147],[1.531302,43.581165],[1.531371,43.581162],[1.531421,43.581144],[1.531452,43.581113],[1.531465,43.581113],[1.531464,43.58114],[1.5315,43.581167],[1.531518,43.58119],[1.531605,43.5812],[1.531618,43.581174],[1.531695,43.581093],[1.531713,43.58109],[1.531751,43.58109],[1.531819,43.58105],[1.531881,43.581048],[1.532011,43.581058],[1.532061,43.581049],[1.532122,43.581059],[1.532185,43.581042],[1.532315,43.581066],[1.532375,43.581112],[1.532428,43.581198],[1.532465,43.581216],[1.53252,43.581222],[1.532558,43.581213],[1.532582,43.581214],[1.532609,43.58116],[1.532605,43.581083],[1.532617,43.581057],[1.532615,43.581022],[1.532443,43.580888],[1.532394,43.580833],[1.532377,43.580783],[1.532375,43.580644],[1.532393,43.580591],[1.532392,43.580531],[1.532402,43.580491],[1.532404,43.580447],[1.532424,43.580406],[1.532432,43.580373],[1.532475,43.58029],[1.532489,43.580236],[1.532526,43.58017],[1.532526,43.580155],[1.532512,43.580106],[1.532465,43.580025],[1.532394,43.579888],[1.532346,43.579825],[1.532298,43.579752],[1.53222,43.579665],[1.53219,43.579625],[1.532201,43.579588],[1.532252,43.579556],[1.532321,43.579559],[1.532426,43.579578],[1.532507,43.579583],[1.532592,43.579607],[1.532704,43.579609],[1.532821,43.579598],[1.532944,43.579567],[1.533042,43.579496],[1.533142,43.579464],[1.533217,43.5794],[1.533347,43.579306],[1.533463,43.57921],[1.533619,43.579153],[1.533743,43.579128],[1.534009,43.579111],[1.534085,43.57911],[1.534103,43.579115],[1.534172,43.579071],[1.534371,43.579033],[1.534496,43.578981],[1.534566,43.578969],[1.534619,43.578932],[1.534664,43.578877],[1.534717,43.578844],[1.534896,43.578808],[1.535051,43.578785],[1.535102,43.578785],[1.535231,43.578802],[1.535336,43.578807],[1.53549,43.578777],[1.535677,43.578757],[1.535773,43.578757],[1.535992,43.57879],[1.536037,43.578805],[1.536066,43.578827],[1.536055,43.578846],[1.535734,43.578926],[1.535556,43.578991],[1.535396,43.579042],[1.53515,43.579106],[1.534944,43.579153],[1.534822,43.579171],[1.534739,43.5792],[1.534676,43.579253],[1.534627,43.579304],[1.534623,43.579326],[1.534635,43.579361],[1.53463,43.579408],[1.534623,43.579427],[1.534624,43.579444],[1.534596,43.579466],[1.534549,43.579488],[1.534389,43.579524],[1.534263,43.579565],[1.534014,43.579681],[1.533938,43.579751],[1.533926,43.579783],[1.533931,43.579828],[1.533953,43.579882],[1.534007,43.579969],[1.534032,43.579979],[1.534094,43.579979],[1.534174,43.579988],[1.534202,43.579984],[1.534219,43.579979],[1.534232,43.579963],[1.534242,43.579936],[1.534268,43.579916],[1.534298,43.579913],[1.534326,43.579916],[1.534347,43.579951],[1.53435,43.579965],[1.534365,43.579971],[1.534415,43.579954],[1.534478,43.579938],[1.53453,43.579933],[1.53459,43.579913],[1.534629,43.579887],[1.534643,43.579868],[1.534716,43.579807],[1.534731,43.579789],[1.534737,43.579765],[1.534736,43.579749],[1.534753,43.579725],[1.534839,43.579637],[1.536439,43.579371],[1.536483,43.579367],[1.536108,43.57877],[1.536958,43.578903],[1.536978,43.578952],[1.536996,43.578964],[1.537021,43.578987],[1.537293,43.579433],[1.53747,43.579709],[1.53751,43.579751],[1.537542,43.579769],[1.53763,43.579776],[1.537677,43.579757],[1.537696,43.579762],[1.537763,43.579749],[1.537788,43.579732],[1.537796,43.5797],[1.537798,43.579646],[1.537774,43.579592],[1.537774,43.579534],[1.537811,43.579499],[1.537843,43.579476],[1.537845,43.579439],[1.537861,43.579435],[1.537876,43.57944],[1.53787,43.579462],[1.537878,43.579474],[1.5379,43.57948],[1.537927,43.579481],[1.537955,43.579467],[1.537995,43.57946],[1.538043,43.579445],[1.53805,43.579425],[1.538063,43.579416],[1.538038,43.579376],[1.538039,43.579362],[1.538058,43.579339],[1.538085,43.579335],[1.538101,43.579325],[1.538111,43.579312],[1.53812,43.579291],[1.538121,43.57926],[1.538084,43.579212],[1.53808,43.579138],[1.53812,43.579101],[1.538399,43.579073],[1.538611,43.579027],[1.538809,43.57899],[1.539031,43.578962],[1.539182,43.57894],[1.539269,43.578947],[1.539313,43.578976],[1.539347,43.579032],[1.539415,43.579184],[1.539478,43.579246],[1.539539,43.579378],[1.539574,43.579391],[1.5396,43.579394],[1.539617,43.579387],[1.539643,43.579365],[1.540015,43.579321],[1.540039,43.579312],[1.540091,43.579306],[1.540166,43.57929],[1.540202,43.579269],[1.540209,43.579219],[1.540175,43.579112],[1.54018,43.579075],[1.540207,43.579062],[1.54024,43.579076],[1.540305,43.579173],[1.540329,43.579188],[1.540364,43.579204],[1.540396,43.579204],[1.540449,43.579197],[1.540532,43.579161],[1.540681,43.579137],[1.540801,43.579109],[1.541087,43.579034],[1.541178,43.57901],[1.541205,43.57899],[1.541313,43.578979],[1.541364,43.578966],[1.541402,43.578967],[1.541442,43.578948],[1.541548,43.578909],[1.541685,43.578847],[1.541699,43.578822],[1.5417,43.578803],[1.541684,43.578748],[1.541657,43.578531],[1.541642,43.578375],[1.541642,43.578325],[1.54162,43.57824],[1.541597,43.578194],[1.54156,43.578149],[1.541427,43.578048],[1.541342,43.578015],[1.541308,43.577984],[1.541289,43.577958],[1.54129,43.57791],[1.541326,43.577881],[1.541488,43.577802],[1.54156,43.577777],[1.541654,43.577736],[1.541815,43.577653],[1.541921,43.577621],[1.542031,43.577593],[1.542151,43.577577],[1.542219,43.577556],[1.542247,43.577551],[1.542283,43.577548],[1.542299,43.577561],[1.542305,43.577574],[1.542316,43.577647],[1.542354,43.577719],[1.542389,43.577836],[1.542439,43.57794],[1.542524,43.578025],[1.542592,43.578069],[1.542638,43.578092],[1.542689,43.57811],[1.542736,43.578109],[1.542764,43.578097],[1.542765,43.578066],[1.542746,43.578043],[1.542728,43.57803],[1.542716,43.578011],[1.542711,43.577971],[1.542729,43.57796],[1.542793,43.577989],[1.542839,43.577998],[1.542883,43.577989],[1.542902,43.577969],[1.542931,43.577948],[1.542972,43.577929],[1.54302,43.57792],[1.543052,43.577923],[1.543086,43.577919],[1.543119,43.577892],[1.543132,43.577867],[1.543147,43.577851],[1.543177,43.577832],[1.543247,43.57781],[1.543309,43.577799],[1.543373,43.577793],[1.543457,43.577792],[1.543535,43.577772],[1.54363,43.577722],[1.543676,43.577685],[1.543685,43.577658],[1.543668,43.577628],[1.543604,43.577597],[1.543557,43.577564],[1.543533,43.577527],[1.543555,43.577472],[1.543631,43.577419],[1.543695,43.577384],[1.543761,43.577315],[1.543773,43.577243],[1.543771,43.577245],[1.543767,43.577159],[1.543681,43.577029],[1.543635,43.576917],[1.543613,43.576791],[1.543627,43.576754],[1.543664,43.576725],[1.543695,43.576715],[1.543799,43.576709],[1.543888,43.576684],[1.543976,43.576644],[1.544068,43.576593],[1.544194,43.576475],[1.544291,43.57643],[1.544387,43.576411],[1.544497,43.576429],[1.544586,43.576462],[1.544643,43.576502],[1.544659,43.57654],[1.544679,43.576558],[1.544669,43.57662],[1.544687,43.576647],[1.544765,43.576735],[1.544817,43.576776],[1.544888,43.576808],[1.544994,43.576829],[1.545045,43.576853],[1.545073,43.576861],[1.545233,43.576928],[1.545301,43.576963],[1.545362,43.577002],[1.545401,43.577016],[1.545454,43.577004],[1.545763,43.576872],[1.546041,43.576759],[1.546174,43.576697],[1.54638,43.576619],[1.546656,43.57655],[1.547008,43.576399],[1.547112,43.57638],[1.547432,43.576261],[1.54746,43.576244],[1.547529,43.576215],[1.547627,43.576161],[1.547722,43.576094],[1.547771,43.576077],[1.547815,43.576073],[1.547864,43.576065],[1.547887,43.576045],[1.5479,43.576],[1.547895,43.575961],[1.54785,43.575917],[1.547806,43.575885],[1.547777,43.575852],[1.547782,43.575818],[1.547795,43.575792],[1.547826,43.575765],[1.547879,43.575748],[1.547908,43.575737],[1.547971,43.575694],[1.54797,43.575664],[1.547957,43.575618],[1.547937,43.575581],[1.547873,43.575541],[1.547718,43.575411],[1.547698,43.575388],[1.547624,43.575364],[1.547594,43.575364],[1.547565,43.57535],[1.547571,43.575336],[1.547537,43.575302],[1.5475,43.575245],[1.547463,43.575229],[1.547448,43.575214],[1.547467,43.575184],[1.547498,43.575156],[1.547558,43.575125],[1.547668,43.575045],[1.547799,43.574989],[1.54797,43.574933],[1.548068,43.574885],[1.548136,43.57483],[1.54822,43.57472],[1.548447,43.574626],[1.548458,43.574633],[1.548469,43.574633],[1.548491,43.574625],[1.548986,43.574401],[1.549093,43.574396],[1.549165,43.5744],[1.549862,43.575209],[1.550031,43.575412],[1.550589,43.576049],[1.550656,43.57609],[1.551097,43.576311],[1.551267,43.576408],[1.551332,43.576389],[1.551291,43.576343],[1.550703,43.576059],[1.550637,43.57601],[1.549919,43.575187],[1.549266,43.574396],[1.54946,43.574386],[1.549574,43.574393],[1.550279,43.57449],[1.550971,43.574556],[1.551519,43.574561],[1.551828,43.574544],[1.551938,43.574523],[1.552024,43.574511],[1.552116,43.574525],[1.552204,43.57455],[1.552274,43.574576],[1.552322,43.574604],[1.552415,43.574643],[1.552484,43.574639],[1.552561,43.574646],[1.55319,43.574793],[1.55325,43.574813],[1.553296,43.574848],[1.553366,43.574925],[1.553407,43.574928],[1.553437,43.574915],[1.553461,43.574855],[1.553513,43.574839],[1.553724,43.574865],[1.553819,43.574909],[1.553852,43.574917],[1.55389,43.57491],[1.55404,43.574829],[1.554224,43.574753],[1.554266,43.574721],[1.554283,43.574719],[1.554353,43.574737],[1.554429,43.574723],[1.554477,43.574688],[1.554492,43.574662],[1.554553,43.574628],[1.554687,43.574607],[1.554753,43.574601],[1.554828,43.574581],[1.554925,43.57454],[1.55498,43.574506],[1.555074,43.574457],[1.555171,43.574399],[1.555194,43.574373],[1.555201,43.574344],[1.55523,43.574305],[1.555283,43.57427],[1.555348,43.57419],[1.555563,43.574109],[1.555651,43.574088],[1.555689,43.574084],[1.555732,43.574067],[1.555884,43.573986],[1.556178,43.573811],[1.556282,43.573739],[1.556359,43.573697],[1.556431,43.57363],[1.556475,43.573616],[1.556517,43.573607],[1.55658,43.573608],[1.556606,43.573602],[1.556624,43.573579],[1.556618,43.573546],[1.556572,43.573466],[1.556557,43.573428],[1.556556,43.573403],[1.556576,43.573376],[1.556718,43.573301],[1.556777,43.573278],[1.556785,43.573264],[1.55679,43.573245],[1.556792,43.573223],[1.556784,43.573203],[1.556764,43.573171],[1.556699,43.573134],[1.556671,43.573111],[1.556665,43.573084],[1.556669,43.573031],[1.556734,43.572945],[1.556736,43.572924],[1.55672,43.572888],[1.556686,43.572852],[1.556663,43.572838],[1.556628,43.57283],[1.556584,43.572827],[1.556511,43.572839],[1.556457,43.572852],[1.556426,43.572862],[1.556344,43.572895],[1.556304,43.572904],[1.556281,43.572897],[1.556257,43.572884],[1.556226,43.572836],[1.556236,43.572812],[1.556264,43.57279],[1.55643,43.572717],[1.556625,43.572662],[1.55668,43.572653],[1.556722,43.572674],[1.556804,43.572792],[1.556872,43.572879],[1.557115,43.573156],[1.557169,43.573209],[1.557196,43.573198],[1.557289,43.573122],[1.557372,43.573077],[1.557433,43.573053],[1.557586,43.573048],[1.557626,43.573022],[1.557663,43.572983],[1.557694,43.572912],[1.557744,43.572827],[1.557821,43.572757],[1.557875,43.572712],[1.557912,43.572699],[1.557967,43.572693],[1.558007,43.572703],[1.558028,43.572696],[1.558061,43.572676],[1.558083,43.572653],[1.5581,43.572626],[1.558112,43.572564],[1.558204,43.572467],[1.558373,43.572332],[1.558534,43.572246],[1.558703,43.572132],[1.559024,43.572049],[1.559345,43.571934],[1.559651,43.57183],[1.560008,43.571717],[1.560329,43.571547],[1.560665,43.571404],[1.561008,43.571264],[1.561258,43.571152],[1.561302,43.571138],[1.561354,43.571136],[1.56139,43.571143],[1.561436,43.571158],[1.56146,43.57116],[1.561484,43.571155],[1.561498,43.571141],[1.561499,43.571122],[1.561466,43.571064],[1.561465,43.571048],[1.561485,43.571034],[1.56155,43.571042],[1.561583,43.571027],[1.561617,43.570993],[1.561656,43.570905],[1.561637,43.570867],[1.561613,43.570836],[1.561618,43.570794],[1.561704,43.570789],[1.561771,43.57077],[1.561852,43.570737],[1.561923,43.570726],[1.562016,43.57069],[1.562061,43.570663],[1.562074,43.570635],[1.56207,43.570573],[1.562074,43.570538],[1.562139,43.570495],[1.562196,43.570471],[1.562237,43.570417],[1.56228,43.570299],[1.562341,43.570235],[1.562381,43.570255],[1.56259,43.570513],[1.562643,43.57053],[1.562759,43.570475],[1.562845,43.570454],[1.562992,43.57044],[1.563159,43.570366],[1.563252,43.570302],[1.563371,43.570269],[1.563593,43.570277],[1.563629,43.570289],[1.563683,43.570295],[1.563722,43.570278],[1.563776,43.570223],[1.563817,43.570192],[1.563888,43.57019],[1.563939,43.570194],[1.563994,43.570185],[1.56403,43.570117],[1.564129,43.570105],[1.564241,43.57006],[1.564339,43.569975],[1.564381,43.569907],[1.564415,43.569884],[1.56446,43.56988],[1.564638,43.569967],[1.56476,43.56999],[1.564803,43.56998],[1.564833,43.56996],[1.564837,43.56991],[1.564802,43.569659],[1.564847,43.569641],[1.564893,43.569653],[1.564958,43.569688],[1.564991,43.569717],[1.565051,43.569758],[1.565097,43.569765],[1.565128,43.569767],[1.56519,43.569747],[1.565215,43.569715],[1.565211,43.569677],[1.565158,43.569625],[1.565124,43.569577],[1.565061,43.569452],[1.565063,43.56936],[1.565154,43.569196],[1.565215,43.569129],[1.565297,43.569103],[1.565574,43.56906],[1.565699,43.569029],[1.565882,43.568965],[1.566203,43.568811],[1.56641,43.568693],[1.566526,43.568637],[1.566834,43.568509],[1.567083,43.568428],[1.567334,43.56845],[1.567648,43.568596],[1.567886,43.568753],[1.568041,43.56892],[1.568219,43.569214],[1.568402,43.569549],[1.568523,43.56975],[1.568591,43.56982],[1.568672,43.569806],[1.568696,43.5698],[1.568686,43.569737],[1.568677,43.569713],[1.56863,43.569633],[1.568528,43.569472],[1.568452,43.569295],[1.568457,43.568873],[1.568373,43.568737],[1.568294,43.568649],[1.568281,43.568638],[1.567225,43.568072],[1.567068,43.567979],[1.566721,43.567758],[1.566253,43.567372],[1.565895,43.567127],[1.565796,43.566999],[1.565617,43.566857],[1.565472,43.566693],[1.565453,43.56668],[1.565386,43.566645],[1.565087,43.566558],[1.564473,43.566337],[1.56435,43.566308],[1.564286,43.566302],[1.563509,43.566312],[1.563325,43.566318],[1.563249,43.566329],[1.56319,43.566349],[1.562962,43.56647],[1.562828,43.566532],[1.562782,43.56655],[1.562342,43.566682],[1.562194,43.56673],[1.560574,43.567291],[1.560173,43.567415],[1.559533,43.567595],[1.559173,43.567712],[1.558544,43.567936],[1.558059,43.568121],[1.557876,43.568195],[1.556993,43.568539],[1.556622,43.568688],[1.556294,43.568812],[1.556051,43.568916],[1.555809,43.569035],[1.555489,43.56918],[1.554881,43.569486],[1.554605,43.569609],[1.554167,43.569786],[1.553824,43.569955],[1.553791,43.569975],[1.553591,43.570143],[1.553394,43.570314],[1.553367,43.570328],[1.553355,43.570339],[1.553251,43.570396],[1.553099,43.570435],[1.552875,43.570448],[1.552823,43.570436],[1.55272,43.570422],[1.55247,43.570357],[1.552409,43.570346],[1.552354,43.570339],[1.552253,43.570348],[1.552146,43.570392],[1.551521,43.570722],[1.551529,43.570744],[1.551228,43.570885],[1.550964,43.570995],[1.550703,43.571117],[1.549322,43.571743],[1.549303,43.571748],[1.549309,43.571768],[1.549287,43.571779],[1.549472,43.571968],[1.54947,43.571987],[1.549453,43.572],[1.54912,43.572135],[1.549097,43.572147],[1.548615,43.572555],[1.54859,43.572586],[1.548561,43.572686],[1.54861,43.572892],[1.548558,43.573119],[1.548556,43.573251],[1.548569,43.57354],[1.548681,43.573747],[1.548777,43.573899],[1.548819,43.574041],[1.548814,43.574216],[1.548809,43.574253],[1.5488,43.574265],[1.548788,43.574271],[1.548769,43.574272],[1.548755,43.574269],[1.548744,43.574264],[1.548743,43.574252],[1.54876,43.574127],[1.548755,43.574],[1.548688,43.573827],[1.548531,43.573601],[1.548487,43.573286],[1.548467,43.572841],[1.548473,43.572675],[1.54848,43.572594],[1.548806,43.572156],[1.548832,43.57214],[1.548842,43.572127],[1.54887,43.572111],[1.549089,43.572028],[1.549113,43.572004],[1.549196,43.571906],[1.5492,43.57188],[1.549179,43.571847],[1.549151,43.571817],[1.549126,43.571809],[1.549115,43.571813],[1.549131,43.57187],[1.549133,43.571911],[1.549102,43.571976],[1.549065,43.572004],[1.548962,43.572039],[1.548902,43.572045],[1.548858,43.572032],[1.548847,43.572045],[1.548799,43.572096],[1.548706,43.572211],[1.548541,43.572431],[1.548487,43.57253],[1.548448,43.572627],[1.548432,43.572698],[1.548453,43.572871],[1.54847,43.573472],[1.54849,43.573576],[1.548528,43.573657],[1.548686,43.573895],[1.548711,43.573974],[1.548666,43.574296],[1.548673,43.574362],[1.548691,43.574441],[1.548707,43.574458],[1.548696,43.574463],[1.548698,43.574473],[1.548443,43.574577],[1.548194,43.574668],[1.548164,43.574693],[1.54815,43.574695],[1.547979,43.574771],[1.547847,43.57482],[1.547698,43.574887],[1.547637,43.574909],[1.5473,43.575046],[1.546982,43.575185],[1.5468,43.575254],[1.546231,43.575495],[1.546203,43.57552],[1.546084,43.575561],[1.546042,43.575584],[1.546007,43.575594],[1.545984,43.575608],[1.545685,43.575726],[1.545217,43.575902],[1.545105,43.575948],[1.54496,43.576],[1.544728,43.576092],[1.544691,43.576102],[1.544399,43.576212],[1.544392,43.576217],[1.543204,43.576666],[1.543033,43.576778],[1.542385,43.577334],[1.542215,43.577435],[1.542028,43.577481],[1.54169,43.57751],[1.541552,43.577545],[1.541382,43.577633],[1.541231,43.577722],[1.54116,43.577751],[1.540933,43.577871],[1.540568,43.578088],[1.540223,43.578256],[1.539456,43.578656],[1.539352,43.578697],[1.539217,43.578726],[1.538722,43.578803],[1.538367,43.578897],[1.538209,43.578919],[1.538058,43.578933],[1.537887,43.57894],[1.537738,43.578934],[1.537523,43.578915],[1.537377,43.578893],[1.536965,43.578845],[1.536466,43.578767],[1.536331,43.578741],[1.535968,43.57868],[1.53587,43.578653],[1.535499,43.578581],[1.535427,43.578575],[1.535327,43.578576],[1.535242,43.578582],[1.534866,43.578657],[1.534785,43.578685],[1.534535,43.578783],[1.53435,43.578883],[1.534022,43.57901],[1.533402,43.579129],[1.533293,43.579172],[1.533012,43.579376],[1.532848,43.579465],[1.532777,43.579481],[1.532755,43.57948],[1.532732,43.579483],[1.532654,43.579473],[1.532647,43.579469],[1.53259,43.579458],[1.532483,43.579384],[1.532391,43.579346],[1.532256,43.579301],[1.532028,43.579254],[1.531953,43.57923],[1.53188,43.579212],[1.531446,43.579011],[1.530927,43.578813],[1.53084,43.578799],[1.530784,43.578794],[1.530505,43.578827],[1.530452,43.578826],[1.530357,43.578818],[1.530288,43.578816],[1.529552,43.578723],[1.529338,43.578711],[1.529176,43.578675],[1.528978,43.578581],[1.528791,43.578549],[1.528357,43.578568],[1.527724,43.578637],[1.527283,43.578663],[1.526831,43.578703],[1.525971,43.578809],[1.525727,43.578842],[1.525586,43.578856],[1.525249,43.578897],[1.524405,43.578967],[1.524307,43.578965],[1.524199,43.578952],[1.524119,43.578947],[1.523961,43.578898],[1.523837,43.578815],[1.523807,43.578799],[1.523735,43.578701],[1.523613,43.578487],[1.52356,43.578319],[1.523529,43.578247],[1.523467,43.578162],[1.523368,43.578088],[1.523293,43.578058],[1.523158,43.578021],[1.523071,43.578018],[1.522889,43.577967],[1.521985,43.57798],[1.521514,43.578003],[1.520796,43.578013],[1.520349,43.578002],[1.519865,43.578032],[1.519108,43.578054],[1.517329,43.578063],[1.516932,43.578054],[1.516571,43.577998],[1.516372,43.577975],[1.515948,43.577955],[1.515402,43.577946],[1.515213,43.57794],[1.515112,43.577925],[1.514925,43.577859],[1.514624,43.577728],[1.51423,43.577506],[1.513798,43.577233],[1.513424,43.57703],[1.513369,43.577004],[1.513252,43.576957],[1.513088,43.576904],[1.512862,43.576825]],[[1.523648,43.579167],[1.52356,43.579224],[1.523119,43.579263],[1.522997,43.57927],[1.52291,43.579254],[1.522901,43.579171],[1.522936,43.578997],[1.522958,43.578854],[1.522971,43.578841],[1.523001,43.578832],[1.523305,43.578816],[1.523565,43.57882],[1.523637,43.578883],[1.52369,43.578979],[1.523712,43.579095],[1.523648,43.579167]],[[1.522884,43.579454],[1.522875,43.579474],[1.522866,43.579478],[1.522843,43.579477],[1.522829,43.579471],[1.522808,43.57944],[1.522782,43.579418],[1.522775,43.579417],[1.522755,43.579425],[1.522716,43.579446],[1.522645,43.579439],[1.522634,43.579402],[1.522602,43.579373],[1.522541,43.579342],[1.522467,43.57934],[1.522402,43.579334],[1.522353,43.579308],[1.52235,43.579281],[1.522364,43.579247],[1.522359,43.579208],[1.52236,43.579168],[1.522343,43.579127],[1.522288,43.579085],[1.522307,43.579054],[1.522563,43.578999],[1.522655,43.578996],[1.52271,43.579046],[1.522776,43.579123],[1.522813,43.579257],[1.52287,43.579292],[1.52288,43.57933],[1.522888,43.579388],[1.522889,43.579428],[1.522884,43.579454]]],"type":"Polygon"},"properties":{"zoneCode":"Ri","zoneLabel":"Rouge inondation","zoneColor":"#E2001A","codeZone":"31201200220029","typeReg":"03","libelleZone":"Zone Rouge : Zone dite non Urbanisée et Zone dite Urbanisée - Aléa Fort"}},{"type":"Feature","geometry":{"coordinates":[[[[1.56012,43.567418],[1.559199,43.567687],[1.558187,43.568062],[1.557919,43.568178],[1.558059,43.568121],[1.558544,43.567936],[1.559173,43.567712],[1.559533,43.567595],[1.560127,43.567428],[1.56012,43.567418]]],[[[1.557888,43.568191],[1.556197,43.568834],[1.555906,43.568961],[1.555128,43.569361],[1.554701,43.569558],[1.55417,43.569764],[1.554034,43.569828],[1.553751,43.569995],[1.553607,43.570097],[1.553367,43.570328],[1.553394,43.570314],[1.553591,43.570143],[1.553791,43.569975],[1.553824,43.569955],[1.554167,43.569786],[1.554605,43.569609],[1.554881,43.569486],[1.555489,43.56918],[1.555809,43.569035],[1.556051,43.568916],[1.556294,43.568812],[1.556622,43.568688],[1.556993,43.568539],[1.557888,43.568191]]],[[[1.552681,43.570404],[1.552493,43.570346],[1.552406,43.570325],[1.55232,43.570321],[1.552171,43.570378],[1.552146,43.570392],[1.552253,43.570348],[1.552354,43.570339],[1.55247,43.570357],[1.55272,43.570422],[1.552823,43.570436],[1.552681,43.570404]]],[[[1.551611,43.570674],[1.551189,43.570842],[1.549257,43.571754],[1.549287,43.571779],[1.549309,43.571768],[1.549303,43.571748],[1.549322,43.571743],[1.550703,43.571117],[1.550964,43.570995],[1.551228,43.570885],[1.551529,43.570744],[1.551521,43.570722],[1.551611,43.570674]]]],"type":"MultiPolygon"},"properties":{"zoneCode":"Ri","zoneLabel":"Rouge inondation","zoneColor":"#E2001A","codeZone":"31201200230003","typeReg":"03","libelleZone":"Zone Rouge : Zone dite non Urbanisée et Zone dite Urbanisée - Aléa Fort"}},{"type":"Feature","geometry":{"coordinates":[[[[1.549139,43.571803],[1.549126,43.571809],[1.549151,43.571817],[1.549139,43.571803]]],[[[1.548858,43.572032],[1.548832,43.572023],[1.548741,43.572154],[1.548496,43.572439],[1.548424,43.572538],[1.548417,43.572578],[1.548432,43.572698],[1.548448,43.572627],[1.548487,43.57253],[1.548541,43.572431],[1.548706,43.572211],[1.548799,43.572096],[1.548858,43.572032]]],[[[1.54866,43.574335],[1.548662,43.574411],[1.548691,43.574441],[1.548673,43.574362],[1.548666,43.574302],[1.548667,43.574282],[1.54866,43.574335]]],[[[1.548491,43.574556],[1.548289,43.574632],[1.548443,43.574577],[1.548698,43.574473],[1.548696,43.574463],[1.548491,43.574556]]],[[[1.548194,43.574668],[1.547978,43.574757],[1.5468,43.575254],[1.546982,43.575185],[1.5473,43.575046],[1.547637,43.574909],[1.547698,43.574887],[1.547847,43.57482],[1.547979,43.574771],[1.54815,43.574695],[1.548164,43.574693],[1.548194,43.574668]]],[[[1.546271,43.575478],[1.546413,43.575419],[1.546695,43.575299],[1.546271,43.575478]]],[[[1.545704,43.575718],[1.545984,43.575608],[1.546007,43.575594],[1.546042,43.575584],[1.546084,43.575561],[1.546203,43.57552],[1.546231,43.575495],[1.545704,43.575718]]],[[[1.545676,43.575728],[1.545685,43.575726],[1.545701,43.575719],[1.545676,43.575728]]],[[[1.545373,43.575843],[1.54538,43.575842],[1.545431,43.575821],[1.545373,43.575843]]],[[[1.544994,43.575987],[1.545105,43.575948],[1.545217,43.575902],[1.544994,43.575987]]],[[[1.544691,43.576102],[1.544728,43.576092],[1.54496,43.576],[1.544691,43.576102]]],[[[1.543733,43.576465],[1.544392,43.576217],[1.544399,43.576212],[1.543733,43.576465]]],[[[1.543655,43.576494],[1.543668,43.576489],[1.543672,43.576488],[1.543655,43.576494]]],[[[1.541517,43.577554],[1.541382,43.577633],[1.541552,43.577545],[1.541517,43.577554]]],[[[1.541085,43.577781],[1.540933,43.577871],[1.54116,43.577751],[1.541085,43.577781]]],[[[1.539625,43.578568],[1.539646,43.578558],[1.539791,43.578481],[1.539625,43.578568]]],[[[1.53864,43.578815],[1.5384,43.578887],[1.538483,43.578867],[1.538722,43.578803],[1.53864,43.578815]]],[[[1.538108,43.578927],[1.538209,43.578919],[1.538304,43.578904],[1.538108,43.578927]]],[[[1.537872,43.578935],[1.53754,43.578916],[1.537738,43.578934],[1.537884,43.57894],[1.538002,43.578934],[1.537872,43.578935]]],[[[1.537319,43.578878],[1.536961,43.578832],[1.536524,43.578775],[1.536681,43.578802],[1.536965,43.578845],[1.537377,43.578893],[1.537504,43.578911],[1.537319,43.578878]]],[[[1.53587,43.578653],[1.535968,43.57868],[1.536331,43.578741],[1.53587,43.578653]]],[[[1.535378,43.578572],[1.535327,43.578576],[1.535427,43.578575],[1.535378,43.578572]]],[[[1.532679,43.579475],[1.532732,43.579483],[1.532755,43.57948],[1.532679,43.579475]]],[[[1.532409,43.579332],[1.532297,43.579295],[1.532073,43.57926],[1.531953,43.57923],[1.532028,43.579254],[1.532256,43.579301],[1.532391,43.579346],[1.532483,43.579384],[1.53259,43.579458],[1.532647,43.579469],[1.532409,43.579332]]],[[[1.531487,43.579027],[1.531446,43.579011],[1.53178,43.579165],[1.531487,43.579027]]],[[[1.530914,43.578808],[1.530804,43.578789],[1.530519,43.578823],[1.530357,43.578818],[1.530452,43.578826],[1.530505,43.578827],[1.530784,43.578794],[1.53084,43.578799],[1.530927,43.578813],[1.530914,43.578808]]],[[[1.525586,43.578856],[1.525727,43.578842],[1.525971,43.578809],[1.525586,43.578856]]],[[[1.524199,43.578952],[1.52434,43.578967],[1.524405,43.578967],[1.524433,43.578964],[1.524199,43.578952]]],[[[1.523799,43.578789],[1.523807,43.578799],[1.523837,43.578815],[1.523799,43.578789]]],[[[1.523771,43.57875],[1.523683,43.578606],[1.523735,43.578701],[1.523771,43.57875]]],[[[1.523542,43.578266],[1.523529,43.578247],[1.52356,43.578319],[1.523542,43.578266]]],[[[1.523289,43.578049],[1.52318,43.578021],[1.523158,43.578021],[1.523293,43.578058],[1.523362,43.578085],[1.523289,43.578049]]],[[[1.521911,43.577981],[1.521725,43.577991],[1.521835,43.577988],[1.521985,43.57798],[1.521911,43.577981]]],[[[1.51644,43.577978],[1.516372,43.577975],[1.516571,43.577998],[1.51644,43.577978]]],[[[1.515362,43.577943],[1.515402,43.577946],[1.51554,43.577946],[1.515362,43.577943]]],[[[1.513401,43.577018],[1.513301,43.576973],[1.513252,43.576957],[1.513369,43.577004],[1.513424,43.57703],[1.513401,43.577018]]]],"type":"MultiPolygon"},"properties":{"zoneCode":"Ri","zoneLabel":"Rouge inondation","zoneColor":"#E2001A","codeZone":"31201200230002","typeReg":"03","libelleZone":"Zone Rouge : Zone dite non Urbanisée et Zone dite Urbanisée - Aléa Fort"}},{"type":"Feature","geometry":{"coordinates":[[[[1.549257,43.571754],[1.549139,43.571803],[1.549151,43.571817],[1.549207,43.571838],[1.54923,43.571826],[1.549227,43.571812],[1.549287,43.571779],[1.549257,43.571754]]],[[[1.548496,43.572439],[1.548429,43.572516],[1.548424,43.572538],[1.548496,43.572439]]]],"type":"MultiPolygon"},"properties":{"zoneCode":"Ji","zoneLabel":"Jaune inondation (expansion des crues)","zoneColor":"#FBC02D","codeZone":"31201200230004","typeReg":"03","libelleZone":"Zone Jaune : Zone dite non Urbanisée - aléa moyen à Faible"}},{"type":"Feature","geometry":{"coordinates":[[[1.540545,43.590346],[1.540605,43.590324],[1.540694,43.590314],[1.540711,43.590315],[1.540885,43.590281],[1.541053,43.590259],[1.541234,43.59025],[1.541381,43.590239],[1.541635,43.590213],[1.540822,43.590233],[1.54057,43.590237],[1.540425,43.590274],[1.540284,43.590367],[1.540545,43.590346]]],"type":"Polygon"},"properties":{"zoneCode":"Ji","zoneLabel":"Jaune inondation (expansion des crues)","zoneColor":"#FBC02D","codeZone":"31201200140008","typeReg":"03","libelleZone":"Zone Jaune : Zone dite non Urbanisée - aléa moyen à Faible"}},{"type":"Feature","geometry":{"coordinates":[[[[1.53446,43.591244],[1.534455,43.591244],[1.534464,43.591267],[1.534488,43.591265],[1.53446,43.591244]]],[[[1.534679,43.591243],[1.534743,43.591244],[1.534936,43.59123],[1.535013,43.591237],[1.535103,43.591231],[1.535344,43.5912],[1.535458,43.591182],[1.535391,43.591182],[1.535137,43.591174],[1.534946,43.591164],[1.534791,43.591191],[1.534699,43.591221],[1.534599,43.591234],[1.534679,43.591243]]],[[[1.535938,43.591078],[1.536133,43.591046],[1.535968,43.591041],[1.535873,43.591061],[1.535786,43.591121],[1.535938,43.591078]]],[[[1.536498,43.59097],[1.536646,43.590927],[1.536821,43.5909],[1.53703,43.590891],[1.537282,43.590857],[1.537454,43.59082],[1.537667,43.590781],[1.537805,43.59075],[1.537985,43.590723],[1.538118,43.590709],[1.538278,43.590687],[1.538424,43.590641],[1.538543,43.59063],[1.538381,43.590583],[1.538304,43.590572],[1.538254,43.590587],[1.538102,43.590581],[1.53803,43.590605],[1.537915,43.590629],[1.537794,43.590639],[1.537652,43.590646],[1.537491,43.590677],[1.537411,43.590678],[1.536898,43.590822],[1.536342,43.590996],[1.536498,43.59097]]]],"type":"MultiPolygon"},"properties":{"zoneCode":"Ji","zoneLabel":"Jaune inondation (expansion des crues)","zoneColor":"#FBC02D","codeZone":"31201200140007","typeReg":"03","libelleZone":"Zone Jaune : Zone dite non Urbanisée - aléa moyen à Faible"}},{"type":"Feature","geometry":{"coordinates":[[[[1.553591,43.58864],[1.553743,43.588589],[1.554111,43.588528],[1.554466,43.588495],[1.554664,43.588488],[1.555219,43.58854],[1.555451,43.588547],[1.555449,43.588539],[1.555686,43.588553],[1.555888,43.588559],[1.556202,43.588516],[1.556483,43.588488],[1.556571,43.588446],[1.556681,43.588414],[1.556777,43.588407],[1.556858,43.588405],[1.557061,43.588383],[1.557179,43.588389],[1.557198,43.588393],[1.55732,43.588369],[1.557914,43.588279],[1.55808,43.588227],[1.558054,43.588232],[1.557879,43.588214],[1.55781,43.588212],[1.557749,43.588222],[1.557668,43.588272],[1.557632,43.58829],[1.557614,43.588298],[1.557567,43.58831],[1.557206,43.588308],[1.556962,43.588317],[1.556733,43.58835],[1.556405,43.588388],[1.556171,43.588427],[1.555802,43.58848],[1.555534,43.5885],[1.555481,43.588483],[1.555458,43.588472],[1.55535,43.588404],[1.55531,43.588382],[1.555287,43.588373],[1.555234,43.588363],[1.555193,43.588373],[1.555147,43.588379],[1.554953,43.588328],[1.554859,43.588307],[1.554823,43.588302],[1.554741,43.588306],[1.554659,43.588315],[1.554379,43.58837],[1.554291,43.588384],[1.553886,43.588407],[1.553626,43.588425],[1.55358,43.588439],[1.553552,43.588455],[1.553479,43.588577],[1.55346,43.588602],[1.553368,43.588675],[1.553382,43.588692],[1.553591,43.58864]]],[[[1.558224,43.588182],[1.558485,43.5881],[1.558606,43.588068],[1.558457,43.58806],[1.558224,43.588182]]]],"type":"MultiPolygon"},"properties":{"zoneCode":"Ri","zoneLabel":"Rouge inondation","zoneColor":"#E2001A","codeZone":"31201200140010","typeReg":"03","libelleZone":"Zone Rouge : Zone dite non Urbanisée et Zone dite Urbanisée - Aléa Fort"}},{"type":"Feature","geometry":{"coordinates":[[[[1.539209,43.590564],[1.539335,43.590531],[1.539306,43.590533],[1.539262,43.590548],[1.539224,43.590553],[1.539209,43.590564]]],[[[1.540159,43.590377],[1.540284,43.590367],[1.540425,43.590274],[1.54057,43.590237],[1.541615,43.590214],[1.54186,43.590188],[1.542189,43.590174],[1.542287,43.590158],[1.542584,43.590139],[1.54255,43.590127],[1.542483,43.590114],[1.542408,43.590127],[1.542292,43.590136],[1.542235,43.590149],[1.542035,43.590141],[1.541902,43.590151],[1.541804,43.590163],[1.541665,43.590163],[1.541563,43.590159],[1.541495,43.59019],[1.541416,43.590204],[1.541269,43.590186],[1.541191,43.590202],[1.541107,43.590201],[1.541042,43.590196],[1.540883,43.590196],[1.540779,43.5902],[1.54063,43.590213],[1.540554,43.590241],[1.540364,43.590278],[1.540328,43.590288],[1.540276,43.590311],[1.54023,43.590321],[1.540159,43.590377]]],[[[1.544537,43.590228],[1.544693,43.590229],[1.544816,43.590221],[1.5449,43.590207],[1.545186,43.59015],[1.545402,43.590068],[1.545678,43.589987],[1.546176,43.589902],[1.546329,43.589888],[1.546823,43.589783],[1.547074,43.589763],[1.547859,43.589648],[1.548212,43.589608],[1.548434,43.589593],[1.548796,43.589593],[1.548886,43.589586],[1.549005,43.589538],[1.549219,43.589478],[1.549389,43.589398],[1.549503,43.589358],[1.549335,43.589392],[1.549066,43.589434],[1.549004,43.589446],[1.548888,43.589478],[1.548775,43.589504],[1.548676,43.589521],[1.548339,43.589555],[1.547527,43.589628],[1.547331,43.58963],[1.54701,43.589676],[1.54678,43.589728],[1.545987,43.589929],[1.545889,43.589943],[1.54561,43.589973],[1.545361,43.590016],[1.545033,43.590103],[1.544537,43.590228]]],[[[1.550307,43.589177],[1.550948,43.589019],[1.550972,43.589011],[1.550485,43.589116],[1.550209,43.589195],[1.550307,43.589177]]],[[[1.552202,43.588827],[1.552328,43.588817],[1.552439,43.588819],[1.55257,43.588832],[1.552664,43.588836],[1.552887,43.58882],[1.552964,43.588834],[1.553013,43.588837],[1.553082,43.588835],[1.55311,43.58882],[1.553094,43.588786],[1.553053,43.588797],[1.553009,43.588804],[1.552788,43.588772],[1.552545,43.588775],[1.552334,43.588782],[1.552117,43.5888],[1.552202,43.588827]]]],"type":"MultiPolygon"},"properties":{"zoneCode":"Ri","zoneLabel":"Rouge inondation","zoneColor":"#E2001A","codeZone":"31201200140009","typeReg":"03","libelleZone":"Zone Rouge : Zone dite non Urbanisée et Zone dite Urbanisée - Aléa Fort"}},{"type":"Feature","geometry":{"coordinates":[[[[1.534454,43.59124],[1.534455,43.591244],[1.53446,43.591244],[1.534454,43.59124]]],[[[1.534449,43.591222],[1.534599,43.591234],[1.534699,43.591221],[1.534791,43.591191],[1.534946,43.591164],[1.535137,43.591174],[1.535391,43.591182],[1.535458,43.591182],[1.535742,43.591134],[1.535786,43.591121],[1.535873,43.591061],[1.535968,43.591041],[1.536133,43.591046],[1.536308,43.591001],[1.536342,43.590996],[1.536898,43.590822],[1.537411,43.590678],[1.537491,43.590677],[1.537652,43.590646],[1.537794,43.590639],[1.537915,43.590629],[1.53803,43.590605],[1.538102,43.590581],[1.538254,43.590587],[1.538304,43.590572],[1.538381,43.590583],[1.538543,43.59063],[1.538725,43.590616],[1.538769,43.590617],[1.538745,43.590603],[1.538662,43.590593],[1.538655,43.590586],[1.538578,43.590569],[1.538388,43.590544],[1.538336,43.590541],[1.538288,43.590542],[1.538259,43.590547],[1.538235,43.590552],[1.538187,43.590569],[1.538132,43.59058],[1.538035,43.590575],[1.538014,43.59057],[1.537973,43.590587],[1.537882,43.590605],[1.537761,43.590624],[1.537626,43.590623],[1.537445,43.590666],[1.537369,43.590672],[1.53732,43.59068],[1.536638,43.590883],[1.536519,43.590923],[1.536462,43.590935],[1.536329,43.590981],[1.536289,43.591001],[1.536251,43.591012],[1.536211,43.591021],[1.536189,43.591022],[1.536136,43.591033],[1.536083,43.591034],[1.536051,43.59103],[1.535962,43.59103],[1.53588,43.591044],[1.535858,43.591051],[1.53572,43.591118],[1.535584,43.591149],[1.535542,43.591157],[1.535473,43.591164],[1.535383,43.591153],[1.53515,43.591146],[1.535057,43.591148],[1.535014,43.591154],[1.534941,43.591146],[1.534858,43.591158],[1.53475,43.59118],[1.534641,43.591211],[1.534531,43.591225],[1.534457,43.591217],[1.534449,43.591222]]]],"type":"MultiPolygon"},"properties":{"zoneCode":"Ri","zoneLabel":"Rouge inondation","zoneColor":"#E2001A","codeZone":"31201200140006","typeReg":"03","libelleZone":"Zone Rouge : Zone dite non Urbanisée et Zone dite Urbanisée - Aléa Fort"}},{"type":"Feature","geometry":{"coordinates":[[[[1.567742,43.579855],[1.567826,43.579732],[1.567852,43.579657],[1.568084,43.579188],[1.56809,43.579173],[1.568056,43.579067],[1.56798,43.579282],[1.567863,43.579498],[1.567825,43.579601],[1.567803,43.579647],[1.567761,43.579718],[1.567676,43.579973],[1.567742,43.579855]]],[[[1.568059,43.578942],[1.568088,43.578897],[1.568073,43.578859],[1.567943,43.57866],[1.567936,43.578604],[1.56796,43.578542],[1.568127,43.578339],[1.568254,43.57817],[1.568327,43.577983],[1.56848,43.577503],[1.568535,43.577408],[1.568582,43.577258],[1.568455,43.577345],[1.568243,43.578029],[1.568242,43.578106],[1.568235,43.578156],[1.568078,43.578319],[1.568007,43.578415],[1.567856,43.57856],[1.567827,43.578603],[1.56782,43.578621],[1.567992,43.578855],[1.568052,43.578967],[1.568059,43.578942]]],[[[1.568701,43.57687],[1.568588,43.577169],[1.568585,43.577246],[1.568701,43.57687]]],[[[1.568936,43.576233],[1.569471,43.575789],[1.569511,43.575747],[1.569032,43.576067],[1.568915,43.576223],[1.568871,43.576296],[1.568855,43.576338],[1.568936,43.576233]]]],"type":"MultiPolygon"},"properties":{"zoneCode":"Ri","zoneLabel":"Rouge inondation","zoneColor":"#E2001A","codeZone":"31201200130019","typeReg":"03","libelleZone":"Zone Rouge : Zone dite non Urbanisée et Zone dite Urbanisée - Aléa Fort"}},{"type":"Feature","geometry":{"coordinates":[[[[1.569634,43.575567],[1.569526,43.575475],[1.569308,43.575243],[1.569176,43.575142],[1.569222,43.575206],[1.569435,43.575383],[1.569448,43.5754],[1.569533,43.57554],[1.569619,43.575588],[1.569634,43.575567]]],[[[1.568808,43.573742],[1.568854,43.573463],[1.568885,43.573166],[1.568987,43.572715],[1.568885,43.572858],[1.568876,43.572891],[1.568872,43.573129],[1.568861,43.573267],[1.568852,43.573337],[1.568793,43.573647],[1.568782,43.573741],[1.568793,43.573821],[1.568815,43.57391],[1.568808,43.573742]]],[[[1.569043,43.571655],[1.568945,43.571524],[1.568726,43.571372],[1.568692,43.571319],[1.568553,43.570817],[1.568629,43.571246],[1.568664,43.571315],[1.568691,43.571352],[1.568715,43.571371],[1.568894,43.571493],[1.568902,43.571502],[1.568955,43.571589],[1.569111,43.571868],[1.569043,43.571655]]]],"type":"MultiPolygon"},"properties":{"zoneCode":"Ri","zoneLabel":"Rouge inondation","zoneColor":"#E2001A","codeZone":"31201200110003","typeReg":"03","libelleZone":"Zone rouge: Zone dite non Urbanisée et zone dite Urbanisée - Aléa fort"}},{"type":"Feature","geometry":{"coordinates":[[[[1.568683,43.569723],[1.568677,43.569713],[1.568686,43.569737],[1.568683,43.569723]]],[[[1.568507,43.569422],[1.568474,43.569345],[1.568528,43.569472],[1.56863,43.569633],[1.568507,43.569422]]],[[[1.568457,43.568843],[1.568437,43.568778],[1.56834,43.568669],[1.568281,43.568638],[1.568305,43.56866],[1.568373,43.568737],[1.568457,43.568873],[1.568457,43.568843]]]],"type":"MultiPolygon"},"properties":{"zoneCode":"Ri","zoneLabel":"Rouge inondation","zoneColor":"#E2001A","codeZone":"31201200110001","typeReg":"03","libelleZone":"Zone rouge: Zone dite non Urbanisée et zone dite Urbanisée - Aléa fort"}},{"type":"Feature","geometry":{"coordinates":[[[[1.565678,43.566844],[1.565579,43.56676],[1.565472,43.566693],[1.565617,43.566857],[1.565796,43.566999],[1.565678,43.566844]]],[[[1.565203,43.566548],[1.564723,43.566396],[1.564473,43.566337],[1.565087,43.566558],[1.565386,43.566645],[1.565203,43.566548]]],[[[1.564098,43.566285],[1.563769,43.56629],[1.56329,43.566317],[1.56316,43.566335],[1.563067,43.566365],[1.562841,43.56651],[1.562641,43.566583],[1.562249,43.566686],[1.560653,43.567261],[1.56012,43.567418],[1.560127,43.567428],[1.560173,43.567415],[1.560574,43.567291],[1.562194,43.56673],[1.562342,43.566682],[1.562782,43.56655],[1.562828,43.566532],[1.562962,43.56647],[1.56319,43.566349],[1.563249,43.566329],[1.563325,43.566318],[1.563509,43.566312],[1.564286,43.566302],[1.564098,43.566285]]]],"type":"MultiPolygon"},"properties":{"zoneCode":"Ri","zoneLabel":"Rouge inondation","zoneColor":"#E2001A","codeZone":"31201200170017","typeReg":"03","libelleZone":"Zone rouge: Zone dite non Urbanisée et zone dite Urbanisée - Aléa fort"}}]}